{"type":"FeatureCollection","features":[{"type":"Feature","geometry":{"type":"Point","coordinates":[77.5859726,13.1023262]},"properties":{"name":"Escorts Yelahanka Road","operator":"BMTC","osm_id":17327417}},{"type":"Feature","geometry":{"type":"Point","coordinates":[77.6029825,12.9698611]},"properties":{"name":"St. Joseph's College","operator":"BMTC","osm_id":60952264}},{"type":"Feature","geometry":{"type":"Point","coordinates":[77.5079205,12.9723136]},"properties":{"name":"Papareddy Palya","operator":"BMTC","osm_id":62053599}},{"type":"Feature","geometry":{"type":"Point","coordinates":[77.5094207,12.9751302]},"properties":{"name":"Aladamara","operator":"BMTC","osm_id":62053620}},{"type":"Feature","geometry":{"type":"Point","coordinates":[77.5106479,12.9795534]},"properties":{"name":"Nagarabhavi BDA Complex","operator":"BMTC","osm_id":62053636}},{"type":"Feature","geometry":{"type":"Point","coordinates":[77.5079442,12.9721349]},"properties":{"name":"Papareddypalya","operator":"BMTC","osm_id":62053719}},{"type":"Feature","geometry":{"type":"Point","coordinates":[77.5096764,12.9753322]},"properties":{"name":"Aladamara Papareddypalya","operator":"BMTC","osm_id":62053750}},{"type":"Feature","geometry":{"type":"Point","coordinates":[77.5107547,12.9796102]},"properties":{"name":"Nagarabhavi BDA Complex","operator":"BMTC","osm_id":62053772}},{"type":"Feature","geometry":{"type":"Point","coordinates":[77.5091394,12.9697447]},"properties":{"name":"Nagarabhavi 9th Block","operator":"BMTC","osm_id":62056921}},{"type":"Feature","geometry":{"type":"Point","coordinates":[77.5098771,12.9611226]},"properties":{"name":"NGEF Layout","operator":"BMTC","osm_id":62056953}},{"type":"Feature","geometry":{"type":"Point","coordinates":[77.5074459,12.9607472]},"properties":{"name":"Vinayaka Layout Bus Stop","operator":"BMTC","osm_id":62056965}},{"type":"Feature","geometry":{"type":"Point","coordinates":[77.504936,12.9604446]},"properties":{"name":"Ambedkar College","operator":"my college rote","osm_id":62056980}},{"type":"Feature","geometry":{"type":"Point","coordinates":[77.5030961,12.9571672]},"properties":{"name":"Mallathalli Cross","operator":"BMTC","osm_id":66626034}},{"type":"Feature","geometry":{"type":"Point","coordinates":[77.4997107,12.9517746]},"properties":{"name":"Bangalore University Quarters","operator":"BMTC","osm_id":66626051}},{"type":"Feature","geometry":{"type":"Point","coordinates":[77.4955665,12.9452578]},"properties":{"name":"Mariyappanapalya","operator":"BMTC","osm_id":66626086}},{"type":"Feature","geometry":{"type":"Point","coordinates":[77.4936019,12.941617]},"properties":{"name":"Kenchapura Cross","operator":"BMTC","osm_id":66626102}},{"type":"Feature","geometry":{"type":"Point","coordinates":[77.4878839,12.9319209]},"properties":{"name":"Shirke KHB Quarters","operator":"BMTC","osm_id":66626164}},{"type":"Feature","geometry":{"type":"Point","coordinates":[77.4804738,12.9115964]},"properties":{"name":"Kengeri Ganesha Temple","operator":"BMTC","osm_id":66666495}},{"type":"Feature","geometry":{"type":"Point","coordinates":[77.4740266,12.9069538]},"properties":{"name":"BMTC Depot-12 Gate","operator":"BMTC","osm_id":66666554}},{"type":"Feature","geometry":{"type":"Point","coordinates":[77.6045397,12.9523885]},"properties":{"name":"Anepalya","operator":"BMTC","osm_id":247991562}},{"type":"Feature","geometry":{"type":"Point","coordinates":[77.5418887,12.9059216]},"properties":{"name":"Utharahalli Circle","operator":"BMTC","osm_id":248615894}},{"type":"Feature","geometry":{"type":"Point","coordinates":[77.4991719,12.9253246]},"properties":{"name":"RV College","operator":"BMTC","osm_id":248677023}},{"type":"Feature","geometry":{"type":"Point","coordinates":[77.4819132,12.9104413]},"properties":{"name":"Kengeri Police Station","operator":"BMTC","osm_id":248677254}},{"type":"Feature","geometry":{"type":"Point","coordinates":[77.5735761,12.9178645]},"properties":{"name":"Banashankari BMTC","operator":"BMTC","osm_id":248680029}},{"type":"Feature","geometry":{"type":"Point","coordinates":[77.5663055,12.947308]},"properties":{"name":"Kohinoor Ground","operator":"BMTC","osm_id":248838952}},{"type":"Feature","geometry":{"type":"Point","coordinates":[77.6117556,12.9843505]},"properties":{"name":"Naga Talkies","operator":"BMTC","osm_id":249082241}},{"type":"Feature","geometry":{"type":"Point","coordinates":[77.5972227,12.9934767]},"properties":{"name":"Cantonment Railway Station","operator":"BMTC","osm_id":249082830}},{"type":"Feature","geometry":{"type":"Point","coordinates":[77.5436416,12.9539007]},"properties":{"name":"MCTC Bus Stand","operator":"BMTC","osm_id":249083662}},{"type":"Feature","geometry":{"type":"Point","coordinates":[77.5635002,12.9758097]},"properties":{"name":"Magadi Road 1st Cross","operator":"BMTC","osm_id":249084526}},{"type":"Feature","geometry":{"type":"Point","coordinates":[77.5821246,12.9723865]},"properties":{"name":"Mysore Bank","operator":"BMTC","osm_id":249087970}},{"type":"Feature","geometry":{"type":"Point","coordinates":[77.5767721,12.9531166]},"properties":{"name":"Sajjan Rao Circle","operator":"BMTC","osm_id":249141343}},{"type":"Feature","geometry":{"type":"Point","coordinates":[77.546516,12.9560697]},"properties":{"name":"New Guddadahalli","operator":"BMTC","osm_id":249589952}},{"type":"Feature","geometry":{"type":"Point","coordinates":[77.5675801,12.9320356]},"properties":{"name":"Thyagaraja Nagar","operator":"BMTC","osm_id":249776275}},{"type":"Feature","geometry":{"type":"Point","coordinates":[77.569261,12.9198852]},"properties":{"name":"Kaveri Nagara","operator":"BMTC","osm_id":249842964}},{"type":"Feature","geometry":{"type":"Point","coordinates":[77.6762486,13.0003856]},"properties":{"name":"KR Puram Railway Station","operator":"BMTC","osm_id":251082967}},{"type":"Feature","geometry":{"type":"Point","coordinates":[77.6759082,12.9565103]},"properties":{"name":"Helicopter Division","operator":"BMTC","osm_id":251099560}},{"type":"Feature","geometry":{"type":"Point","coordinates":[77.7182222,12.9652276]},"properties":{"name":"Cosmos","operator":"BMTC","osm_id":251103708}},{"type":"Feature","geometry":{"type":"Point","coordinates":[77.7150021,12.9775585]},"properties":{"name":"SAP ITPL","operator":"BMTC","osm_id":251104654}},{"type":"Feature","geometry":{"type":"Point","coordinates":[77.6210343,12.9669876]},"properties":{"name":"Military Accounts Office","operator":"BMTC","osm_id":251146210}},{"type":"Feature","geometry":{"type":"Point","coordinates":[77.5269388,13.0352642]},"properties":{"name":"Peenya 1st stage","operator":"BMTC","osm_id":251360729}},{"type":"Feature","geometry":{"type":"Point","coordinates":[77.7564518,12.9920375]},"properties":{"name":"Prajwal School","operator":"BMTC","osm_id":253455822}},{"type":"Feature","geometry":{"type":"Point","coordinates":[77.6659653,12.960813]},"properties":{"name":"HAL Market","operator":"BMTC","osm_id":253518983}},{"type":"Feature","geometry":{"type":"Point","coordinates":[77.6195628,12.9706175]},"properties":{"name":"Trinity Circle","operator":"BMTC","osm_id":253890237}},{"type":"Feature","geometry":{"type":"Point","coordinates":[77.5871188,12.9827325]},"properties":{"name":"Telephone Exchange AGO, Vasantha Nagara","operator":"BMTC","osm_id":254665627}},{"type":"Feature","geometry":{"type":"Point","coordinates":[77.6239627,12.9345847]},"properties":{"name":"Canara Bank Koramangala","operator":"BMTC","osm_id":254923713}},{"type":"Feature","geometry":{"type":"Point","coordinates":[77.6508281,12.9725701]},"properties":{"name":"Tippasandra Market","operator":"BMTC","osm_id":255558064}},{"type":"Feature","geometry":{"type":"Point","coordinates":[77.6288623,12.9241419]},"properties":{"name":"Krupanidhi College","operator":"BMTC","osm_id":260911861}},{"type":"Feature","geometry":{"type":"Point","coordinates":[77.6600262,12.8410319]},"properties":{"name":"Wipro Gate","operator":"BMTC","osm_id":264191750}},{"type":"Feature","geometry":{"type":"Point","coordinates":[77.6724875,12.8863586]},"properties":{"name":"KSRP Training Centre","operator":"BMTC","osm_id":264845794}},{"type":"Feature","geometry":{"type":"Point","coordinates":[77.6506325,12.9245011]},"properties":{"name":"Agara","operator":"BMTC","osm_id":266323140}},{"type":"Feature","geometry":{"type":"Point","coordinates":[77.6564143,12.8347115]},"properties":{"name":"Bus Stop","operator":"BMTC","osm_id":267111272}},{"type":"Feature","geometry":{"type":"Point","coordinates":[77.6695326,12.9187985]},"properties":{"name":"Bellanduru Gate","operator":"BMTC","osm_id":267212842}},{"type":"Feature","geometry":{"type":"Point","coordinates":[77.5819244,12.8676135]},"properties":{"name":"Surabhi Layout","operator":"BMTC","osm_id":272710466}},{"type":"Feature","geometry":{"type":"Point","coordinates":[77.5818684,12.8675421]},"properties":{"name":"Surabhi Layout","operator":"BMTC","osm_id":272710467}},{"type":"Feature","geometry":{"type":"Point","coordinates":[77.5810417,12.8656785]},"properties":{"name":"Jambu Savari Dinne","operator":"BMTC","osm_id":272710482}},{"type":"Feature","geometry":{"type":"Point","coordinates":[77.5767089,12.8685299]},"properties":{"name":"Royal Layout","operator":"BMTC","osm_id":272710511}},{"type":"Feature","geometry":{"type":"Point","coordinates":[77.5732065,12.8740314]},"properties":{"name":"Sarathi Nagara","operator":"BMTC","osm_id":272710541}},{"type":"Feature","geometry":{"type":"Point","coordinates":[77.5670619,12.876373]},"properties":{"name":"Glass Factory","operator":"BMTC","osm_id":272710577}},{"type":"Feature","geometry":{"type":"Point","coordinates":[77.5661611,12.8829627]},"properties":{"name":"Konanakunte Reliance Fresh","operator":"BMTC","osm_id":272710629}},{"type":"Feature","geometry":{"type":"Point","coordinates":[77.5668298,12.8854474]},"properties":{"name":"Konanakunte","operator":"BMTC","osm_id":272710649}},{"type":"Feature","geometry":{"type":"Point","coordinates":[77.5841504,12.8745483]},"properties":{"name":"Water Tank Kothnuru Dinne","operator":"BMTC","osm_id":272717124}},{"type":"Feature","geometry":{"type":"Point","coordinates":[77.5840405,12.8769496]},"properties":{"name":"Kothnuru Dinne","operator":"BMTC","osm_id":272717134}},{"type":"Feature","geometry":{"type":"Point","coordinates":[77.5925984,13.0496616]},"properties":{"name":"Kempapura Hebbala","operator":"BMTC","osm_id":278163316}},{"type":"Feature","geometry":{"type":"Point","coordinates":[77.6079633,13.1170056]},"properties":{"name":"Palanahalli Gate","operator":"BMTC","osm_id":278163456}},{"type":"Feature","geometry":{"type":"Point","coordinates":[77.5839209,12.9998922]},"properties":{"name":"RM Guttahalli","operator":"BMTC","osm_id":286257700}},{"type":"Feature","geometry":{"type":"Point","coordinates":[77.6142554,12.9793859]},"properties":{"name":"Hasanath College","operator":"BMTC","osm_id":287905435}},{"type":"Feature","geometry":{"type":"Point","coordinates":[77.7351029,13.0364082]},"properties":{"name":"Avalahalli","operator":"BMTC","osm_id":288860407}},{"type":"Feature","geometry":{"type":"Point","coordinates":[77.5107392,12.8432537]},"properties":{"name":"Tataguni","operator":"BMTC","osm_id":292563720}},{"type":"Feature","geometry":{"type":"Point","coordinates":[77.4942945,12.8440238]},"properties":{"name":"KEB Office Kaggalipura","operator":"BMTC","osm_id":292563936}},{"type":"Feature","geometry":{"type":"Point","coordinates":[77.4870329,12.8443568]},"properties":{"name":"Agara","operator":"BMTC","osm_id":292564012}},{"type":"Feature","geometry":{"type":"Point","coordinates":[77.4837859,12.8422314]},"properties":{"name":"Hosapallya","operator":"BMTC","osm_id":292564031}},{"type":"Feature","geometry":{"type":"Point","coordinates":[77.4653322,12.8568358]},"properties":{"name":"Devagere Colony","operator":"BMTC","osm_id":292564076}},{"type":"Feature","geometry":{"type":"Point","coordinates":[77.4610162,12.8481674]},"properties":{"name":"Bgs College,B.G.S.International School","operator":"BMTC","osm_id":292564924}},{"type":"Feature","geometry":{"type":"Point","coordinates":[77.7420259,12.9201794]},"properties":{"name":"Gunjuru Hosahalli","operator":"BMTC","osm_id":292565769}},{"type":"Feature","geometry":{"type":"Point","coordinates":[77.765801,12.9152227]},"properties":{"name":"Kathruguppe","operator":"BMTC","osm_id":292566021}},{"type":"Feature","geometry":{"type":"Point","coordinates":[77.6256288,13.0122527]},"properties":{"name":"Lingarajapuram","operator":"BMTC","osm_id":296029985}},{"type":"Feature","geometry":{"type":"Point","coordinates":[77.6166917,13.0022377]},"properties":{"name":"Clarence School","operator":"BMTC","osm_id":296030032}},{"type":"Feature","geometry":{"type":"Point","coordinates":[77.6118531,12.9698902]},"properties":{"name":"Hosmat Hospital","operator":"BMTC","osm_id":296030070}},{"type":"Feature","geometry":{"type":"Point","coordinates":[77.6435762,12.9604628]},"properties":{"name":"Domlur Flyover","operator":"BMTC","osm_id":298815411}},{"type":"Feature","geometry":{"type":"Point","coordinates":[77.6747733,12.9568779]},"properties":{"name":"Helicopter Division","operator":"BMTC","osm_id":298831024}},{"type":"Feature","geometry":{"type":"Point","coordinates":[77.5860389,12.9291007]},"properties":{"name":"Jayanagara 4th Block","operator":"BMTC","osm_id":303921150}},{"type":"Feature","geometry":{"type":"Point","coordinates":[77.6299274,12.9240905]},"properties":{"name":"John Fowler","operator":"BMTC","osm_id":303933269}},{"type":"Feature","geometry":{"type":"Point","coordinates":[77.6342492,12.9248167]},"properties":{"name":"1st Block Koramangala","operator":"BMTC","osm_id":303933282}},{"type":"Feature","geometry":{"type":"Point","coordinates":[77.77196,12.8622209]},"properties":{"name":"Sompura Gate","operator":"BMTC","osm_id":307388565}},{"type":"Feature","geometry":{"type":"Point","coordinates":[77.6105348,12.9222089]},"properties":{"name":"Tavarekere Aladamara","operator":"BMTC","osm_id":307407266}},{"type":"Feature","geometry":{"type":"Point","coordinates":[77.7428116,12.932928]},"properties":{"name":"KK School, Varthur","operator":"BMTC","osm_id":307937880}},{"type":"Feature","geometry":{"type":"Point","coordinates":[77.7470469,12.9421116]},"properties":{"name":"Varthuru","operator":"BMTC","osm_id":307938594}},{"type":"Feature","geometry":{"type":"Point","coordinates":[77.7568868,13.0044388]},"properties":{"name":"Belathuru","operator":"BMTC","osm_id":307941865}},{"type":"Feature","geometry":{"type":"Point","coordinates":[77.761543,13.0247842]},"properties":{"name":"Sai Lakshmi Factory","operator":"BMTC","osm_id":307941882}},{"type":"Feature","geometry":{"type":"Point","coordinates":[77.7620152,13.0533535]},"properties":{"name":"Kattumnallur Gate","operator":"BMTC","osm_id":307941901}},{"type":"Feature","geometry":{"type":"Point","coordinates":[77.5269422,12.9581731]},"properties":{"name":"Chandra Layout","operator":"BMTC","osm_id":308063845}},{"type":"Feature","geometry":{"type":"Point","coordinates":[77.5217937,12.9593821]},"properties":{"name":"Jyothi Nagara","operator":"BMTC","osm_id":308063850}},{"type":"Feature","geometry":{"type":"Point","coordinates":[77.5110793,12.9488494]},"properties":{"name":"Gandhi Bhavan","operator":"BMTC","osm_id":308063952}},{"type":"Feature","geometry":{"type":"Point","coordinates":[77.4923596,12.9514665]},"properties":{"name":"Press Layout Ullal Road","operator":"BMTC","osm_id":308064422}},{"type":"Feature","geometry":{"type":"Point","coordinates":[77.4867329,12.9507573]},"properties":{"name":"Vidyanikethan Public School","operator":"BMTC","osm_id":308064430}},{"type":"Feature","geometry":{"type":"Point","coordinates":[77.4841408,12.9526755]},"properties":{"name":"Manganahalli Cross","operator":"BMTC","osm_id":308064439}},{"type":"Feature","geometry":{"type":"Point","coordinates":[77.5167128,12.9593813]},"properties":{"name":"Nagarabhavi Village","operator":"BMTC","osm_id":308065331}},{"type":"Feature","geometry":{"type":"Point","coordinates":[77.4746339,12.9223672]},"properties":{"name":"Beedi Karmikara Colony Gate","operator":"BMTC","osm_id":308067272}},{"type":"Feature","geometry":{"type":"Point","coordinates":[77.4728741,12.9234006]},"properties":{"name":"Kengeri Club","operator":"BMTC","osm_id":308067274}},{"type":"Feature","geometry":{"type":"Point","coordinates":[77.4653413,12.9296969]},"properties":{"name":"Kommaghatta","operator":"BMTC","osm_id":308067308}},{"type":"Feature","geometry":{"type":"Point","coordinates":[77.4615695,12.9325343]},"properties":{"name":"Ramasandra Cross","operator":"BMTC","osm_id":308067327}},{"type":"Feature","geometry":{"type":"Point","coordinates":[77.4826274,12.9850752]},"properties":{"name":"Byadarahalli","operator":"BMTC","osm_id":308069135}},{"type":"Feature","geometry":{"type":"Point","coordinates":[77.5145343,12.987868]},"properties":{"name":"Kottige Palya","operator":"BMTC","osm_id":308069169}},{"type":"Feature","geometry":{"type":"Point","coordinates":[77.5292847,12.9838135]},"properties":{"name":"Kamakshipalya","operator":"BMTC","osm_id":308069202}},{"type":"Feature","geometry":{"type":"Point","coordinates":[77.5294589,13.0208584]},"properties":{"name":"Devasthana","operator":"BMTC","osm_id":308072380}},{"type":"Feature","geometry":{"type":"Point","coordinates":[77.5216866,13.02371]},"properties":{"name":"Rajagopalanagara Police Station","operator":"BMTC","osm_id":308072402}},{"type":"Feature","geometry":{"type":"Point","coordinates":[77.5306036,13.0533332]},"properties":{"name":"Jalahalli West","operator":"BMTC","osm_id":308072821}},{"type":"Feature","geometry":{"type":"Point","coordinates":[77.5400092,13.0544834]},"properties":{"name":"Fathima Church","operator":"BMTC","osm_id":308072850}},{"type":"Feature","geometry":{"type":"Point","coordinates":[77.5457455,13.0412807]},"properties":{"name":"ASC Supply Point","operator":"BMTC","osm_id":308074433}},{"type":"Feature","geometry":{"type":"Point","coordinates":[77.5690797,13.0468096]},"properties":{"name":"Devi Nagara","operator":"BMTC","osm_id":308075180}},{"type":"Feature","geometry":{"type":"Point","coordinates":[77.5116928,12.9859865]},"properties":{"name":"Vokkaligara School","operator":"BMTC","osm_id":308184451}},{"type":"Feature","geometry":{"type":"Point","coordinates":[77.5111646,12.9854461]},"properties":{"name":"Vokkaligara School","operator":"BMTC","osm_id":308184554}},{"type":"Feature","geometry":{"type":"Point","coordinates":[77.5390081,13.0906208]},"properties":{"name":"Kanshiram Nagar","operator":"BMTC","osm_id":308185400}},{"type":"Feature","geometry":{"type":"Point","coordinates":[77.5147156,13.133825]},"properties":{"name":"Shivakote","operator":"BMTC","osm_id":308185555}},{"type":"Feature","geometry":{"type":"Point","coordinates":[77.4652831,12.9772628]},"properties":{"name":"Yale Kodigehalli","operator":"BMTC","osm_id":308187260}},{"type":"Feature","geometry":{"type":"Point","coordinates":[77.4801,12.9823496]},"properties":{"name":"Bharath Nagara 1st Phase","operator":"BMTC","osm_id":308187548}},{"type":"Feature","geometry":{"type":"Point","coordinates":[77.6178913,13.0818733]},"properties":{"name":"Sampigehalli","operator":"BMTC","osm_id":308218318}},{"type":"Feature","geometry":{"type":"Point","coordinates":[77.6170849,13.104198]},"properties":{"name":"Kogilu","operator":"BMTC","osm_id":308218359}},{"type":"Feature","geometry":{"type":"Point","coordinates":[77.6228795,13.1035997]},"properties":{"name":"Srinivasapura Cross","operator":"BMTC","osm_id":308218366}},{"type":"Feature","geometry":{"type":"Point","coordinates":[77.628912,13.1025966]},"properties":{"name":"Ittige Factory","operator":"BMTC","osm_id":308218371}},{"type":"Feature","geometry":{"type":"Point","coordinates":[77.6364044,13.1013059]},"properties":{"name":"Bellahalli Cross","operator":"BMTC","osm_id":308218377}},{"type":"Feature","geometry":{"type":"Point","coordinates":[77.6417679,13.0992922]},"properties":{"name":"Bella Halli","operator":"BMTC","osm_id":308218384}},{"type":"Feature","geometry":{"type":"Point","coordinates":[77.6714353,13.1420265]},"properties":{"name":"Bagalur Colony","operator":"BMTC","osm_id":308219388}},{"type":"Feature","geometry":{"type":"Point","coordinates":[77.7384202,13.0822133]},"properties":{"name":"Mandooru","operator":"BMTC","osm_id":308220124}},{"type":"Feature","geometry":{"type":"Point","coordinates":[77.5882426,13.0994756]},"properties":{"name":"Sheshadripuram College","operator":"BMTC","osm_id":308229558}},{"type":"Feature","geometry":{"type":"Point","coordinates":[77.5979706,13.1000357]},"properties":{"name":"Yelahanka","operator":"BMTC","osm_id":308231131}},{"type":"Feature","geometry":{"type":"Point","coordinates":[77.5794716,13.0782136]},"properties":{"name":"GKVK Library","operator":"BMTC","osm_id":308231318}},{"type":"Feature","geometry":{"type":"Point","coordinates":[77.5600191,13.0685251]},"properties":{"name":"Nanjappa Circle","operator":"BMTC","osm_id":308231591}},{"type":"Feature","geometry":{"type":"Point","coordinates":[77.5596849,13.0647746]},"properties":{"name":"Chamundeshwari Layout","operator":"BMTC","osm_id":308231595}},{"type":"Feature","geometry":{"type":"Point","coordinates":[77.5619055,13.0262678]},"properties":{"name":"Diwanarapalya","operator":"BMTC","osm_id":308231946}},{"type":"Feature","geometry":{"type":"Point","coordinates":[77.5516458,13.0116837]},"properties":{"name":"ISKCON Temple","operator":"BMTC","osm_id":308232353}},{"type":"Feature","geometry":{"type":"Point","coordinates":[77.5332043,12.9611192]},"properties":{"name":"Income Tax Layout","operator":"BMTC","osm_id":308232640}},{"type":"Feature","geometry":{"type":"Point","coordinates":[77.5375885,12.9718716]},"properties":{"name":"Vijayanagara","operator":"BMTC","osm_id":308232838}},{"type":"Feature","geometry":{"type":"Point","coordinates":[77.5485632,13.0074112]},"properties":{"name":"Mahalakshmi Layout Entarence","operator":"BMTC","osm_id":308232879}},{"type":"Feature","geometry":{"type":"Point","coordinates":[77.6134348,13.0087731]},"properties":{"name":"Periyar Nagara Circle","operator":"BMTC","osm_id":308238279}},{"type":"Feature","geometry":{"type":"Point","coordinates":[77.6151919,13.0106546]},"properties":{"name":"Muslim Colony","operator":"BMTC","osm_id":308238281}},{"type":"Feature","geometry":{"type":"Point","coordinates":[77.6174535,13.015234]},"properties":{"name":"Venkateshapura","operator":"BMTC","osm_id":308238283}},{"type":"Feature","geometry":{"type":"Point","coordinates":[77.6175909,13.0157181]},"properties":{"name":"Venkateshapura","operator":"BMTC","osm_id":308238284}},{"type":"Feature","geometry":{"type":"Point","coordinates":[77.6208765,13.0300103]},"properties":{"name":"Arabic College","operator":"BMTC","osm_id":308238295}},{"type":"Feature","geometry":{"type":"Point","coordinates":[77.622515,13.0339172]},"properties":{"name":"Glass Factory","operator":"BMTC","osm_id":308238297}},{"type":"Feature","geometry":{"type":"Point","coordinates":[77.6233891,13.0379362]},"properties":{"name":"Nagavara","operator":"BMTC","osm_id":308238302}},{"type":"Feature","geometry":{"type":"Point","coordinates":[77.7749366,13.1352945]},"properties":{"name":"Hasigala","operator":"BMTC","osm_id":308283394}},{"type":"Feature","geometry":{"type":"Point","coordinates":[77.6181063,13.1212335]},"properties":{"name":"Dwaraka Nagara","operator":"BMTC","osm_id":308449286}},{"type":"Feature","geometry":{"type":"Point","coordinates":[77.6680648,13.1348178]},"properties":{"name":"Bagalur (Towards Hoovinayakanahalli)","operator":"BMTC","osm_id":308449515}},{"type":"Feature","geometry":{"type":"Point","coordinates":[77.6876742,13.1327607]},"properties":{"name":"Gopalapura","operator":"BMTC","osm_id":308449531}},{"type":"Feature","geometry":{"type":"Point","coordinates":[77.7047089,13.1324454]},"properties":{"name":"Maralakunte","operator":"BMTC","osm_id":308449550}},{"type":"Feature","geometry":{"type":"Point","coordinates":[77.7838298,12.9968756]},"properties":{"name":"Koraluru","operator":"BMTC","osm_id":308465857}},{"type":"Feature","geometry":{"type":"Point","coordinates":[77.7620717,13.0608885]},"properties":{"name":"Huskur","operator":"BMTC","osm_id":308517615}},{"type":"Feature","geometry":{"type":"Point","coordinates":[77.7510339,13.0936867]},"properties":{"name":"Hancharahalli","operator":"BMTC","osm_id":308518058}},{"type":"Feature","geometry":{"type":"Point","coordinates":[77.5603008,13.0838676]},"properties":{"name":"Vidyaranyapura","operator":"BMTC","osm_id":308715187}},{"type":"Feature","geometry":{"type":"Point","coordinates":[77.583999,12.9336915]},"properties":{"name":"3rd Block Jayanagara","operator":"BMTC","osm_id":308809874}},{"type":"Feature","geometry":{"type":"Point","coordinates":[77.6037357,12.9086939]},"properties":{"name":"Nayanappa Shettipalya","operator":"BMTC","osm_id":308873961}},{"type":"Feature","geometry":{"type":"Point","coordinates":[77.6168963,12.9194378]},"properties":{"name":"Jai Bheema Nagara","operator":"BMTC","osm_id":308875509}},{"type":"Feature","geometry":{"type":"Point","coordinates":[77.5981785,12.9388385]},"properties":{"name":"NIMHANS Hospital","operator":"BMTC","osm_id":308922692}},{"type":"Feature","geometry":{"type":"Point","coordinates":[77.6029747,12.9443605]},"properties":{"name":"MICO Gate","operator":"BMTC","osm_id":308923503}},{"type":"Feature","geometry":{"type":"Point","coordinates":[77.5739265,12.9941182]},"properties":{"name":"Link Road","operator":"BMTC","osm_id":316660381}},{"type":"Feature","geometry":{"type":"Point","coordinates":[77.6468477,12.959948]},"properties":{"name":"Kodihalli","operator":"BMTC","osm_id":316997347}},{"type":"Feature","geometry":{"type":"Point","coordinates":[77.5768931,12.9642064]},"properties":{"name":"KR Market","operator":"BMTC","osm_id":320647365}},{"type":"Feature","geometry":{"type":"Point","coordinates":[77.6034132,13.0688336]},"properties":{"name":"Jakkur 18th Cross","operator":"BMTC","osm_id":324663010}},{"type":"Feature","geometry":{"type":"Point","coordinates":[77.6016847,13.0695751]},"properties":{"name":"Jakkur Layout","operator":"BMTC","osm_id":324663015}},{"type":"Feature","geometry":{"type":"Point","coordinates":[77.6007336,13.0656864]},"properties":{"name":"Amrutahalli","operator":"BMTC","osm_id":324663022}},{"type":"Feature","geometry":{"type":"Point","coordinates":[77.5959473,13.0665976]},"properties":{"name":"SBM ATM","operator":"BMTC","osm_id":324663030}},{"type":"Feature","geometry":{"type":"Point","coordinates":[77.6118696,13.0500885]},"properties":{"name":"Mariyappana Palya","operator":"BMTC","osm_id":324663061}},{"type":"Feature","geometry":{"type":"Point","coordinates":[77.7212545,12.9768663]},"properties":{"name":"KTPO","operator":"BMTC","osm_id":325106931}},{"type":"Feature","geometry":{"type":"Point","coordinates":[77.6412492,12.9550697]},"properties":{"name":"Domlur Herohonda Stop","operator":"BMTC","osm_id":325156622}},{"type":"Feature","geometry":{"type":"Point","coordinates":[77.7055427,12.9928984]},"properties":{"name":"Bhoruka Steel","operator":"BMTC","osm_id":325204244}},{"type":"Feature","geometry":{"type":"Point","coordinates":[77.6154297,13.1312714]},"properties":{"name":"I. A. F. GATE","operator":"BMTC","osm_id":332954390}},{"type":"Feature","geometry":{"type":"Point","coordinates":[77.6400341,13.0001817]},"properties":{"name":"Sathyanagara","operator":"BMTC","osm_id":333512357}},{"type":"Feature","geometry":{"type":"Point","coordinates":[77.6440476,12.9946486]},"properties":{"name":"Old Bayappanahalli","operator":"BMTC","osm_id":333512485}},{"type":"Feature","geometry":{"type":"Point","coordinates":[77.6536054,13.0196848]},"properties":{"name":"Horamavu Petrol Bunk","operator":"BMTC","osm_id":335648274}},{"type":"Feature","geometry":{"type":"Point","coordinates":[77.6439026,13.0390351]},"properties":{"name":"Hennur","operator":"BMTC","osm_id":335654108}},{"type":"Feature","geometry":{"type":"Point","coordinates":[77.646528,13.0386319]},"properties":{"name":"Vaddarapalya","operator":"BMTC","osm_id":335654343}},{"type":"Feature","geometry":{"type":"Point","coordinates":[77.6515996,12.9919374]},"properties":{"name":"Baiyappanahalli Metro Station Back Gate","operator":"BMTC","osm_id":340406557}},{"type":"Feature","geometry":{"type":"Point","coordinates":[77.6387258,13.0059596]},"properties":{"name":"Indian Oil","operator":"BMTC","osm_id":343304434}},{"type":"Feature","geometry":{"type":"Point","coordinates":[77.6442798,13.0099761]},"properties":{"name":"Maruthi School","operator":"BMTC","osm_id":343304441}},{"type":"Feature","geometry":{"type":"Point","coordinates":[77.6563527,12.9807706]},"properties":{"name":"Bagmane Tech Park","operator":"BMTC","osm_id":343324577}},{"type":"Feature","geometry":{"type":"Point","coordinates":[77.6537003,13.0199271]},"properties":{"name":"Horamavu Petrol Bunk","operator":"BMTC","osm_id":343336128}},{"type":"Feature","geometry":{"type":"Point","coordinates":[77.6683898,13.0308231]},"properties":{"name":"Sun Shine School","operator":"BMTC","osm_id":343338288}},{"type":"Feature","geometry":{"type":"Point","coordinates":[77.6747423,13.0336876]},"properties":{"name":"Kalkere","operator":"BMTC","osm_id":343338297}},{"type":"Feature","geometry":{"type":"Point","coordinates":[77.6747398,13.0337338]},"properties":{"name":"Kalkere","operator":"BMTC","osm_id":343338298}},{"type":"Feature","geometry":{"type":"Point","coordinates":[77.5717624,12.9781831]},"properties":{"name":"Platform 28A","operator":"BMTC","osm_id":347295628}},{"type":"Feature","geometry":{"type":"Point","coordinates":[77.5730556,12.9783665]},"properties":{"name":"Platform 23","operator":"BMTC","osm_id":347295648}},{"type":"Feature","geometry":{"type":"Point","coordinates":[77.7124354,12.9296475]},"properties":{"name":"Panathuru Dinne","operator":"BMTC","osm_id":347998968}},{"type":"Feature","geometry":{"type":"Point","coordinates":[77.6270198,13.0144946]},"properties":{"name":"Chandrika Soap Factory","operator":"BMTC","osm_id":353187806}},{"type":"Feature","geometry":{"type":"Point","coordinates":[77.6324005,13.0276245]},"properties":{"name":"Hennur Junction","operator":"BMTC","osm_id":353187819}},{"type":"Feature","geometry":{"type":"Point","coordinates":[77.6517137,13.0564988]},"properties":{"name":"Byrathi","operator":"BMTC","osm_id":355840242}},{"type":"Feature","geometry":{"type":"Point","coordinates":[77.6739661,13.0709002]},"properties":{"name":"Dodda Gubbi","operator":"BMTC","osm_id":355848134}},{"type":"Feature","geometry":{"type":"Point","coordinates":[77.5722288,13.0219498]},"properties":{"name":"CPRI Quarters","operator":"BMTC","osm_id":374216503}},{"type":"Feature","geometry":{"type":"Point","coordinates":[77.5726083,13.0464805]},"properties":{"name":"Patalappa Layout","operator":"BMTC","osm_id":374216790}},{"type":"Feature","geometry":{"type":"Point","coordinates":[77.5734716,12.9014849]},"properties":{"name":"Jaraganahalli Cross","operator":"BMTC","osm_id":382803182}},{"type":"Feature","geometry":{"type":"Point","coordinates":[77.5720595,12.8921358]},"properties":{"name":"Ganapathipura","operator":"BMTC","osm_id":382826644}},{"type":"Feature","geometry":{"type":"Point","coordinates":[77.6233589,13.0579435]},"properties":{"name":"Rachenahalli","operator":"BMTC","osm_id":387555068}},{"type":"Feature","geometry":{"type":"Point","coordinates":[77.6233682,13.0580205]},"properties":{"name":"Rachenahalli","operator":"BMTC","osm_id":387555071}},{"type":"Feature","geometry":{"type":"Point","coordinates":[77.5327174,12.8642963]},"properties":{"name":"Vajramuneshwara Gate","operator":"BMTC","osm_id":388463954}},{"type":"Feature","geometry":{"type":"Point","coordinates":[77.5433865,12.8754279]},"properties":{"name":"Byana Palya, Vajarahalli","operator":"BMTC","osm_id":388463964}},{"type":"Feature","geometry":{"type":"Point","coordinates":[77.5178602,12.8426053]},"properties":{"name":"Kuppa Reddy Kere","operator":"BMTC","osm_id":388469089}},{"type":"Feature","geometry":{"type":"Point","coordinates":[77.5220679,12.8491937]},"properties":{"name":"Chinnayyanapalya Silk Farm","operator":"BMTC","osm_id":388469098}},{"type":"Feature","geometry":{"type":"Point","coordinates":[77.5220958,12.8490827]},"properties":{"name":"Chinnayyanapalya Silk Farm","operator":"BMTC","osm_id":388469099}},{"type":"Feature","geometry":{"type":"Point","coordinates":[77.5234663,12.8538203]},"properties":{"name":"Silk Farm","operator":"BMTC","osm_id":388469108}},{"type":"Feature","geometry":{"type":"Point","coordinates":[77.5160345,12.8367727]},"properties":{"name":"Shanimahathma Temple","operator":"BMTC","osm_id":388469690}},{"type":"Feature","geometry":{"type":"Point","coordinates":[77.6113853,13.0679383]},"properties":{"name":"Jawaharlal Nehru Research Centre","operator":"BMTC","osm_id":391881031}},{"type":"Feature","geometry":{"type":"Point","coordinates":[77.6199862,13.0659006]},"properties":{"name":"Srirampura","operator":"BMTC","osm_id":391881057}},{"type":"Feature","geometry":{"type":"Point","coordinates":[77.6340291,13.0803244]},"properties":{"name":"Noor Nagara","operator":"BMTC","osm_id":410861147}},{"type":"Feature","geometry":{"type":"Point","coordinates":[77.6341451,13.0802242]},"properties":{"name":"Noor Nagara","operator":"BMTC","osm_id":410861178}},{"type":"Feature","geometry":{"type":"Point","coordinates":[77.6004641,12.995675]},"properties":{"name":"Canara Bank","operator":"BMTC","osm_id":412135151}},{"type":"Feature","geometry":{"type":"Point","coordinates":[77.6608916,12.9839372]},"properties":{"name":"DRDO Quarters","operator":"BMTC","osm_id":414033325}},{"type":"Feature","geometry":{"type":"Point","coordinates":[77.6793971,12.9838304]},"properties":{"name":"Kaggadasapura","operator":"BMTC","osm_id":414036211}},{"type":"Feature","geometry":{"type":"Point","coordinates":[77.6596713,12.9589468]},"properties":{"name":"Konena Agrahara","operator":"BMTC","osm_id":414404832}},{"type":"Feature","geometry":{"type":"Point","coordinates":[77.5269947,13.0354596]},"properties":{"name":"Peenya 1st stage","operator":"BMTC","osm_id":419638221}},{"type":"Feature","geometry":{"type":"Point","coordinates":[77.6824191,13.0684965]},"properties":{"name":"Anagalipura","operator":"BMTC","osm_id":420080578}},{"type":"Feature","geometry":{"type":"Point","coordinates":[77.5395021,13.0289398]},"properties":{"name":"Goraguntepalya","operator":"BMTC","osm_id":426402720}},{"type":"Feature","geometry":{"type":"Point","coordinates":[77.5488081,13.0235782]},"properties":{"name":"RMC Yard","operator":"BMTC","osm_id":426403822}},{"type":"Feature","geometry":{"type":"Point","coordinates":[77.6043001,12.9657481]},"properties":{"name":"Richmond Circle","operator":"BMTC","osm_id":428836836}},{"type":"Feature","geometry":{"type":"Point","coordinates":[77.6014262,12.9746797]},"properties":{"name":"State Bank India Garage","operator":"BMTC","osm_id":429001259}},{"type":"Feature","geometry":{"type":"Point","coordinates":[77.5581149,12.9806131]},"properties":{"name":"Gopalapura","operator":"BMTC","osm_id":429286836}},{"type":"Feature","geometry":{"type":"Point","coordinates":[77.6143059,12.9825889]},"properties":{"name":"Ajantha Talkies","operator":"BMTC","osm_id":429415725}},{"type":"Feature","geometry":{"type":"Point","coordinates":[77.5935361,13.01346]},"properties":{"name":"Matadahalli","operator":"BMTC","osm_id":430043685}},{"type":"Feature","geometry":{"type":"Point","coordinates":[77.5989205,13.0240248]},"properties":{"name":"Dinnuru Main Road","operator":"BMTC","osm_id":430043750}},{"type":"Feature","geometry":{"type":"Point","coordinates":[77.6045404,13.0216098]},"properties":{"name":"P&T Quarters","operator":"BMTC","osm_id":430043822}},{"type":"Feature","geometry":{"type":"Point","coordinates":[77.5356954,13.0490504]},"properties":{"name":"HMT Watch Factory","operator":"BMTC","osm_id":431548687}},{"type":"Feature","geometry":{"type":"Point","coordinates":[77.6379819,12.9926072]},"properties":{"name":"Kathalipalya","operator":"BMTC","osm_id":431610823}},{"type":"Feature","geometry":{"type":"Point","coordinates":[77.5627988,12.9054878]},"properties":{"name":"Kumaraswamy Layout Police Station","operator":"BMTC","osm_id":432841688}},{"type":"Feature","geometry":{"type":"Point","coordinates":[77.5578197,12.8990521]},"properties":{"name":"ISRO Layout","operator":"BMTC","osm_id":432841703}},{"type":"Feature","geometry":{"type":"Point","coordinates":[77.5164759,13.0498855]},"properties":{"name":"Ravindra Nagara","operator":"BMTC","osm_id":433826899}},{"type":"Feature","geometry":{"type":"Point","coordinates":[77.4746221,13.1386597]},"properties":{"name":"Vinayaka Nagara","operator":"BMTC","osm_id":433843548}},{"type":"Feature","geometry":{"type":"Point","coordinates":[77.4784342,13.137901]},"properties":{"name":"Hesaraghatta Village","operator":"BMTC","osm_id":433843567}},{"type":"Feature","geometry":{"type":"Point","coordinates":[77.4794248,13.1055331]},"properties":{"name":"Tharabana Halli Choultry","operator":"BMTC","osm_id":433843747}},{"type":"Feature","geometry":{"type":"Point","coordinates":[77.4949031,13.0880852]},"properties":{"name":"Dwarka Nagar","operator":"BMTC","osm_id":433843800}},{"type":"Feature","geometry":{"type":"Point","coordinates":[77.5050696,13.0762424]},"properties":{"name":"Medarahalli Railway Gate","operator":"BMTC","osm_id":433843828}},{"type":"Feature","geometry":{"type":"Point","coordinates":[77.5603924,12.8916486]},"properties":{"name":"Ragi Machine","operator":"BMTC","osm_id":435688178}},{"type":"Feature","geometry":{"type":"Point","coordinates":[77.5563911,12.8939792]},"properties":{"name":"DAV Public School","operator":"BMTC","osm_id":435688188}},{"type":"Feature","geometry":{"type":"Point","coordinates":[77.5550909,12.8950921]},"properties":{"name":"Pipeline Vasanthapura","operator":"BMTC","osm_id":435688194}},{"type":"Feature","geometry":{"type":"Point","coordinates":[77.5524195,12.8963443]},"properties":{"name":"Vasanthapura","operator":"BMTC","osm_id":435688203}},{"type":"Feature","geometry":{"type":"Point","coordinates":[77.5483851,12.8964116]},"properties":{"name":"Yadalam Nagara","operator":"BMTC","osm_id":435688212}},{"type":"Feature","geometry":{"type":"Point","coordinates":[77.5464565,12.8975842]},"properties":{"name":"Subramanyapura KEB","operator":"BMTC","osm_id":435688218}},{"type":"Feature","geometry":{"type":"Point","coordinates":[77.5463589,12.8976193]},"properties":{"name":"Subramanyapura KEB","operator":"BMTC","osm_id":435688219}},{"type":"Feature","geometry":{"type":"Point","coordinates":[77.5434901,12.9049372]},"properties":{"name":"Utharahalli","operator":"BMTC","osm_id":435688236}},{"type":"Feature","geometry":{"type":"Point","coordinates":[77.7058727,13.0554156]},"properties":{"name":"Aduru","operator":"BMTC","osm_id":440670284}},{"type":"Feature","geometry":{"type":"Point","coordinates":[77.72014,13.0497448]},"properties":{"name":"East Point College","operator":"BMTC","osm_id":440670318}},{"type":"Feature","geometry":{"type":"Point","coordinates":[77.7163583,13.0603575]},"properties":{"name":"Bidrahalli","operator":"BMTC","osm_id":440673929}},{"type":"Feature","geometry":{"type":"Point","coordinates":[77.7210069,13.0720108]},"properties":{"name":"Byappana Halli","operator":"BMTC","osm_id":440673949}},{"type":"Feature","geometry":{"type":"Point","coordinates":[77.7146571,13.0873705]},"properties":{"name":"Gunduru","operator":"BMTC","osm_id":440673975}},{"type":"Feature","geometry":{"type":"Point","coordinates":[77.73803,13.0476354]},"properties":{"name":"Chimasandra","operator":"BMTC","osm_id":440675851}},{"type":"Feature","geometry":{"type":"Point","coordinates":[77.6794539,13.0402048]},"properties":{"name":"K Channsandra","operator":"BMTC","osm_id":440678720}},{"type":"Feature","geometry":{"type":"Point","coordinates":[77.6776432,13.0391332]},"properties":{"name":"Pooja Garden","operator":"BMTC","osm_id":440678727}},{"type":"Feature","geometry":{"type":"Point","coordinates":[77.6775047,13.0391741]},"properties":{"name":"Pooja Garden","operator":"BMTC","osm_id":440678729}},{"type":"Feature","geometry":{"type":"Point","coordinates":[77.6548087,13.0366459]},"properties":{"name":"Horamavu Agara","operator":"BMTC","osm_id":440690478}},{"type":"Feature","geometry":{"type":"Point","coordinates":[77.6922232,13.0376489]},"properties":{"name":"Maragondanahalli","operator":"BMTC","osm_id":440704155}},{"type":"Feature","geometry":{"type":"Point","coordinates":[77.6652622,13.0382854]},"properties":{"name":"Banjara Layout","operator":"BMTC","osm_id":440709566}},{"type":"Feature","geometry":{"type":"Point","coordinates":[77.6675075,13.0014282]},"properties":{"name":"Mini Tajmahal","operator":"BMTC","osm_id":442107175}},{"type":"Feature","geometry":{"type":"Point","coordinates":[77.6786308,12.9882627]},"properties":{"name":"Sri RajaRajeshwari colony","operator":"BMTC","osm_id":442437973}},{"type":"Feature","geometry":{"type":"Point","coordinates":[77.6790581,13.011703]},"properties":{"name":"Ramamurthy Nagara Church","operator":"BMTC","osm_id":442438047}},{"type":"Feature","geometry":{"type":"Point","coordinates":[77.7000989,13.0215083]},"properties":{"name":"Thambuchetty Palya","operator":"BMTC","osm_id":442438244}},{"type":"Feature","geometry":{"type":"Point","coordinates":[77.6878004,13.021978]},"properties":{"name":"Bhakthi Yoga Ashrama","operator":"BMTC","osm_id":442438265}},{"type":"Feature","geometry":{"type":"Point","coordinates":[77.6759774,13.020547]},"properties":{"name":"Koshys Hospitals","operator":"BMTC","osm_id":442438284}},{"type":"Feature","geometry":{"type":"Point","coordinates":[77.6718331,13.0182036]},"properties":{"name":"Muneshwara Layout","operator":"BMTC","osm_id":442438292}},{"type":"Feature","geometry":{"type":"Point","coordinates":[77.6249677,13.0211755]},"properties":{"name":"HBR Layout Ist Stage","operator":"BMTC","osm_id":443219990}},{"type":"Feature","geometry":{"type":"Point","coordinates":[77.6455841,13.0064054]},"properties":{"name":"Chikka Banasawadi","operator":"BMTC","osm_id":443241270}},{"type":"Feature","geometry":{"type":"Point","coordinates":[77.6265836,12.9496465]},"properties":{"name":"Fairland Shop","operator":"BMTC","osm_id":443252765}},{"type":"Feature","geometry":{"type":"Point","coordinates":[77.5500534,13.022983]},"properties":{"name":"Regulated Market","operator":"BMTC","osm_id":443724378}},{"type":"Feature","geometry":{"type":"Point","coordinates":[77.652157,12.9953663]},"properties":{"name":"Krishnaiahnapalya","operator":"BMTC","osm_id":443807283}},{"type":"Feature","geometry":{"type":"Point","coordinates":[77.5433714,13.026732]},"properties":{"name":"MEI Factory","operator":"BMTC","osm_id":446780153}},{"type":"Feature","geometry":{"type":"Point","coordinates":[77.5514407,13.011855]},"properties":{"name":"ISKCON Temple","operator":"BMTC","osm_id":446781803}},{"type":"Feature","geometry":{"type":"Point","coordinates":[77.5400501,13.0189181]},"properties":{"name":"Krishnananda Nagar (Police quarters)","operator":"BMTC","osm_id":446782729}},{"type":"Feature","geometry":{"type":"Point","coordinates":[77.5350138,13.020202]},"properties":{"name":"Ramakrishna Nagara","operator":"BMTC","osm_id":446784269}},{"type":"Feature","geometry":{"type":"Point","coordinates":[77.5308407,13.0145156]},"properties":{"name":"Jaibhuvaneshwari Nagar","operator":"BMTC","osm_id":446784270}},{"type":"Feature","geometry":{"type":"Point","coordinates":[77.533807,13.0107628]},"properties":{"name":"Nandhini Layout Quaters","operator":"BMTC","osm_id":446784272}},{"type":"Feature","geometry":{"type":"Point","coordinates":[77.5226018,13.0189809]},"properties":{"name":"Lakshmidevi Nagar Cross","operator":"BMTC","osm_id":446791106}},{"type":"Feature","geometry":{"type":"Point","coordinates":[77.5290268,13.0103801]},"properties":{"name":"Swathantra Yodhara Nagar","operator":"BMTC","osm_id":446791142}},{"type":"Feature","geometry":{"type":"Point","coordinates":[77.5293199,13.015213]},"properties":{"name":"Laggere","operator":"BMTC","osm_id":446791144}},{"type":"Feature","geometry":{"type":"Point","coordinates":[77.5273984,12.9969558]},"properties":{"name":"Kamalanagara","operator":"BMTC","osm_id":446791158}},{"type":"Feature","geometry":{"type":"Point","coordinates":[77.5374346,12.9883126]},"properties":{"name":"Havanuru Circle","operator":"BMTC","osm_id":446791176}},{"type":"Feature","geometry":{"type":"Point","coordinates":[77.5425333,12.9890498]},"properties":{"name":"Saneguruvana Halli","operator":"BMTC","osm_id":446791181}},{"type":"Feature","geometry":{"type":"Point","coordinates":[77.5427433,12.9851404]},"properties":{"name":"Dasarahalli","operator":"BMTC","osm_id":446791185}},{"type":"Feature","geometry":{"type":"Point","coordinates":[77.5432725,12.9919438]},"properties":{"name":"Manjunatha Nagar","operator":"BMTC","osm_id":446791190}},{"type":"Feature","geometry":{"type":"Point","coordinates":[77.5508207,12.9916485]},"properties":{"name":"ESI Hospital Rajajinagara (Towards Yashawanthapura)","operator":"BMTC","osm_id":446791191}},{"type":"Feature","geometry":{"type":"Point","coordinates":[77.5506629,12.9956021]},"properties":{"name":"Manjunatha Nagara","operator":"BMTC","osm_id":446791193}},{"type":"Feature","geometry":{"type":"Point","coordinates":[77.5459103,12.9974325]},"properties":{"name":"Modi Hospital","operator":"BMTC","osm_id":446791195}},{"type":"Feature","geometry":{"type":"Point","coordinates":[77.5497993,12.9994184]},"properties":{"name":"Navarang Theatre","operator":"BMTC","osm_id":446791198}},{"type":"Feature","geometry":{"type":"Point","coordinates":[77.5372655,13.0034339]},"properties":{"name":"JC Nagar","operator":"BMTC","osm_id":446796164}},{"type":"Feature","geometry":{"type":"Point","coordinates":[77.5407249,13.002108]},"properties":{"name":"Shankara Matha","operator":"BMTC","osm_id":446796166}},{"type":"Feature","geometry":{"type":"Point","coordinates":[77.5406215,13.0063048]},"properties":{"name":"Galayara Balaga","operator":"BMTC","osm_id":446796171}},{"type":"Feature","geometry":{"type":"Point","coordinates":[77.5382069,13.0092079]},"properties":{"name":"Saraswathipuram","operator":"BMTC","osm_id":446796173}},{"type":"Feature","geometry":{"type":"Point","coordinates":[77.5440645,13.0119077]},"properties":{"name":"Mahalakshmi Layout","operator":"BMTC","osm_id":446796177}},{"type":"Feature","geometry":{"type":"Point","coordinates":[77.5438924,13.0158357]},"properties":{"name":"Shankar Nagar","operator":"BMTC","osm_id":446796180}},{"type":"Feature","geometry":{"type":"Point","coordinates":[77.5258111,13.0217404]},"properties":{"name":"Sonal Garments","operator":"BMTC","osm_id":446796182}},{"type":"Feature","geometry":{"type":"Point","coordinates":[77.5409104,13.0326885]},"properties":{"name":"Tata Tea","operator":"BMTC","osm_id":446805853}},{"type":"Feature","geometry":{"type":"Point","coordinates":[77.5495369,13.0307503]},"properties":{"name":"Mohan Kumar Nagar","operator":"BMTC","osm_id":446805857}},{"type":"Feature","geometry":{"type":"Point","coordinates":[77.5417542,13.0376067]},"properties":{"name":"Alidsa","operator":"BMTC","osm_id":446805859}},{"type":"Feature","geometry":{"type":"Point","coordinates":[77.5457631,13.0411408]},"properties":{"name":"Jalahalli Village Gate","operator":"BMTC","osm_id":446805862}},{"type":"Feature","geometry":{"type":"Point","coordinates":[77.5504594,13.0426967]},"properties":{"name":"Jalahalli Bakery","operator":"BMTC","osm_id":446805864}},{"type":"Feature","geometry":{"type":"Point","coordinates":[77.5605155,13.0134465]},"properties":{"name":"Mysore Lamps","operator":"BMTC","osm_id":446822786}},{"type":"Feature","geometry":{"type":"Point","coordinates":[77.5671136,13.0467217]},"properties":{"name":"Chowdeshwari Nagar","operator":"BMTC","osm_id":446865383}},{"type":"Feature","geometry":{"type":"Point","coordinates":[77.579325,13.0472069]},"properties":{"name":"Nagashettihalli","operator":"BMTC","osm_id":446865388}},{"type":"Feature","geometry":{"type":"Point","coordinates":[77.5663707,13.0365564]},"properties":{"name":"Devasandra","operator":"BMTC","osm_id":446865391}},{"type":"Feature","geometry":{"type":"Point","coordinates":[77.568773,13.0339065]},"properties":{"name":"ITI Colony","operator":"BMTC","osm_id":446865392}},{"type":"Feature","geometry":{"type":"Point","coordinates":[77.5870619,13.0300745]},"properties":{"name":"UAS Campus","operator":"BMTC","osm_id":446865400}},{"type":"Feature","geometry":{"type":"Point","coordinates":[77.5925517,13.0295976]},"properties":{"name":"Ananda Nagar","operator":"BMTC","osm_id":446865401}},{"type":"Feature","geometry":{"type":"Point","coordinates":[77.5864354,13.0268657]},"properties":{"name":"CBI","operator":"BMTC","osm_id":446865402}},{"type":"Feature","geometry":{"type":"Point","coordinates":[77.5889682,13.026324]},"properties":{"name":"Vasanthappa Block","operator":"BMTC","osm_id":446865403}},{"type":"Feature","geometry":{"type":"Point","coordinates":[77.5886129,13.0206843]},"properties":{"name":"Ganga Nagar","operator":"BMTC","osm_id":446865404}},{"type":"Feature","geometry":{"type":"Point","coordinates":[77.5234322,12.9576043]},"properties":{"name":"Jyothi Nagara 6th Cross","operator":"BMTC","osm_id":446892457}},{"type":"Feature","geometry":{"type":"Point","coordinates":[77.5836905,13.0135799]},"properties":{"name":"Mekhri Circle","operator":"BMTC","osm_id":446941376}},{"type":"Feature","geometry":{"type":"Point","coordinates":[77.5800648,13.0084825]},"properties":{"name":"Sadhashivanagara","operator":"BMTC","osm_id":446941377}},{"type":"Feature","geometry":{"type":"Point","coordinates":[77.5912345,13.0091619]},"properties":{"name":"TV Tower","operator":"BMTC","osm_id":446941379}},{"type":"Feature","geometry":{"type":"Point","coordinates":[77.5812135,13.0049663]},"properties":{"name":"Bashayam Circle","operator":"BMTC","osm_id":446941380}},{"type":"Feature","geometry":{"type":"Point","coordinates":[77.5711671,13.0049476]},"properties":{"name":"Malleshwaram 15th Cross","operator":"BMTC","osm_id":446941382}},{"type":"Feature","geometry":{"type":"Point","coordinates":[77.5782091,13.0005071]},"properties":{"name":"Vyalikaval Police Station","operator":"BMTC","osm_id":446995784}},{"type":"Feature","geometry":{"type":"Point","coordinates":[77.5843469,12.999489]},"properties":{"name":"Palace Guttahalli","operator":"BMTC","osm_id":446995789}},{"type":"Feature","geometry":{"type":"Point","coordinates":[77.5780701,12.9943817]},"properties":{"name":"RMS Sheshadripuram","operator":"BMTC","osm_id":446995793}},{"type":"Feature","geometry":{"type":"Point","coordinates":[77.5743026,12.9989456]},"properties":{"name":"Dattatreya Temple","operator":"BMTC","osm_id":446995794}},{"type":"Feature","geometry":{"type":"Point","coordinates":[77.5653984,13.0003553]},"properties":{"name":"8th Cross Malleshwaram","operator":"BMTC","osm_id":446995800}},{"type":"Feature","geometry":{"type":"Point","coordinates":[77.5630859,12.9964968]},"properties":{"name":"Devaiah Park","operator":"BMTC","osm_id":446995802}},{"type":"Feature","geometry":{"type":"Point","coordinates":[77.5527944,12.9943751]},"properties":{"name":"Basaveshwara College","operator":"BMTC","osm_id":446995809}},{"type":"Feature","geometry":{"type":"Point","coordinates":[77.5543331,12.989337]},"properties":{"name":"Old Police Station Rajajinagara","operator":"BMTC","osm_id":446995812}},{"type":"Feature","geometry":{"type":"Point","coordinates":[77.5665837,12.9884321]},"properties":{"name":"Aruna Talkies, Gandhi School","operator":"BMTC","osm_id":446995820}},{"type":"Feature","geometry":{"type":"Point","coordinates":[77.5679782,12.9907699]},"properties":{"name":"Bashyam Nagar","operator":"BMTC","osm_id":446995823}},{"type":"Feature","geometry":{"type":"Point","coordinates":[77.5676609,12.9872719]},"properties":{"name":"Bashyam Nagara Okalipuram","operator":"BMTC","osm_id":446995827}},{"type":"Feature","geometry":{"type":"Point","coordinates":[77.563,12.9856891]},"properties":{"name":"Ramachandra Pura Market","operator":"BMTC","osm_id":446995828}},{"type":"Feature","geometry":{"type":"Point","coordinates":[77.5687532,12.9969268]},"properties":{"name":"Malleshwaram Circle","operator":"BMTC","osm_id":446995829}},{"type":"Feature","geometry":{"type":"Point","coordinates":[77.568174,12.9934619]},"properties":{"name":"Ramamandira","operator":"BMTC","osm_id":446995830}},{"type":"Feature","geometry":{"type":"Point","coordinates":[77.5663946,12.9949147]},"properties":{"name":"Chowdeshwari Temple","operator":"BMTC","osm_id":446995832}},{"type":"Feature","geometry":{"type":"Point","coordinates":[77.5695102,12.9974389]},"properties":{"name":"Malleshwaram Circle","operator":"BMTC","osm_id":446995834}},{"type":"Feature","geometry":{"type":"Point","coordinates":[77.5569509,12.984718]},"properties":{"name":"MEI Polytechnic College","operator":"BMTC","osm_id":447078372}},{"type":"Feature","geometry":{"type":"Point","coordinates":[77.5429315,12.8926306]},"properties":{"name":"Jayanagar HBCS Layout","operator":"BMTC","osm_id":447180598}},{"type":"Feature","geometry":{"type":"Point","coordinates":[77.5549629,12.9601434]},"properties":{"name":"Old Gudahalli Cross","operator":"BMTC","osm_id":448117694}},{"type":"Feature","geometry":{"type":"Point","coordinates":[77.6032967,12.9279748]},"properties":{"name":"Balajinagara","operator":"BMTC","osm_id":448132790}},{"type":"Feature","geometry":{"type":"Point","coordinates":[77.5896602,12.9685475]},"properties":{"name":"Corporation Circle (Cubbon Park)","operator":"BMTC","osm_id":452414811}},{"type":"Feature","geometry":{"type":"Point","coordinates":[77.6318246,13.0258248]},"properties":{"name":"Hennur Depot","operator":"BMTC","osm_id":454083696}},{"type":"Feature","geometry":{"type":"Point","coordinates":[77.5657088,12.8675836]},"properties":{"name":"Nandi Garden Kothanur","operator":"BMTC","osm_id":456024917}},{"type":"Feature","geometry":{"type":"Point","coordinates":[77.5632589,12.8589342]},"properties":{"name":"Kidwai Layout","operator":"BMTC","osm_id":456024938}},{"type":"Feature","geometry":{"type":"Point","coordinates":[77.5157036,12.9415222]},"properties":{"name":"Sports Authority of India","operator":"BMTC","osm_id":457966789}},{"type":"Feature","geometry":{"type":"Point","coordinates":[77.5216743,12.9618378]},"properties":{"name":"Maruthi Nagara","operator":"BMTC","osm_id":458134628}},{"type":"Feature","geometry":{"type":"Point","coordinates":[77.5302829,12.9736313]},"properties":{"name":"Saraswathi Nagara","operator":"BMTC","osm_id":458151712}},{"type":"Feature","geometry":{"type":"Point","coordinates":[77.5945006,12.9875909]},"properties":{"name":"Cunningham Road","operator":"BMTC","osm_id":469614003}},{"type":"Feature","geometry":{"type":"Point","coordinates":[77.4944743,13.1374628]},"properties":{"name":"Ivara Kondapura","operator":"BMTC","osm_id":483405488}},{"type":"Feature","geometry":{"type":"Point","coordinates":[77.5923194,12.9196944]},"properties":{"name":"Bus Stop","operator":"BMTC","osm_id":493556426}},{"type":"Feature","geometry":{"type":"Point","coordinates":[77.5774567,12.9176076]},"properties":{"name":"Sangam Circle","operator":"BMTC","osm_id":493556432}},{"type":"Feature","geometry":{"type":"Point","coordinates":[77.5774638,12.91767]},"properties":{"name":"Sangam Circle","operator":"BMTC","osm_id":493556458}},{"type":"Feature","geometry":{"type":"Point","coordinates":[77.4726248,12.9886748]},"properties":{"name":"Ashraya Badavane","operator":"BMTC","osm_id":503002120}},{"type":"Feature","geometry":{"type":"Point","coordinates":[77.4765245,13.0686238]},"properties":{"name":"Kudhurgere colony","operator":"BMTC","osm_id":503002483}},{"type":"Feature","geometry":{"type":"Point","coordinates":[77.7162959,12.9923439]},"properties":{"name":"Hoodi Circle Bus Stop","operator":"BMTC","osm_id":512100060}},{"type":"Feature","geometry":{"type":"Point","coordinates":[77.7368222,12.9977825]},"properties":{"name":"Sadaramangala Cross","operator":"BMTC","osm_id":514298503}},{"type":"Feature","geometry":{"type":"Point","coordinates":[77.6462222,12.9784826]},"properties":{"name":"Chinmaya Mission Hospital","operator":"BMTC","osm_id":517325325}},{"type":"Feature","geometry":{"type":"Point","coordinates":[77.5737413,12.9530434]},"properties":{"name":"Mahila Samaja","operator":"BMTC","osm_id":517874467}},{"type":"Feature","geometry":{"type":"Point","coordinates":[77.588786,12.9171092]},"properties":{"name":"Marenahalli Bus Stop","operator":"BMTC","osm_id":524077013}},{"type":"Feature","geometry":{"type":"Point","coordinates":[77.5933628,12.9169845]},"properties":{"name":"Ragigudda","operator":"BMTC","osm_id":524080923}},{"type":"Feature","geometry":{"type":"Point","coordinates":[77.5969184,12.9171428]},"properties":{"name":"East End Bus Stop","operator":"BMTC","osm_id":524080930}},{"type":"Feature","geometry":{"type":"Point","coordinates":[77.5638436,13.0446421]},"properties":{"name":"Devi Nagara Cross","operator":"BMTC","osm_id":529015380}},{"type":"Feature","geometry":{"type":"Point","coordinates":[77.5687712,13.0470509]},"properties":{"name":"Devi Nagara","operator":"BMTC","osm_id":529015416}},{"type":"Feature","geometry":{"type":"Point","coordinates":[77.5929165,13.0067177]},"properties":{"name":"JC Nagara","operator":"BMTC","osm_id":529804682}},{"type":"Feature","geometry":{"type":"Point","coordinates":[77.5852695,13.0146244]},"properties":{"name":"Mekhri Circle","operator":"BMTC","osm_id":529804689}},{"type":"Feature","geometry":{"type":"Point","coordinates":[77.6871407,13.0853455]},"properties":{"name":"Yarappanahalli","operator":"BMTC","osm_id":536301751}},{"type":"Feature","geometry":{"type":"Point","coordinates":[77.6756214,13.0836729]},"properties":{"name":"Gollarahalli","operator":"BMTC","osm_id":543322642}},{"type":"Feature","geometry":{"type":"Point","coordinates":[77.688751,13.1180544]},"properties":{"name":"Dasanayakanahalli","operator":"BMTC","osm_id":543331009}},{"type":"Feature","geometry":{"type":"Point","coordinates":[77.7159596,13.0318204]},"properties":{"name":"Parvathi Nagara","operator":"BMTC","osm_id":543360915}},{"type":"Feature","geometry":{"type":"Point","coordinates":[77.6663499,13.0805504]},"properties":{"name":"Chikka Gubbi","operator":"BMTC","osm_id":544379901}},{"type":"Feature","geometry":{"type":"Point","coordinates":[77.6640397,13.0988737]},"properties":{"name":"Kada Sonappana Halli","operator":"BMTC","osm_id":544381444}},{"type":"Feature","geometry":{"type":"Point","coordinates":[77.627086,13.0847781]},"properties":{"name":"Chokkanahalli","operator":"BMTC","osm_id":555680756}},{"type":"Feature","geometry":{"type":"Point","coordinates":[77.6437751,13.1008901]},"properties":{"name":"H Tippunagar","operator":"BMTC","osm_id":555700287}},{"type":"Feature","geometry":{"type":"Point","coordinates":[77.7314567,13.032047]},"properties":{"name":"Cipla","operator":"BMTC","osm_id":567315165}},{"type":"Feature","geometry":{"type":"Point","coordinates":[77.7368893,13.0240151]},"properties":{"name":"Veeranahalli","operator":"BMTC","osm_id":567315212}},{"type":"Feature","geometry":{"type":"Point","coordinates":[77.7565374,13.0043868]},"properties":{"name":"Belathuru","operator":"BMTC","osm_id":567320405}},{"type":"Feature","geometry":{"type":"Point","coordinates":[77.7405519,13.0108196]},"properties":{"name":"K Dommasandra","operator":"BMTC","osm_id":567320489}},{"type":"Feature","geometry":{"type":"Point","coordinates":[77.7324727,13.0140547]},"properties":{"name":"Kurudu Sonnenahalli","operator":"BMTC","osm_id":567320505}},{"type":"Feature","geometry":{"type":"Point","coordinates":[77.7434931,13.0308017]},"properties":{"name":"Chennanahalli","operator":"BMTC","osm_id":568949559}},{"type":"Feature","geometry":{"type":"Point","coordinates":[77.7095621,13.014052]},"properties":{"name":"Gayatri Layout","operator":"BMTC","osm_id":569884933}},{"type":"Feature","geometry":{"type":"Point","coordinates":[77.7273361,13.0038165]},"properties":{"name":"Kodigehalli","operator":"BMTC","osm_id":569886240}},{"type":"Feature","geometry":{"type":"Point","coordinates":[77.7367453,12.9995723]},"properties":{"name":"Sadaramangala","operator":"BMTC","osm_id":569886518}},{"type":"Feature","geometry":{"type":"Point","coordinates":[77.77023,13.0266333]},"properties":{"name":"Kannamangala","operator":"BMTC","osm_id":569891544}},{"type":"Feature","geometry":{"type":"Point","coordinates":[77.5993652,12.9897471]},"properties":{"name":"CSI Hospital","operator":"BMTC","osm_id":573433441}},{"type":"Feature","geometry":{"type":"Point","coordinates":[77.605016,13.075777]},"properties":{"name":"Nilgiri Wines","operator":"BMTC","osm_id":574368860}},{"type":"Feature","geometry":{"type":"Point","coordinates":[77.6009735,13.0929358]},"properties":{"name":"Surabhi Layout","operator":"BMTC","osm_id":574368975}},{"type":"Feature","geometry":{"type":"Point","coordinates":[77.5164773,13.0787974]},"properties":{"name":"Kere Guddadahalli","operator":"BMTC","osm_id":574398494}},{"type":"Feature","geometry":{"type":"Point","coordinates":[77.4828987,13.0096301]},"properties":{"name":"Andrahalli Government School","operator":"BMTC","osm_id":574520928}},{"type":"Feature","geometry":{"type":"Point","coordinates":[77.4894408,12.9978617]},"properties":{"name":"Syndicate Bank Colony","operator":"BMTC","osm_id":574522047}},{"type":"Feature","geometry":{"type":"Point","coordinates":[77.4966426,13.0139019]},"properties":{"name":"Balaji Nagar","operator":"BMTC","osm_id":574529330}},{"type":"Feature","geometry":{"type":"Point","coordinates":[77.5268696,13.0085607]},"properties":{"name":"Laggere Bridge","operator":"BMTC","osm_id":574572438}},{"type":"Feature","geometry":{"type":"Point","coordinates":[77.5719793,12.9896127]},"properties":{"name":"Central","operator":"BMTC","osm_id":577019587}},{"type":"Feature","geometry":{"type":"Point","coordinates":[77.5713107,12.9977309]},"properties":{"name":"Malleswaram Circle","operator":"BMTC","osm_id":577021934}},{"type":"Feature","geometry":{"type":"Point","coordinates":[77.5919443,13.0329207]},"properties":{"name":"Anandanagar","operator":"BMTC","osm_id":582567147}},{"type":"Feature","geometry":{"type":"Point","coordinates":[77.6092934,13.029541]},"properties":{"name":"LR Bande","operator":"BMTC","osm_id":582576069}},{"type":"Feature","geometry":{"type":"Point","coordinates":[77.5988368,13.0185344]},"properties":{"name":"Thimmayya Garden","operator":"BMTC","osm_id":582589270}},{"type":"Feature","geometry":{"type":"Point","coordinates":[77.6031044,12.9834081]},"properties":{"name":"Shivajinagar Bus Station","operator":"BMTC","osm_id":596446558}},{"type":"Feature","geometry":{"type":"Point","coordinates":[77.5911788,12.9679518]},"properties":{"name":"Hudson Circle","operator":"BMTC","osm_id":597363270}},{"type":"Feature","geometry":{"type":"Point","coordinates":[77.4967077,13.0100902]},"properties":{"name":"Balaji Nagara","operator":"BMTC","osm_id":599212207}},{"type":"Feature","geometry":{"type":"Point","coordinates":[77.4911456,13.0372658]},"properties":{"name":"Byraveshwara Nagara","operator":"BMTC","osm_id":599212408}},{"type":"Feature","geometry":{"type":"Point","coordinates":[77.6387345,13.0264671]},"properties":{"name":"Kalyananagara Bus Stand","operator":"BMTC","osm_id":599226618}},{"type":"Feature","geometry":{"type":"Point","coordinates":[77.6144323,13.0343322]},"properties":{"name":"Govinda Pura","operator":"BMTC","osm_id":599226685}},{"type":"Feature","geometry":{"type":"Point","coordinates":[77.5875158,13.0324779]},"properties":{"name":"Veterinary College","operator":"BMTC","osm_id":599229323}},{"type":"Feature","geometry":{"type":"Point","coordinates":[77.766442,12.95638]},"properties":{"name":"Ajjagondanahalli","operator":"BMTC","osm_id":616610435}},{"type":"Feature","geometry":{"type":"Point","coordinates":[77.533544,12.9378692]},"properties":{"name":"Veerabhadra Nagara","operator":"BMTC","osm_id":617540170}},{"type":"Feature","geometry":{"type":"Point","coordinates":[77.6492718,12.9089682]},"properties":{"name":"Parangipalya","operator":"BMTC","osm_id":622361511}},{"type":"Feature","geometry":{"type":"Point","coordinates":[77.5803711,13.130798]},"properties":{"name":"Harohalli","operator":"BMTC","osm_id":648126737}},{"type":"Feature","geometry":{"type":"Point","coordinates":[77.5743456,13.131158]},"properties":{"name":"Nagenahalli Nagadasanahalli","operator":"BMTC","osm_id":648127816}},{"type":"Feature","geometry":{"type":"Point","coordinates":[77.5924253,13.011327]},"properties":{"name":"CQAL","operator":"BMTC","osm_id":661987319}},{"type":"Feature","geometry":{"type":"Point","coordinates":[77.5871659,12.9697786]},"properties":{"name":"St Marthas Hospital","operator":"BMTC","osm_id":663317710}},{"type":"Feature","geometry":{"type":"Point","coordinates":[77.5929782,12.9802701]},"properties":{"name":"Vidhana Soudha","operator":"BMTC","osm_id":663551440}},{"type":"Feature","geometry":{"type":"Point","coordinates":[77.5900021,12.9772093]},"properties":{"name":"Vidhana Soudha","operator":"BMTC","osm_id":663551443}},{"type":"Feature","geometry":{"type":"Point","coordinates":[77.5955064,12.9736839]},"properties":{"name":"Kasturba Road","operator":"BMTC","osm_id":663573137}},{"type":"Feature","geometry":{"type":"Point","coordinates":[77.5973764,12.9839163]},"properties":{"name":"Indian Express","operator":"BMTC","osm_id":663596610}},{"type":"Feature","geometry":{"type":"Point","coordinates":[77.5866865,12.9737987]},"properties":{"name":"KR Circle","operator":"BMTC","osm_id":665811373}},{"type":"Feature","geometry":{"type":"Point","coordinates":[77.5791192,12.9855479]},"properties":{"name":"Bus Stop","operator":"BMTC","osm_id":677286829}},{"type":"Feature","geometry":{"type":"Point","coordinates":[77.5801087,12.9475769]},"properties":{"name":"Lalbagh West Gate, V V Puram","operator":"BMTC","osm_id":683352655}},{"type":"Feature","geometry":{"type":"Point","coordinates":[77.583614,12.9531016]},"properties":{"name":"Krumbigal Road","operator":"BMTC","osm_id":683352664}},{"type":"Feature","geometry":{"type":"Point","coordinates":[77.5697205,12.993211]},"properties":{"name":"MD Block","operator":"BMTC","osm_id":687434497}},{"type":"Feature","geometry":{"type":"Point","coordinates":[77.7122335,12.854563]},"properties":{"name":"Chinthala Madivala","operator":"BMTC","osm_id":695078897}},{"type":"Feature","geometry":{"type":"Point","coordinates":[77.5234553,12.9398137]},"properties":{"name":"BWSSB Quarters","operator":"BMTC","osm_id":699684277}},{"type":"Feature","geometry":{"type":"Point","coordinates":[77.5461656,12.9561513]},"properties":{"name":"Hosa Guddadahalli","operator":"BMTC","osm_id":699684331}},{"type":"Feature","geometry":{"type":"Point","coordinates":[77.5262824,12.9436734]},"properties":{"name":"Nayandahalli","operator":"BMTC","osm_id":699684333}},{"type":"Feature","geometry":{"type":"Point","coordinates":[77.5056548,12.9297858]},"properties":{"name":"Jayaram Das Factory","operator":"BMTC","osm_id":699704112}},{"type":"Feature","geometry":{"type":"Point","coordinates":[77.4905218,12.9171955]},"properties":{"name":"Mylasandra Cross","operator":"BMTC","osm_id":699704177}},{"type":"Feature","geometry":{"type":"Point","coordinates":[77.4995421,12.9253978]},"properties":{"name":"RV College","operator":"BMTC","osm_id":699704227}},{"type":"Feature","geometry":{"type":"Point","coordinates":[77.4871216,12.9137317]},"properties":{"name":"Kengeri TTMC","operator":"BMTC","osm_id":699704360}},{"type":"Feature","geometry":{"type":"Point","coordinates":[77.6088757,12.8766497]},"properties":{"name":"Hulimavu","operator":"BMTC","osm_id":730673039}},{"type":"Feature","geometry":{"type":"Point","coordinates":[77.5288048,12.9384714]},"properties":{"name":"Anjaneya Temple","operator":"BMTC","osm_id":733507095}},{"type":"Feature","geometry":{"type":"Point","coordinates":[77.7382536,12.8873326]},"properties":{"name":"Chandrapura Cross","operator":"BMTC","osm_id":734814388}},{"type":"Feature","geometry":{"type":"Point","coordinates":[77.6506405,12.9244706]},"properties":{"name":"Agara","operator":"BMTC","osm_id":747663280}},{"type":"Feature","geometry":{"type":"Point","coordinates":[77.5187543,13.0399581]},"properties":{"name":"Jalahalli Cross","operator":"BMTC","osm_id":774662335}},{"type":"Feature","geometry":{"type":"Point","coordinates":[77.5481702,13.0452406]},"properties":{"name":"Jalahalli Village","operator":"BMTC","osm_id":806309412}},{"type":"Feature","geometry":{"type":"Point","coordinates":[77.7499623,12.9705356]},"properties":{"name":"Whitefield","operator":"BMTC","osm_id":825452139}},{"type":"Feature","geometry":{"type":"Point","coordinates":[77.7515099,12.984305]},"properties":{"name":"Hope Farm (Towards Hoskote)","operator":"BMTC","osm_id":825452159}},{"type":"Feature","geometry":{"type":"Point","coordinates":[77.7156081,12.9582966]},"properties":{"name":"Kundalahalli Gate","operator":"BMTC","osm_id":825452667}},{"type":"Feature","geometry":{"type":"Point","coordinates":[77.7101792,12.9768724]},"properties":{"name":"Graphite India","operator":"BMTC","osm_id":825452795}},{"type":"Feature","geometry":{"type":"Point","coordinates":[77.7278237,12.9824967]},"properties":{"name":"Sai Baba Hospital","operator":"BMTC","osm_id":825453211}},{"type":"Feature","geometry":{"type":"Point","coordinates":[77.7360728,12.9874754]},"properties":{"name":"ITPL","operator":"BMTC","osm_id":825453261}},{"type":"Feature","geometry":{"type":"Point","coordinates":[77.7448169,12.986516]},"properties":{"name":"GR Tech Park","operator":"BMTC","osm_id":825453269}},{"type":"Feature","geometry":{"type":"Point","coordinates":[77.7602838,12.9325003]},"properties":{"name":"Vagdevi School","operator":"BMTC","osm_id":832572481}},{"type":"Feature","geometry":{"type":"Point","coordinates":[77.6376916,12.9830971]},"properties":{"name":"Binnamangala","operator":"BMTC","osm_id":844462413}},{"type":"Feature","geometry":{"type":"Point","coordinates":[77.5916809,13.025065]},"properties":{"name":"Ganga Nagar","operator":"BMTC","osm_id":850751679}},{"type":"Feature","geometry":{"type":"Point","coordinates":[77.4791781,13.0554769]},"properties":{"name":"Anchepalya","operator":"BMTC","osm_id":863291814}},{"type":"Feature","geometry":{"type":"Point","coordinates":[77.548584,12.9423156]},"properties":{"name":"Muneshwara Block","operator":"BMTC","osm_id":953638201}},{"type":"Feature","geometry":{"type":"Point","coordinates":[77.5452951,12.9326884]},"properties":{"name":"Hosakerehalli Cross","operator":"BMTC","osm_id":953687118}},{"type":"Feature","geometry":{"type":"Point","coordinates":[77.5535885,12.9386882]},"properties":{"name":"SBM Colony","operator":"BMTC","osm_id":953688689}},{"type":"Feature","geometry":{"type":"Point","coordinates":[77.5558894,12.941781]},"properties":{"name":"Apex Bank","operator":"BMTC","osm_id":954610757}},{"type":"Feature","geometry":{"type":"Point","coordinates":[77.5581671,12.9433335]},"properties":{"name":"Maruthi Circle","operator":"BMTC","osm_id":954619918}},{"type":"Feature","geometry":{"type":"Point","coordinates":[77.5618941,12.9435401]},"properties":{"name":"Subramanya Swamy Temple","operator":"BMTC","osm_id":954620241}},{"type":"Feature","geometry":{"type":"Point","coordinates":[77.5642273,12.9437945]},"properties":{"name":"Ganesha Bhavan","operator":"BMTC","osm_id":954621288}},{"type":"Feature","geometry":{"type":"Point","coordinates":[77.5450571,12.9432005]},"properties":{"name":"Avalahalli Cross, Girinagar Cross","operator":"BMTC","osm_id":954627609}},{"type":"Feature","geometry":{"type":"Point","coordinates":[77.552003,12.9420196]},"properties":{"name":"Nagendra Block,Banashankari 3Rd Stage","operator":"BMTC","osm_id":954627990}},{"type":"Feature","geometry":{"type":"Point","coordinates":[77.6228551,12.9453201]},"properties":{"name":"Karnataka Housing Complex","operator":"BMTC","osm_id":956000803}},{"type":"Feature","geometry":{"type":"Point","coordinates":[77.6307137,12.9427087]},"properties":{"name":"Ejipura School","operator":"BMTC","osm_id":956271888}},{"type":"Feature","geometry":{"type":"Point","coordinates":[77.5799898,13.1105278]},"properties":{"name":"Puttenahalli","operator":"BMTC","osm_id":959499423}},{"type":"Feature","geometry":{"type":"Point","coordinates":[77.580102,13.1106047]},"properties":{"name":"Puttenahalli","operator":"BMTC","osm_id":959509849}},{"type":"Feature","geometry":{"type":"Point","coordinates":[77.5820759,13.1062538]},"properties":{"name":"Wheel And Axle Plant","operator":"BMTC","osm_id":959509884}},{"type":"Feature","geometry":{"type":"Point","coordinates":[77.5861962,13.1024542]},"properties":{"name":"Escorts Yelahanka Road","operator":"BMTC","osm_id":959510013}},{"type":"Feature","geometry":{"type":"Point","coordinates":[77.7154286,12.9922796]},"properties":{"name":"Hoodi Circle","operator":"BMTC","osm_id":974941186}},{"type":"Feature","geometry":{"type":"Point","coordinates":[77.7103731,12.9782357]},"properties":{"name":"Graphite India","operator":"BMTC","osm_id":1000885798}},{"type":"Feature","geometry":{"type":"Point","coordinates":[77.7151394,12.9919287]},"properties":{"name":"Bus Stop","operator":"BMTC","osm_id":1010036512}},{"type":"Feature","geometry":{"type":"Point","coordinates":[77.4973612,13.0489301]},"properties":{"name":"Widia School","operator":"BMTC","osm_id":1054665084}},{"type":"Feature","geometry":{"type":"Point","coordinates":[77.5167104,12.9588588]},"properties":{"name":"Nagarbhavi Village","operator":"BMTC","osm_id":1054687321}},{"type":"Feature","geometry":{"type":"Point","coordinates":[77.5161259,12.9569358]},"properties":{"name":"Nagarabhavi Village","operator":"BMTC","osm_id":1054687629}},{"type":"Feature","geometry":{"type":"Point","coordinates":[77.5093107,12.9583156]},"properties":{"name":"Nrupatunga Nagar","operator":"BMTC","osm_id":1054687777}},{"type":"Feature","geometry":{"type":"Point","coordinates":[77.520418,12.9521436]},"properties":{"name":"Nagarabhavi 1st Stage 3rd Block","operator":"BMTC","osm_id":1054687798}},{"type":"Feature","geometry":{"type":"Point","coordinates":[77.5212224,12.9516696]},"properties":{"name":"Nagarabhavi 1st Stage 3rd Block","operator":"BMTC","osm_id":1054687802}},{"type":"Feature","geometry":{"type":"Point","coordinates":[77.6035146,13.0030365]},"properties":{"name":"Chinnappa Garden","operator":"BMTC","osm_id":1067189842}},{"type":"Feature","geometry":{"type":"Point","coordinates":[77.5998357,13.0044872]},"properties":{"name":"Marappa Garden","operator":"BMTC","osm_id":1067190323}},{"type":"Feature","geometry":{"type":"Point","coordinates":[77.6067611,12.9715106]},"properties":{"name":"Brigade Road","operator":"BMTC","osm_id":1067841650}},{"type":"Feature","geometry":{"type":"Point","coordinates":[77.5738847,12.917235]},"properties":{"name":"Banashankari TTMC","operator":"BMTC","osm_id":1070314207}},{"type":"Feature","geometry":{"type":"Point","coordinates":[77.5730685,12.9166305]},"properties":{"name":"Banashankari Bus Station (Towards Kadirenahalli)","operator":"BMTC","osm_id":1070314214}},{"type":"Feature","geometry":{"type":"Point","coordinates":[77.5732782,12.9175634]},"properties":{"name":"Banashankari TTMC","operator":"BMTC","osm_id":1070314236}},{"type":"Feature","geometry":{"type":"Point","coordinates":[77.6158906,12.9293446]},"properties":{"name":"St. John's Hospital","operator":"BMTC","osm_id":1070361680}},{"type":"Feature","geometry":{"type":"Point","coordinates":[77.6214852,12.9291313]},"properties":{"name":"Koramangala Water Tank","operator":"BMTC","osm_id":1070361737}},{"type":"Feature","geometry":{"type":"Point","coordinates":[77.7401767,12.957049]},"properties":{"name":"Ramagondanahalli","operator":"BMTC","osm_id":1078253111}},{"type":"Feature","geometry":{"type":"Point","coordinates":[77.5581362,13.0438058]},"properties":{"name":"BEL Circle","operator":"BMTC","osm_id":1078399215}},{"type":"Feature","geometry":{"type":"Point","coordinates":[77.5614856,12.9643587]},"properties":{"name":"Binnypet","operator":"BMTC","osm_id":1085530276}},{"type":"Feature","geometry":{"type":"Point","coordinates":[77.7232679,12.9766082]},"properties":{"name":"EPIP Bus Stop","operator":"BMTC","osm_id":1093360265}},{"type":"Feature","geometry":{"type":"Point","coordinates":[77.5544949,13.0131425]},"properties":{"name":"Government Soap Factory","operator":"BMTC","osm_id":1096956274}},{"type":"Feature","geometry":{"type":"Point","coordinates":[77.5306311,13.0146762]},"properties":{"name":"Nandini Layout Ring Road","operator":"BMTC","osm_id":1097017947}},{"type":"Feature","geometry":{"type":"Point","coordinates":[77.5438575,13.0118943]},"properties":{"name":"Mahalakshmi Layout","operator":"BMTC","osm_id":1097018103}},{"type":"Feature","geometry":{"type":"Point","coordinates":[77.7192566,12.9773007]},"properties":{"name":"I Gate ITPL Road","operator":"BMTC","osm_id":1098024028}},{"type":"Feature","geometry":{"type":"Point","coordinates":[77.7565205,12.9918797]},"properties":{"name":"Prajwal School","operator":"BMTC","osm_id":1104241017}},{"type":"Feature","geometry":{"type":"Point","coordinates":[77.7619544,13.0531119]},"properties":{"name":"Katamanallur Gate","operator":"BMTC","osm_id":1104250533}},{"type":"Feature","geometry":{"type":"Point","coordinates":[77.5450862,12.9677004]},"properties":{"name":"Pipeline RPC layout","operator":"BMTC","osm_id":1108008962}},{"type":"Feature","geometry":{"type":"Point","coordinates":[77.4704723,12.9043928]},"properties":{"name":"Nice Road Junction","operator":"BMTC","osm_id":1110308998}},{"type":"Feature","geometry":{"type":"Point","coordinates":[77.4734496,12.9068713]},"properties":{"name":"BMTC Depot-12 Gate","operator":"BMTC","osm_id":1110309093}},{"type":"Feature","geometry":{"type":"Point","coordinates":[77.4842374,12.9103981]},"properties":{"name":"Kengeri Police Station","operator":"BMTC","osm_id":1110309118}},{"type":"Feature","geometry":{"type":"Point","coordinates":[77.4706865,12.9045073]},"properties":{"name":"Nice Road Junction","operator":"BMTC","osm_id":1110309129}},{"type":"Feature","geometry":{"type":"Point","coordinates":[77.6907375,12.9973474]},"properties":{"name":"Mahadevapura","operator":"BMTC","osm_id":1115282604}},{"type":"Feature","geometry":{"type":"Point","coordinates":[77.7193814,12.9770273]},"properties":{"name":"I Gate ITPL Road","operator":"BMTC","osm_id":1127347248}},{"type":"Feature","geometry":{"type":"Point","coordinates":[77.7076659,12.992777]},"properties":{"name":"Bhoruka Steel Limited Bus Stop","operator":"BMTC","osm_id":1131031327}},{"type":"Feature","geometry":{"type":"Point","coordinates":[77.5665904,12.8986418]},"properties":{"name":"Kashinagara","operator":"BMTC","osm_id":1148858382}},{"type":"Feature","geometry":{"type":"Point","coordinates":[77.6062387,12.9484939]},"properties":{"name":"Pothalappa Garden","operator":"BMTC","osm_id":1156224150}},{"type":"Feature","geometry":{"type":"Point","coordinates":[77.5694116,12.9998968]},"properties":{"name":"Malleshwaram 8th Cross","operator":"BMTC","osm_id":1176722296}},{"type":"Feature","geometry":{"type":"Point","coordinates":[77.6411934,12.9740536]},"properties":{"name":"Indiranagar 6th Main","operator":"BMTC","osm_id":1185757004}},{"type":"Feature","geometry":{"type":"Point","coordinates":[77.5853472,12.860915]},"properties":{"name":"Bhagya Nagara","operator":"BMTC","osm_id":1210179996}},{"type":"Feature","geometry":{"type":"Point","coordinates":[77.6409736,12.973626]},"properties":{"name":"Indiranagar 6th main","operator":"BMTC","osm_id":1232740597}},{"type":"Feature","geometry":{"type":"Point","coordinates":[77.5901048,13.0429393]},"properties":{"name":"Hebbal BIAS","operator":"BMTC","osm_id":1232907904}},{"type":"Feature","geometry":{"type":"Point","coordinates":[77.6413321,12.9583971]},"properties":{"name":"Domlur Bridge","operator":"BMTC","osm_id":1282881207}},{"type":"Feature","geometry":{"type":"Point","coordinates":[77.4777583,12.9518239]},"properties":{"name":"Hullala Cross","operator":"BMTC","osm_id":1285970605}},{"type":"Feature","geometry":{"type":"Point","coordinates":[77.4869048,12.9425223]},"properties":{"name":"Bhuvaneshwari Nagara 2nd Stage","operator":"BMTC","osm_id":1285970643}},{"type":"Feature","geometry":{"type":"Point","coordinates":[77.4801715,12.9557008]},"properties":{"name":"Ullalu","operator":"BMTC","osm_id":1285970661}},{"type":"Feature","geometry":{"type":"Point","coordinates":[77.5006817,12.958835]},"properties":{"name":"Mallathahalli","operator":"BMTC","osm_id":1285970677}},{"type":"Feature","geometry":{"type":"Point","coordinates":[77.479779,12.9748467]},"properties":{"name":"Bilikallu","operator":"BMTC","osm_id":1285970704}},{"type":"Feature","geometry":{"type":"Point","coordinates":[77.6160405,12.9894017]},"properties":{"name":"Hockey Ground","operator":"BMTC","osm_id":1290058665}},{"type":"Feature","geometry":{"type":"Point","coordinates":[77.58927,13.0359019]},"properties":{"name":"Canara Bank Hebbal","operator":"BMTC","osm_id":1299725610}},{"type":"Feature","geometry":{"type":"Point","coordinates":[77.5533292,12.9303421]},"properties":{"name":"Bus Stop","operator":"BMTC","osm_id":1307680256}},{"type":"Feature","geometry":{"type":"Point","coordinates":[77.4883159,13.0763334]},"properties":{"name":"Thammenahalli Palya","operator":"BMTC","osm_id":1318807705}},{"type":"Feature","geometry":{"type":"Point","coordinates":[77.4841613,13.0835119]},"properties":{"name":"Acharya Institute of Technology","operator":"BMTC","osm_id":1318807736}},{"type":"Feature","geometry":{"type":"Point","coordinates":[77.4865932,13.0841656]},"properties":{"name":"Achyuthanagara Gate","operator":"BMTC","osm_id":1318807746}},{"type":"Feature","geometry":{"type":"Point","coordinates":[77.5516935,12.8844598]},"properties":{"name":"Gubbalala Cross","operator":"BMTC","osm_id":1318917198}},{"type":"Feature","geometry":{"type":"Point","coordinates":[77.5641528,12.8901806]},"properties":{"name":"Konanakunte Cross","operator":"BMTC","osm_id":1318987637}},{"type":"Feature","geometry":{"type":"Point","coordinates":[77.5736663,12.9576092]},"properties":{"name":"Makkala Koota","operator":"BMTC","osm_id":1323690429}},{"type":"Feature","geometry":{"type":"Point","coordinates":[77.585959,12.8977428]},"properties":{"name":"Shobha Tulip JP Nagara","operator":"BMTC","osm_id":1326430789}},{"type":"Feature","geometry":{"type":"Point","coordinates":[77.5857678,12.9054868]},"properties":{"name":"Nandini Hotel JP Nagara","operator":"BMTC","osm_id":1331946775}},{"type":"Feature","geometry":{"type":"Point","coordinates":[77.5645696,13.0064485]},"properties":{"name":"15th Cross Malleshwaram","operator":"BMTC","osm_id":1333606520}},{"type":"Feature","geometry":{"type":"Point","coordinates":[77.5750342,12.8854954]},"properties":{"name":"Chunchaghatta","operator":"BMTC","osm_id":1336663427}},{"type":"Feature","geometry":{"type":"Point","coordinates":[77.5737784,12.8760626]},"properties":{"name":"Adithya Nagara","operator":"BMTC","osm_id":1336687526}},{"type":"Feature","geometry":{"type":"Point","coordinates":[77.7183991,12.9650143]},"properties":{"name":"Cosmos","operator":"BMTC","osm_id":1339602948}},{"type":"Feature","geometry":{"type":"Point","coordinates":[77.5270503,12.8350827]},"properties":{"name":"Vaddarapalya","operator":"BMTC","osm_id":1345825916}},{"type":"Feature","geometry":{"type":"Point","coordinates":[77.7419046,13.061207]},"properties":{"name":"S K F Factory","operator":"BMTC","osm_id":1356096198}},{"type":"Feature","geometry":{"type":"Point","coordinates":[77.7469875,13.0744584]},"properties":{"name":"Bommenahalli","operator":"BMTC","osm_id":1356101107}},{"type":"Feature","geometry":{"type":"Point","coordinates":[77.5884792,12.9857937]},"properties":{"name":"Basava Bhavan","operator":"BMTC","osm_id":1363295016}},{"type":"Feature","geometry":{"type":"Point","coordinates":[77.7412468,12.9570526]},"properties":{"name":"Ramagondanahalli Varthuru","operator":"BMTC","osm_id":1368117334}},{"type":"Feature","geometry":{"type":"Point","coordinates":[77.7524221,12.9840364]},"properties":{"name":"Hope Farm","operator":"BMTC","osm_id":1368828989}},{"type":"Feature","geometry":{"type":"Point","coordinates":[77.7536745,12.9835493]},"properties":{"name":"Bus Stop","operator":"BMTC","osm_id":1368829019}},{"type":"Feature","geometry":{"type":"Point","coordinates":[77.7516712,12.9838863]},"properties":{"name":"Hope Farm","operator":"BMTC","osm_id":1368829031}},{"type":"Feature","geometry":{"type":"Point","coordinates":[77.7526879,12.9840547]},"properties":{"name":"Hope Farm","operator":"BMTC","osm_id":1368829037}},{"type":"Feature","geometry":{"type":"Point","coordinates":[77.6073304,13.0395699]},"properties":{"name":"Kanaka Nagar","operator":"BMTC","osm_id":1370783365}},{"type":"Feature","geometry":{"type":"Point","coordinates":[77.7140693,12.9677017]},"properties":{"name":"CMRIT","operator":"BMTC","osm_id":1382502116}},{"type":"Feature","geometry":{"type":"Point","coordinates":[77.7142023,12.9675475]},"properties":{"name":"CMRIT","operator":"BMTC","osm_id":1382502171}},{"type":"Feature","geometry":{"type":"Point","coordinates":[77.731685,12.9862452]},"properties":{"name":"ITPL Back Gate","operator":"BMTC","osm_id":1382528617}},{"type":"Feature","geometry":{"type":"Point","coordinates":[77.7315457,12.9864828]},"properties":{"name":"ITPL Back Gate","operator":"BMTC","osm_id":1382528650}},{"type":"Feature","geometry":{"type":"Point","coordinates":[77.5430925,12.948072]},"properties":{"name":"Timber Yard Layout","operator":"BMTC","osm_id":1383042530}},{"type":"Feature","geometry":{"type":"Point","coordinates":[77.7617553,12.9829217]},"properties":{"name":"MVJ College","operator":"BMTC","osm_id":1384732673}},{"type":"Feature","geometry":{"type":"Point","coordinates":[77.5471118,12.914587]},"properties":{"name":"Ramanjaneya Layout Cross","operator":"BMTC","osm_id":1388142920}},{"type":"Feature","geometry":{"type":"Point","coordinates":[77.5499424,12.9140778]},"properties":{"name":"Mahesh Medicals","operator":"BMTC","osm_id":1388143410}},{"type":"Feature","geometry":{"type":"Point","coordinates":[77.5913849,12.8993288]},"properties":{"name":"Vinayaka Nagara Telecom Layout","operator":"BMTC","osm_id":1397248004}},{"type":"Feature","geometry":{"type":"Point","coordinates":[77.4848368,12.8820567]},"properties":{"name":"Hemmigepura","operator":"BMTC","osm_id":1414325865}},{"type":"Feature","geometry":{"type":"Point","coordinates":[77.4775546,12.8888387]},"properties":{"name":"Doddabele","operator":"BMTC","osm_id":1414325935}},{"type":"Feature","geometry":{"type":"Point","coordinates":[77.4715126,12.8743403]},"properties":{"name":"Muneshwara Layout","operator":"BMTC","osm_id":1414325957}},{"type":"Feature","geometry":{"type":"Point","coordinates":[77.6394582,12.8895775]},"properties":{"name":"Kudlu Gate","operator":"BMTC","osm_id":1417340828}},{"type":"Feature","geometry":{"type":"Point","coordinates":[77.6414969,12.9636711]},"properties":{"name":"HAL 2nd Stage","operator":"BMTC","osm_id":1420113193}},{"type":"Feature","geometry":{"type":"Point","coordinates":[77.6022429,13.0221707]},"properties":{"name":"Sultanpalya Cross Pushpanjali Talkies","operator":"BMTC","osm_id":1422403248}},{"type":"Feature","geometry":{"type":"Point","coordinates":[77.7769053,12.9117722]},"properties":{"name":"Nerige","operator":"BMTC","osm_id":1423380067}},{"type":"Feature","geometry":{"type":"Point","coordinates":[77.6561107,12.9592148]},"properties":{"name":"Murugeshpallya","operator":"BMTC","osm_id":1426776304}},{"type":"Feature","geometry":{"type":"Point","coordinates":[77.5839399,13.0198429]},"properties":{"name":"Mekhri Circle","operator":"BMTC","osm_id":1435578889}},{"type":"Feature","geometry":{"type":"Point","coordinates":[77.6571776,12.9962665]},"properties":{"name":"Sadananda Nagar Bus Stop","operator":"BMTC","osm_id":1436191050}},{"type":"Feature","geometry":{"type":"Point","coordinates":[77.5881666,12.9461961]},"properties":{"name":"Lalbagh Siddapura (Lalbagh East Gate)","operator":"BMTC","osm_id":1442068021}},{"type":"Feature","geometry":{"type":"Point","coordinates":[77.5837112,12.9367107]},"properties":{"name":"Madavan Park, Jayanagara 3Rd Block","operator":"BMTC","osm_id":1442068029}},{"type":"Feature","geometry":{"type":"Point","coordinates":[77.5959207,12.9465769]},"properties":{"name":"Wilson Garden 10th Cross","operator":"BMTC","osm_id":1442068030}},{"type":"Feature","geometry":{"type":"Point","coordinates":[77.5853342,12.9432815]},"properties":{"name":"Ashoka Pillar","operator":"BMTC","osm_id":1442068036}},{"type":"Feature","geometry":{"type":"Point","coordinates":[77.5846389,12.9437023]},"properties":{"name":"Ashoka Pillar","operator":"BMTC","osm_id":1442068037}},{"type":"Feature","geometry":{"type":"Point","coordinates":[77.5895276,12.9330035]},"properties":{"name":"Byrasandra","operator":"BMTC","osm_id":1448634282}},{"type":"Feature","geometry":{"type":"Point","coordinates":[77.5970971,12.9438411]},"properties":{"name":"Lakkasandra","operator":"BMTC","osm_id":1448635322}},{"type":"Feature","geometry":{"type":"Point","coordinates":[77.5973913,12.9429415]},"properties":{"name":"Lakkasandra","operator":"BMTC","osm_id":1448635327}},{"type":"Feature","geometry":{"type":"Point","coordinates":[77.6658243,12.9583169]},"properties":{"name":"HAL Main Gate","operator":"BMTC","osm_id":1454651907}},{"type":"Feature","geometry":{"type":"Point","coordinates":[77.6257392,12.9645337]},"properties":{"name":"Command Hospital","operator":"BMTC","osm_id":1454651909}},{"type":"Feature","geometry":{"type":"Point","coordinates":[77.740183,13.0626717]},"properties":{"name":"Grind Well","operator":"BMTC","osm_id":1459986597}},{"type":"Feature","geometry":{"type":"Point","coordinates":[77.5592368,13.0795041]},"properties":{"name":"Echal Mara Vidyaranyapura","operator":"BMTC","osm_id":1463626190}},{"type":"Feature","geometry":{"type":"Point","coordinates":[77.5910055,12.9170791]},"properties":{"name":"Shanthi Park Apartments","operator":"BMTC","osm_id":1463770311}},{"type":"Feature","geometry":{"type":"Point","coordinates":[77.573808,12.9360201]},"properties":{"name":"Tata Silk Farm","operator":"BMTC","osm_id":1464908663}},{"type":"Feature","geometry":{"type":"Point","coordinates":[77.5737367,12.929282]},"properties":{"name":"MM industries","operator":"BMTC","osm_id":1464922039}},{"type":"Feature","geometry":{"type":"Point","coordinates":[77.6207095,12.9410328]},"properties":{"name":"Koramangala Police Station","operator":"BMTC","osm_id":1464962566}},{"type":"Feature","geometry":{"type":"Point","coordinates":[77.5541632,13.0061968]},"properties":{"name":"St. Theresa Hospital","operator":"BMTC","osm_id":1465059596}},{"type":"Feature","geometry":{"type":"Point","coordinates":[77.559347,12.9416092]},"properties":{"name":"Nirmala Stores, Hanumantha Nagara","operator":"BMTC","osm_id":1466724591}},{"type":"Feature","geometry":{"type":"Point","coordinates":[77.6093088,12.9167951]},"properties":{"name":"16th Main BTM Layout","operator":"BMTC","osm_id":1466857947}},{"type":"Feature","geometry":{"type":"Point","coordinates":[77.6667825,12.9585349]},"properties":{"name":"HAL Main Gate","operator":"BMTC","osm_id":1467246058}},{"type":"Feature","geometry":{"type":"Point","coordinates":[77.5497593,12.9866618]},"properties":{"name":"Dhobi Ghat Rajajinagara","operator":"BMTC","osm_id":1468911089}},{"type":"Feature","geometry":{"type":"Point","coordinates":[77.5450126,12.9850456]},"properties":{"name":"Dasarahalli Kere","operator":"BMTC","osm_id":1468911091}},{"type":"Feature","geometry":{"type":"Point","coordinates":[77.550811,12.9871136]},"properties":{"name":"Dhobi Ghat Rajajinagara","operator":"BMTC","osm_id":1468911092}},{"type":"Feature","geometry":{"type":"Point","coordinates":[77.6098881,12.9932421]},"properties":{"name":"Coles Park","operator":"BMTC","osm_id":1469196565}},{"type":"Feature","geometry":{"type":"Point","coordinates":[77.5481507,13.0077468]},"properties":{"name":"Mahalakshmi Layout Entrance","operator":"BMTC","osm_id":1470544932}},{"type":"Feature","geometry":{"type":"Point","coordinates":[77.5601119,12.9973631]},"properties":{"name":"Harishchandra Ghat Bus Stop","operator":"BMTC","osm_id":1470547294}},{"type":"Feature","geometry":{"type":"Point","coordinates":[77.6182202,12.9370255]},"properties":{"name":"Koramangala Kalyana Mantapa","operator":"BMTC","osm_id":1471128637}},{"type":"Feature","geometry":{"type":"Point","coordinates":[77.6300651,12.904862]},"properties":{"name":"Bommanahalli","operator":"BMTC","osm_id":1471687832}},{"type":"Feature","geometry":{"type":"Point","coordinates":[77.5439447,13.0085772]},"properties":{"name":"Srinivasa Temple","operator":"BMTC","osm_id":1471776617}},{"type":"Feature","geometry":{"type":"Point","coordinates":[77.5499931,13.0037738]},"properties":{"name":"1st Block Rajajinagara Diacon Hospital","operator":"BMTC","osm_id":1471781029}},{"type":"Feature","geometry":{"type":"Point","coordinates":[77.6414375,12.9545191]},"properties":{"name":"Domlur Herohonda Stop","operator":"BMTC","osm_id":1471781253}},{"type":"Feature","geometry":{"type":"Point","coordinates":[77.6469899,12.8773381]},"properties":{"name":"Singasandra","operator":"BMTC","osm_id":1471813604}},{"type":"Feature","geometry":{"type":"Point","coordinates":[77.5985128,13.0580537]},"properties":{"name":"Amrutha Nagar","operator":"BMTC","osm_id":1472134470}},{"type":"Feature","geometry":{"type":"Point","coordinates":[77.6245363,12.8797812]},"properties":{"name":"Aralekatte Bus Stop","operator":"BMTC","osm_id":1472141960}},{"type":"Feature","geometry":{"type":"Point","coordinates":[77.75002,12.97053]},"properties":{"name":"Whitefield","operator":"BMTC","osm_id":1472791595}},{"type":"Feature","geometry":{"type":"Point","coordinates":[77.6332091,12.9302496]},"properties":{"name":"Kormangala 7th Block","operator":"BMTC","osm_id":1472871827}},{"type":"Feature","geometry":{"type":"Point","coordinates":[77.6332979,12.9288562]},"properties":{"name":"Wipro Park","operator":"BMTC","osm_id":1472871982}},{"type":"Feature","geometry":{"type":"Point","coordinates":[77.6159932,12.8678276]},"properties":{"name":"Yelenahalli Bus Stop","operator":"BMTC","osm_id":1472934564}},{"type":"Feature","geometry":{"type":"Point","coordinates":[77.5545923,12.9442619]},"properties":{"name":"Srinagara Bus Station","operator":"BMTC","osm_id":1473255017}},{"type":"Feature","geometry":{"type":"Point","coordinates":[77.6357338,12.8962931]},"properties":{"name":"Garavebhavipalaya","operator":"BMTC","osm_id":1473298100}},{"type":"Feature","geometry":{"type":"Point","coordinates":[77.6211976,12.9214943]},"properties":{"name":"Madiwala Market","operator":"BMTC","osm_id":1473298101}},{"type":"Feature","geometry":{"type":"Point","coordinates":[77.5849405,12.9172031]},"properties":{"name":"Jayanagar 5th Block","operator":"BMTC","osm_id":1473879998}},{"type":"Feature","geometry":{"type":"Point","coordinates":[77.5359036,13.0008414]},"properties":{"name":"Kurubarahalli Main Road","operator":"BMTC","osm_id":1473896296}},{"type":"Feature","geometry":{"type":"Point","coordinates":[77.5787511,12.9109432]},"properties":{"name":"Indira Gandhi Circle, Shakambari Nagara","operator":"BMTC","osm_id":1473995564}},{"type":"Feature","geometry":{"type":"Point","coordinates":[77.5785453,12.9170647]},"properties":{"name":"Sangam Circle","operator":"BMTC","osm_id":1473998140}},{"type":"Feature","geometry":{"type":"Point","coordinates":[77.6411842,12.9698439]},"properties":{"name":"HAL 2nd Stage","operator":"BMTC","osm_id":1474220561}},{"type":"Feature","geometry":{"type":"Point","coordinates":[77.6145966,12.9356088]},"properties":{"name":"Jyothi Nivas College","operator":"BMTC","osm_id":1474432219}},{"type":"Feature","geometry":{"type":"Point","coordinates":[77.5507765,12.9958434]},"properties":{"name":"Manjunatha Nagara","operator":"BMTC","osm_id":1474819890}},{"type":"Feature","geometry":{"type":"Point","coordinates":[77.5492029,12.9819588]},"properties":{"name":"Industrial Area Rajajiangara","operator":"BMTC","osm_id":1474821314}},{"type":"Feature","geometry":{"type":"Point","coordinates":[77.5513914,12.9740655]},"properties":{"name":"Prasanna Talkies","operator":"BMTC","osm_id":1474827877}},{"type":"Feature","geometry":{"type":"Point","coordinates":[77.5418392,12.9738809]},"properties":{"name":"Manu Vana","operator":"BMTC","osm_id":1474827886}},{"type":"Feature","geometry":{"type":"Point","coordinates":[77.5384944,12.9734849]},"properties":{"name":"Vijayanagar","operator":"BMTC","osm_id":1474835640}},{"type":"Feature","geometry":{"type":"Point","coordinates":[77.5360222,12.9677402]},"properties":{"name":"Maruti Mandira","operator":"BMTC","osm_id":1474835884}},{"type":"Feature","geometry":{"type":"Point","coordinates":[77.5317178,12.9600015]},"properties":{"name":"Income Tax Layout","operator":"BMTC","osm_id":1474854780}},{"type":"Feature","geometry":{"type":"Point","coordinates":[77.5349754,12.9481302]},"properties":{"name":"BHEL Gate","operator":"BMTC","osm_id":1474854781}},{"type":"Feature","geometry":{"type":"Point","coordinates":[77.5363876,12.9537543]},"properties":{"name":"Deepanjalinagara","operator":"BMTC","osm_id":1474854800}},{"type":"Feature","geometry":{"type":"Point","coordinates":[77.5184637,12.9355816]},"properties":{"name":"Rajarajeshwarinagara Gate","operator":"BMTC","osm_id":1474854807}},{"type":"Feature","geometry":{"type":"Point","coordinates":[77.6300243,13.0013972]},"properties":{"name":"Jai Bharath Nagar","operator":"BMTC","osm_id":1474863985}},{"type":"Feature","geometry":{"type":"Point","coordinates":[77.6346165,13.0027048]},"properties":{"name":"Maruthi Sevanagar","operator":"BMTC","osm_id":1474864004}},{"type":"Feature","geometry":{"type":"Point","coordinates":[77.6347249,13.0026039]},"properties":{"name":"Maruthi Sevanagar","operator":"BMTC","osm_id":1474864012}},{"type":"Feature","geometry":{"type":"Point","coordinates":[77.6299816,13.0015258]},"properties":{"name":"Jai Bharath Nagara","operator":"BMTC","osm_id":1474864013}},{"type":"Feature","geometry":{"type":"Point","coordinates":[77.6298897,13.0210038]},"properties":{"name":"Kacharakanahalli","operator":"BMTC","osm_id":1474877585}},{"type":"Feature","geometry":{"type":"Point","coordinates":[77.6294852,13.016685]},"properties":{"name":"Jyothi School","operator":"BMTC","osm_id":1474877609}},{"type":"Feature","geometry":{"type":"Point","coordinates":[77.6280208,12.9949718]},"properties":{"name":"Jeevanahalli","operator":"BMTC","osm_id":1485686875}},{"type":"Feature","geometry":{"type":"Point","coordinates":[77.5179214,13.0440634]},"properties":{"name":"Munikondappa Badavane","operator":"BMTC","osm_id":1485692812}},{"type":"Feature","geometry":{"type":"Point","coordinates":[77.5173296,13.0647697]},"properties":{"name":"Shettty Halli","operator":"BMTC","osm_id":1485692894}},{"type":"Feature","geometry":{"type":"Point","coordinates":[77.5159428,13.0672443]},"properties":{"name":"Medarahalli Railway Cross","operator":"BMTC","osm_id":1485692927}},{"type":"Feature","geometry":{"type":"Point","coordinates":[77.5045233,13.0753344]},"properties":{"name":"Chikka Banawara Railway Gate","operator":"BMTC","osm_id":1485693042}},{"type":"Feature","geometry":{"type":"Point","coordinates":[77.6378479,12.9829803]},"properties":{"name":"Indira Nagar Police Station","operator":"BMTC","osm_id":1488405361}},{"type":"Feature","geometry":{"type":"Point","coordinates":[77.6362677,12.9781439]},"properties":{"name":"Double Road Indiranagara","operator":"BMTC","osm_id":1488405362}},{"type":"Feature","geometry":{"type":"Point","coordinates":[77.6369094,12.9782961]},"properties":{"name":"Indira Nagar Double Road","operator":"BMTC","osm_id":1488405363}},{"type":"Feature","geometry":{"type":"Point","coordinates":[77.7502058,13.0463995]},"properties":{"name":"Budigere Cross","operator":"BMTC","osm_id":1490428102}},{"type":"Feature","geometry":{"type":"Point","coordinates":[77.7323989,12.9564443]},"properties":{"name":"Siddapura (towards Whitefield)","operator":"BMTC","osm_id":1504737976}},{"type":"Feature","geometry":{"type":"Point","coordinates":[77.6656229,12.9716047]},"properties":{"name":"Jagadeesha nagar","operator":"BMTC","osm_id":1508833352}},{"type":"Feature","geometry":{"type":"Point","coordinates":[77.5224516,12.954513]},"properties":{"name":"Siddaganga School","operator":"BMTC","osm_id":1511677052}},{"type":"Feature","geometry":{"type":"Point","coordinates":[77.5304054,12.965621]},"properties":{"name":"Vinayaka Layout","operator":"BMTC","osm_id":1512572147}},{"type":"Feature","geometry":{"type":"Point","coordinates":[77.5248635,12.9706816]},"properties":{"name":"Moodalapalya","operator":"BMTC","osm_id":1517886988}},{"type":"Feature","geometry":{"type":"Point","coordinates":[77.549117,12.9855178]},"properties":{"name":"Dhobi Ghat Rajajinagara","operator":"BMTC","osm_id":1520838605}},{"type":"Feature","geometry":{"type":"Point","coordinates":[77.556424,12.9861053]},"properties":{"name":"Rama Mandira Rajajinagara","operator":"BMTC","osm_id":1520838870}},{"type":"Feature","geometry":{"type":"Point","coordinates":[77.5605585,12.9757998]},"properties":{"name":"Magadi Road 5th Cross","operator":"BMTC","osm_id":1521036512}},{"type":"Feature","geometry":{"type":"Point","coordinates":[77.5567775,12.9757116]},"properties":{"name":"Magadi Road 10th Cross","operator":"BMTC","osm_id":1521343675}},{"type":"Feature","geometry":{"type":"Point","coordinates":[77.5736696,12.9411299]},"properties":{"name":"Basavanagudi Police Station","operator":"BMTC","osm_id":1522519253}},{"type":"Feature","geometry":{"type":"Point","coordinates":[77.6173316,12.9655617]},"properties":{"name":"Military Accounts Office","operator":"BMTC","osm_id":1523557809}},{"type":"Feature","geometry":{"type":"Point","coordinates":[77.7267713,12.9769458]},"properties":{"name":"Vydehi Hospital","operator":"BMTC","osm_id":1523569750}},{"type":"Feature","geometry":{"type":"Point","coordinates":[77.5750744,13.0146911]},"properties":{"name":"CPRI","operator":"BMTC","osm_id":1526010059}},{"type":"Feature","geometry":{"type":"Point","coordinates":[77.5305215,12.9998012]},"properties":{"name":"Cauvery Nagara","operator":"BMTC","osm_id":1551513238}},{"type":"Feature","geometry":{"type":"Point","coordinates":[77.5405419,12.9239853]},"properties":{"name":"Dattatraya Nagara Temple","operator":"BMTC","osm_id":1552140883}},{"type":"Feature","geometry":{"type":"Point","coordinates":[77.5325737,13.0099244]},"properties":{"name":"Jai Maruthi Nagara","operator":"BMTC","osm_id":1554171872}},{"type":"Feature","geometry":{"type":"Point","coordinates":[77.5304051,13.0087813]},"properties":{"name":"Sakamma Badavane","operator":"BMTC","osm_id":1557118559}},{"type":"Feature","geometry":{"type":"Point","coordinates":[77.5041185,12.9997138]},"properties":{"name":"Hegganahalli Cross","operator":"BMTC","osm_id":1557141963}},{"type":"Feature","geometry":{"type":"Point","coordinates":[77.5025557,12.9958612]},"properties":{"name":"Neelagiri Thopu","operator":"BMTC","osm_id":1557169959}},{"type":"Feature","geometry":{"type":"Point","coordinates":[77.5044863,12.987464]},"properties":{"name":"Kebbala","operator":"BMTC","osm_id":1557176710}},{"type":"Feature","geometry":{"type":"Point","coordinates":[77.5382946,13.009146]},"properties":{"name":"Saraswathipuram","operator":"BMTC","osm_id":1557273055}},{"type":"Feature","geometry":{"type":"Point","coordinates":[77.6067323,12.9658793]},"properties":{"name":"Shoolay Circle","operator":"BMTC","osm_id":1557291133}},{"type":"Feature","geometry":{"type":"Point","coordinates":[77.5097263,13.004064]},"properties":{"name":"Kareem Sab Layout","operator":"BMTC","osm_id":1557409984}},{"type":"Feature","geometry":{"type":"Point","coordinates":[77.5207089,13.0200072]},"properties":{"name":"MEI Colony","operator":"BMTC","osm_id":1557441501}},{"type":"Feature","geometry":{"type":"Point","coordinates":[77.5319991,13.018559]},"properties":{"name":"Rajkumar Samadhi","operator":"BMTC","osm_id":1559233299}},{"type":"Feature","geometry":{"type":"Point","coordinates":[77.5262039,13.0155262]},"properties":{"name":"Lakshmidevi Nagara","operator":"BMTC","osm_id":1562366308}},{"type":"Feature","geometry":{"type":"Point","coordinates":[77.5190795,13.0197535]},"properties":{"name":"Rajani Farm","operator":"BMTC","osm_id":1563789423}},{"type":"Feature","geometry":{"type":"Point","coordinates":[77.5090774,13.0140998]},"properties":{"name":"Rajagopalanagar Rajni Farms","operator":"BMTC","osm_id":1564615106}},{"type":"Feature","geometry":{"type":"Point","coordinates":[77.5844925,12.9636018]},"properties":{"name":"Town Hall","operator":"BMTC","osm_id":1568922532}},{"type":"Feature","geometry":{"type":"Point","coordinates":[77.6815882,12.9717699]},"properties":{"name":"Srirama Reddy Layout","operator":"BMTC","osm_id":1569089718}},{"type":"Feature","geometry":{"type":"Point","coordinates":[77.6832961,13.0162427]},"properties":{"name":"Shanthi Layout","operator":"BMTC","osm_id":1572372510}},{"type":"Feature","geometry":{"type":"Point","coordinates":[77.7017553,12.9938939]},"properties":{"name":"Garudachar Palya","operator":"BMTC","osm_id":1573975041}},{"type":"Feature","geometry":{"type":"Point","coordinates":[77.4999947,12.9749168]},"properties":{"name":"Veeranna Palya","operator":"BMTC","osm_id":1575610024}},{"type":"Feature","geometry":{"type":"Point","coordinates":[77.7820117,12.9881152]},"properties":{"name":"Soukya Hospital Junction","operator":"BMTC","osm_id":1582740823}},{"type":"Feature","geometry":{"type":"Point","coordinates":[77.6070501,13.048398]},"properties":{"name":"Kempapura","operator":"BMTC","osm_id":1582763004}},{"type":"Feature","geometry":{"type":"Point","coordinates":[77.6000149,13.0498196]},"properties":{"name":"HMT House","operator":"BMTC","osm_id":1582763025}},{"type":"Feature","geometry":{"type":"Point","coordinates":[77.5044409,12.9944842]},"properties":{"name":"Vigneshwara Nagara","operator":"BMTC","osm_id":1588411575}},{"type":"Feature","geometry":{"type":"Point","coordinates":[77.4645807,13.0293215]},"properties":{"name":"Gangondanahalli Cross","operator":"BMTC","osm_id":1589314307}},{"type":"Feature","geometry":{"type":"Point","coordinates":[77.4677183,13.0217203]},"properties":{"name":"Gangondanahalli","operator":"BMTC","osm_id":1589314465}},{"type":"Feature","geometry":{"type":"Point","coordinates":[77.4705492,13.0003721]},"properties":{"name":"Kachohalli","operator":"BMTC","osm_id":1589314684}},{"type":"Feature","geometry":{"type":"Point","coordinates":[77.4612522,13.0371439]},"properties":{"name":"Lakshmipura","operator":"BMTC","osm_id":1589314795}},{"type":"Feature","geometry":{"type":"Point","coordinates":[77.4612535,13.0455346]},"properties":{"name":"Rajeshwarinagara","operator":"BMTC","osm_id":1589314866}},{"type":"Feature","geometry":{"type":"Point","coordinates":[77.4645099,13.0293165]},"properties":{"name":"Gangondanahalli Cross","operator":"BMTC","osm_id":1589314867}},{"type":"Feature","geometry":{"type":"Point","coordinates":[77.4829741,13.0170955]},"properties":{"name":"Thigalara Palya","operator":"BMTC","osm_id":1593070943}},{"type":"Feature","geometry":{"type":"Point","coordinates":[77.4834818,13.0137955]},"properties":{"name":"Anjaneya Temple Thigalarapalya","operator":"BMTC","osm_id":1593070948}},{"type":"Feature","geometry":{"type":"Point","coordinates":[77.478282,12.995243]},"properties":{"name":"G Hosahalli","operator":"BMTC","osm_id":1594859769}},{"type":"Feature","geometry":{"type":"Point","coordinates":[77.4901759,13.1067359]},"properties":{"name":"Kumbarahalli Cross","operator":"BMTC","osm_id":1594902864}},{"type":"Feature","geometry":{"type":"Point","coordinates":[77.6586055,12.8385045]},"properties":{"name":"Wipro Gate","operator":"BMTC","osm_id":1595181210}},{"type":"Feature","geometry":{"type":"Point","coordinates":[77.5931768,13.0500036]},"properties":{"name":"Kempapura Hebbala","operator":"BMTC","osm_id":1596104432}},{"type":"Feature","geometry":{"type":"Point","coordinates":[77.4692125,12.9539464]},"properties":{"name":"Manganahalli","operator":"BMTC","osm_id":1597376413}},{"type":"Feature","geometry":{"type":"Point","coordinates":[77.4831822,12.9607352]},"properties":{"name":"Upkar Residency Layout","operator":"BMTC","osm_id":1597376640}},{"type":"Feature","geometry":{"type":"Point","coordinates":[77.4678817,12.9454423]},"properties":{"name":"Ramasandra","operator":"BMTC","osm_id":1597377117}},{"type":"Feature","geometry":{"type":"Point","coordinates":[77.6199691,12.9735287]},"properties":{"name":"Lido","operator":"BMTC","osm_id":1597612576}},{"type":"Feature","geometry":{"type":"Point","coordinates":[77.6291994,12.9792372]},"properties":{"name":"Bus Stop","operator":"BMTC","osm_id":1597612577}},{"type":"Feature","geometry":{"type":"Point","coordinates":[77.6392171,12.9836621]},"properties":{"name":"Binnamangala","operator":"BMTC","osm_id":1597612578}},{"type":"Feature","geometry":{"type":"Point","coordinates":[77.6497862,12.9878506]},"properties":{"name":"NGEF","operator":"BMTC","osm_id":1597612579}},{"type":"Feature","geometry":{"type":"Point","coordinates":[77.6545382,12.9900587]},"properties":{"name":"Srinivasapura","operator":"BMTC","osm_id":1597612580}},{"type":"Feature","geometry":{"type":"Point","coordinates":[77.4754314,12.9749037]},"properties":{"name":"Bramha Devara Gudda","operator":"BMTC","osm_id":1597724579}},{"type":"Feature","geometry":{"type":"Point","coordinates":[77.6088054,12.9251875]},"properties":{"name":"Tavarekere Mori","operator":"BMTC","osm_id":1607671442}},{"type":"Feature","geometry":{"type":"Point","coordinates":[77.6052581,12.9205453]},"properties":{"name":"Old Gurrappana Palya","operator":"BMTC","osm_id":1607769466}},{"type":"Feature","geometry":{"type":"Point","coordinates":[77.5050255,12.9630301]},"properties":{"name":"Ambedkar Institute of Technology","operator":"BMTC","osm_id":1615691775}},{"type":"Feature","geometry":{"type":"Point","coordinates":[77.6066283,12.9633698]},"properties":{"name":"Johnson Market","operator":"BMTC","osm_id":1617749837}},{"type":"Feature","geometry":{"type":"Point","coordinates":[77.6010513,12.9604441]},"properties":{"name":"Nanjappa Circle","operator":"BMTC","osm_id":1617752128}},{"type":"Feature","geometry":{"type":"Point","coordinates":[77.5536626,13.0132261]},"properties":{"name":"Government Soap Factory","operator":"BMTC","osm_id":1624006354}},{"type":"Feature","geometry":{"type":"Point","coordinates":[77.5537255,13.0178803]},"properties":{"name":"Govardhan Talkies","operator":"BMTC","osm_id":1624006386}},{"type":"Feature","geometry":{"type":"Point","coordinates":[77.5766596,12.9639785]},"properties":{"name":"Krishnarajendra Market","operator":"BMTC","osm_id":1632815594}},{"type":"Feature","geometry":{"type":"Point","coordinates":[77.4951526,12.9274161]},"properties":{"name":"Dubasi Palya","operator":"BMTC","osm_id":1635323067}},{"type":"Feature","geometry":{"type":"Point","coordinates":[77.6205794,12.9727753]},"properties":{"name":"Trinity Circle","operator":"BMTC","osm_id":1635922811}},{"type":"Feature","geometry":{"type":"Point","coordinates":[77.6220531,12.9731715]},"properties":{"name":"Trinity Circle","operator":"BMTC","osm_id":1635922819}},{"type":"Feature","geometry":{"type":"Point","coordinates":[77.590791,12.9626801]},"properties":{"name":"Subbaiah Circle","operator":"BMTC","osm_id":1650296781}},{"type":"Feature","geometry":{"type":"Point","coordinates":[77.5972171,12.9263392]},"properties":{"name":"Carmel Convent","operator":"BMTC","osm_id":1657126257}},{"type":"Feature","geometry":{"type":"Point","coordinates":[77.5366913,12.9433213]},"properties":{"name":"Avalahalli New BDA Layout","operator":"BMTC","osm_id":1661806667}},{"type":"Feature","geometry":{"type":"Point","coordinates":[77.6206844,12.9443971]},"properties":{"name":"NDDA","operator":"BMTC","osm_id":1675238674}},{"type":"Feature","geometry":{"type":"Point","coordinates":[77.7608215,13.0270922]},"properties":{"name":"Bevina Mara","operator":"BMTC","osm_id":1678245549}},{"type":"Feature","geometry":{"type":"Point","coordinates":[77.501909,13.0571339]},"properties":{"name":"Bagalagunte Village","operator":"BMTC","osm_id":1681763325}},{"type":"Feature","geometry":{"type":"Point","coordinates":[77.4893818,13.0683203]},"properties":{"name":"Thotada Guddadahalli","operator":"BMTC","osm_id":1681763420}},{"type":"Feature","geometry":{"type":"Point","coordinates":[77.5022973,13.0804996]},"properties":{"name":"Chikka Banavara","operator":"BMTC","osm_id":1681763441}},{"type":"Feature","geometry":{"type":"Point","coordinates":[77.5009314,13.0607746]},"properties":{"name":"MEI Layout","operator":"BMTC","osm_id":1681763509}},{"type":"Feature","geometry":{"type":"Point","coordinates":[77.4953754,13.0625424]},"properties":{"name":"Sidedahalli","operator":"BMTC","osm_id":1681763531}},{"type":"Feature","geometry":{"type":"Point","coordinates":[77.4927168,13.065434]},"properties":{"name":"Meenakshi Layout","operator":"BMTC","osm_id":1681763604}},{"type":"Feature","geometry":{"type":"Point","coordinates":[77.4819095,13.11193]},"properties":{"name":"Thore Nagasandra cross","operator":"BMTC","osm_id":1681780198}},{"type":"Feature","geometry":{"type":"Point","coordinates":[77.4888939,13.0934254]},"properties":{"name":"Soladevana Halli Police Station","operator":"BMTC","osm_id":1681780221}},{"type":"Feature","geometry":{"type":"Point","coordinates":[77.6638835,12.9946174]},"properties":{"name":"Benniganahalli","operator":"BMTC","osm_id":1681877270}},{"type":"Feature","geometry":{"type":"Point","coordinates":[77.6640408,12.9942812]},"properties":{"name":"Benniganahalli","operator":"BMTC","osm_id":1681877283}},{"type":"Feature","geometry":{"type":"Point","coordinates":[77.7709828,13.0425433]},"properties":{"name":"Goruvugere Gate","operator":"BMTC","osm_id":1687330235}},{"type":"Feature","geometry":{"type":"Point","coordinates":[77.749998,12.969302]},"properties":{"name":"Whitefield","operator":"BMTC","osm_id":1694231761}},{"type":"Feature","geometry":{"type":"Point","coordinates":[77.6282801,12.9781648]},"properties":{"name":"Halasuru","operator":"BMTC","osm_id":1698055294}},{"type":"Feature","geometry":{"type":"Point","coordinates":[77.5191074,12.9878105]},"properties":{"name":"Summanahalli","operator":"BMTC","osm_id":1719192260}},{"type":"Feature","geometry":{"type":"Point","coordinates":[77.6039706,13.0266392]},"properties":{"name":"Sultanpalya","operator":"BMTC","osm_id":1722627985}},{"type":"Feature","geometry":{"type":"Point","coordinates":[77.6258541,12.9117119]},"properties":{"name":"Roopena Agrahara","operator":"BMTC","osm_id":1723780075}},{"type":"Feature","geometry":{"type":"Point","coordinates":[77.6260402,12.9119896]},"properties":{"name":"Roopena Agrahara","operator":"BMTC","osm_id":1723780077}},{"type":"Feature","geometry":{"type":"Point","coordinates":[77.6235628,12.9167972]},"properties":{"name":"Silk Board","operator":"BMTC","osm_id":1723812996}},{"type":"Feature","geometry":{"type":"Point","coordinates":[77.6301576,12.9053733]},"properties":{"name":"Bommanahalli","operator":"BMTC","osm_id":1723813009}},{"type":"Feature","geometry":{"type":"Point","coordinates":[77.6353965,12.8962015]},"properties":{"name":"Garavebhavipalaya","operator":"BMTC","osm_id":1723844502}},{"type":"Feature","geometry":{"type":"Point","coordinates":[77.6442785,12.843408]},"properties":{"name":"Thogur Cross","operator":"BMTC","osm_id":1724216387}},{"type":"Feature","geometry":{"type":"Point","coordinates":[77.6396808,12.8899174]},"properties":{"name":"Kudlu Gate","operator":"BMTC","osm_id":1725691266}},{"type":"Feature","geometry":{"type":"Point","coordinates":[77.6661087,12.8541313]},"properties":{"name":"Konappana Agrahara","operator":"BMTC","osm_id":1726116452}},{"type":"Feature","geometry":{"type":"Point","coordinates":[77.6465392,12.8787449]},"properties":{"name":"Singasandra","operator":"BMTC","osm_id":1727454962}},{"type":"Feature","geometry":{"type":"Point","coordinates":[77.5924255,13.0730444]},"properties":{"name":"GKVK Gate","operator":"BMTC","osm_id":1730792484}},{"type":"Feature","geometry":{"type":"Point","coordinates":[77.5842677,12.9639001]},"properties":{"name":"Town Hall","operator":"BMTC","osm_id":1739362330}},{"type":"Feature","geometry":{"type":"Point","coordinates":[77.5641724,12.9292591]},"properties":{"name":"Indira Nursing Home","operator":"BMTC","osm_id":1741234403}},{"type":"Feature","geometry":{"type":"Point","coordinates":[77.5647659,12.9245175]},"properties":{"name":"BDA Complex","operator":"BMTC","osm_id":1741240140}},{"type":"Feature","geometry":{"type":"Point","coordinates":[77.5698786,12.9262173]},"properties":{"name":"Post Office Stop","operator":"BMTC","osm_id":1741258860}},{"type":"Feature","geometry":{"type":"Point","coordinates":[77.5888569,13.0360866]},"properties":{"name":"Canara Bank Hebbala","operator":"BMTC","osm_id":1748652137}},{"type":"Feature","geometry":{"type":"Point","coordinates":[77.6013825,12.9956592]},"properties":{"name":"Canara Bank Millers Road","operator":"BMTC","osm_id":1749470458}},{"type":"Feature","geometry":{"type":"Point","coordinates":[77.5290443,12.9719567]},"properties":{"name":"Saraswathi Nagar, Police Chowky","operator":"BMTC","osm_id":1778901278}},{"type":"Feature","geometry":{"type":"Point","coordinates":[77.5357223,12.9585853]},"properties":{"name":"Hampinagara Bus Stand","operator":"BMTC","osm_id":1778949338}},{"type":"Feature","geometry":{"type":"Point","coordinates":[77.5638441,12.9569707]},"properties":{"name":"Rama Mandira Chamarajapet","operator":"BMTC","osm_id":1782180090}},{"type":"Feature","geometry":{"type":"Point","coordinates":[77.6519047,12.8405487]},"properties":{"name":"Concord Apartment Electronic City","operator":"BMTC","osm_id":1782809606}},{"type":"Feature","geometry":{"type":"Point","coordinates":[77.6244203,13.0407277]},"properties":{"name":"Nagavara Junction","operator":"BMTC","osm_id":1789912200}},{"type":"Feature","geometry":{"type":"Point","coordinates":[77.6384434,13.005436]},"properties":{"name":"Indian Oil","operator":"BMTC","osm_id":1791639737}},{"type":"Feature","geometry":{"type":"Point","coordinates":[77.5207241,12.9867833]},"properties":{"name":"Sumanahalli","operator":"BMTC","osm_id":1794141124}},{"type":"Feature","geometry":{"type":"Point","coordinates":[77.5195211,12.9867218]},"properties":{"name":"Summanahalli","operator":"BMTC","osm_id":1794142525}},{"type":"Feature","geometry":{"type":"Point","coordinates":[77.5191931,12.9876896]},"properties":{"name":"Summanahalli","operator":"BMTC","osm_id":1794144895}},{"type":"Feature","geometry":{"type":"Point","coordinates":[77.5056024,13.0081727]},"properties":{"name":"Bus Stop","operator":"BMTC","osm_id":1794170293}},{"type":"Feature","geometry":{"type":"Point","coordinates":[77.5217729,13.0237865]},"properties":{"name":"Rajagopalanagara Police Station","operator":"BMTC","osm_id":1794666952}},{"type":"Feature","geometry":{"type":"Point","coordinates":[77.5269261,13.0216202]},"properties":{"name":"Kanteerava Nagar","operator":"BMTC","osm_id":1794666961}},{"type":"Feature","geometry":{"type":"Point","coordinates":[77.5294031,13.0209486]},"properties":{"name":"Devasthana","operator":"BMTC","osm_id":1794666975}},{"type":"Feature","geometry":{"type":"Point","coordinates":[77.5662423,12.970623]},"properties":{"name":"Binny Mill","operator":"BMTC","osm_id":1806969494}},{"type":"Feature","geometry":{"type":"Point","coordinates":[77.6267752,12.994383]},"properties":{"name":"Cox Town Water Tank","operator":"BMTC","osm_id":1808894959}},{"type":"Feature","geometry":{"type":"Point","coordinates":[77.5427848,12.9785071]},"properties":{"name":"Dasarahalli","operator":"BMTC","osm_id":1809622906}},{"type":"Feature","geometry":{"type":"Point","coordinates":[77.538523,12.9919287]},"properties":{"name":"Kamalanagar 8th Main","operator":"BMTC","osm_id":1809669647}},{"type":"Feature","geometry":{"type":"Point","coordinates":[77.5285165,12.9682338]},"properties":{"name":"GKW Layout","operator":"BMTC","osm_id":1809694363}},{"type":"Feature","geometry":{"type":"Point","coordinates":[77.5362837,12.9676629]},"properties":{"name":"Maruthi Mandira","operator":"BMTC","osm_id":1809698937}},{"type":"Feature","geometry":{"type":"Point","coordinates":[77.5320623,12.9699014]},"properties":{"name":"Marenahalli","operator":"BMTC","osm_id":1809724440}},{"type":"Feature","geometry":{"type":"Point","coordinates":[77.5550387,12.9645656]},"properties":{"name":"Jagajeevanram Nagara","operator":"BMTC","osm_id":1809760719}},{"type":"Feature","geometry":{"type":"Point","coordinates":[77.5597183,12.9185388]},"properties":{"name":"Padmanabha Nagar (12B Stop)","operator":"BMTC","osm_id":1812680510}},{"type":"Feature","geometry":{"type":"Point","coordinates":[77.5636781,12.9756889]},"properties":{"name":"1st Cross Magadi Road","operator":"BMTC","osm_id":1820410900}},{"type":"Feature","geometry":{"type":"Point","coordinates":[77.5603926,12.9756577]},"properties":{"name":"5th Cross Magadi Road","operator":"BMTC","osm_id":1820411782}},{"type":"Feature","geometry":{"type":"Point","coordinates":[77.5564866,12.9755367]},"properties":{"name":"10th Cross Magadi Road","operator":"BMTC","osm_id":1820411843}},{"type":"Feature","geometry":{"type":"Point","coordinates":[77.5509453,12.974073]},"properties":{"name":"Prasanna Talkies","operator":"BMTC","osm_id":1820425367}},{"type":"Feature","geometry":{"type":"Point","coordinates":[77.5490047,12.9746245]},"properties":{"name":"Toll Gate","operator":"BMTC","osm_id":1820435756}},{"type":"Feature","geometry":{"type":"Point","coordinates":[77.538512,12.9084977]},"properties":{"name":"Arehalli","operator":"BMTC","osm_id":1835344435}},{"type":"Feature","geometry":{"type":"Point","coordinates":[77.4923086,12.9096102]},"properties":{"name":"Ashrama Savandarbar","operator":"BMTC","osm_id":1835344670}},{"type":"Feature","geometry":{"type":"Point","coordinates":[77.5582157,12.9115581]},"properties":{"name":"Prarthana School","operator":"BMTC","osm_id":1835344726}},{"type":"Feature","geometry":{"type":"Point","coordinates":[77.5693057,12.9158217]},"properties":{"name":"Yarab Nagara","operator":"BMTC","osm_id":1835344839}},{"type":"Feature","geometry":{"type":"Point","coordinates":[77.5147243,12.9296555]},"properties":{"name":"Raja Rajeshwari School","operator":"BMTC","osm_id":1835344951}},{"type":"Feature","geometry":{"type":"Point","coordinates":[77.5122943,12.9067912]},"properties":{"name":"Glass House Halage Vaderahalli","operator":"BMTC","osm_id":1835530182}},{"type":"Feature","geometry":{"type":"Point","coordinates":[77.5094358,12.9078152]},"properties":{"name":"BHEL Concrode Layout","operator":"BMTC","osm_id":1835530191}},{"type":"Feature","geometry":{"type":"Point","coordinates":[77.5115655,12.9195676]},"properties":{"name":"Pattanagere","operator":"BMTC","osm_id":1835530545}},{"type":"Feature","geometry":{"type":"Point","coordinates":[77.5111944,12.9269842]},"properties":{"name":"Raja Rajeshwari Temple","operator":"BMTC","osm_id":1835530763}},{"type":"Feature","geometry":{"type":"Point","coordinates":[77.5658489,12.9433354]},"properties":{"name":"Hanumantha Nagara Ward Office","operator":"BMTC","osm_id":1836940132}},{"type":"Feature","geometry":{"type":"Point","coordinates":[77.5799728,12.9495184]},"properties":{"name":"Lalbagh West Gate, V V Puram","operator":"BMTC","osm_id":1836940205}},{"type":"Feature","geometry":{"type":"Point","coordinates":[77.5554901,12.9505683]},"properties":{"name":"Jinke vana","operator":"BMTC","osm_id":1836940228}},{"type":"Feature","geometry":{"type":"Point","coordinates":[77.5804651,12.954972]},"properties":{"name":"Minerva Circle","operator":"BMTC","osm_id":1836940301}},{"type":"Feature","geometry":{"type":"Point","coordinates":[77.5592031,12.9573809]},"properties":{"name":"TR Mill, Raghavendra Colony","operator":"BMTC","osm_id":1836940316}},{"type":"Feature","geometry":{"type":"Point","coordinates":[77.5408913,12.9135288]},"properties":{"name":"AGS Layout Cross","operator":"BMTC","osm_id":1836982757}},{"type":"Feature","geometry":{"type":"Point","coordinates":[77.5273725,12.9186152]},"properties":{"name":"Haridasa Nagara","operator":"BMTC","osm_id":1836982798}},{"type":"Feature","geometry":{"type":"Point","coordinates":[77.5295868,12.9230604]},"properties":{"name":"Krishnappa Layout","operator":"BMTC","osm_id":1836982885}},{"type":"Feature","geometry":{"type":"Point","coordinates":[77.5313975,12.926515]},"properties":{"name":"Shaneshwara Temple","operator":"BMTC","osm_id":1836982933}},{"type":"Feature","geometry":{"type":"Point","coordinates":[77.5351394,12.9295271]},"properties":{"name":"Muneshwara Nagara Kerekodi","operator":"BMTC","osm_id":1836983010}},{"type":"Feature","geometry":{"type":"Point","coordinates":[77.5337319,12.9307461]},"properties":{"name":"Muneshwara Temple","operator":"BMTC","osm_id":1836983053}},{"type":"Feature","geometry":{"type":"Point","coordinates":[77.5396411,12.9304642]},"properties":{"name":"Hosakerehalli","operator":"BMTC","osm_id":1836983057}},{"type":"Feature","geometry":{"type":"Point","coordinates":[77.618541,12.9248868]},"properties":{"name":"Madivala Masjid","operator":"BMTC","osm_id":1837005146}},{"type":"Feature","geometry":{"type":"Point","coordinates":[77.5861425,12.928997]},"properties":{"name":"Jayanagara 4th Block","operator":"BMTC","osm_id":1837005174}},{"type":"Feature","geometry":{"type":"Point","coordinates":[77.5806403,12.8400106]},"properties":{"name":"Maruthi Badavane","operator":"BMTC","osm_id":1837284564}},{"type":"Feature","geometry":{"type":"Point","coordinates":[77.59808,12.8443934]},"properties":{"name":"Hommadevanahalli","operator":"BMTC","osm_id":1837284618}},{"type":"Feature","geometry":{"type":"Point","coordinates":[77.6852333,13.0054859]},"properties":{"name":"ITI Colony Gate","operator":"BMTC","osm_id":1837297436}},{"type":"Feature","geometry":{"type":"Point","coordinates":[77.6952052,13.0082237]},"properties":{"name":"Krishnarajapuram","operator":"BMTC","osm_id":1837297467}},{"type":"Feature","geometry":{"type":"Point","coordinates":[77.7678264,13.0567017]},"properties":{"name":"Hosakote Kodi","operator":"BMTC","osm_id":1837297596}},{"type":"Feature","geometry":{"type":"Point","coordinates":[77.783882,13.0702668]},"properties":{"name":"Hosakote High School","operator":"BMTC","osm_id":1837297664}},{"type":"Feature","geometry":{"type":"Point","coordinates":[77.7837843,13.0705714]},"properties":{"name":"Hosakote High School","operator":"BMTC","osm_id":1837297668}},{"type":"Feature","geometry":{"type":"Point","coordinates":[77.6002559,12.9466304]},"properties":{"name":"Wilson Garden 14th cross","operator":"BMTC","osm_id":1837395715}},{"type":"Feature","geometry":{"type":"Point","coordinates":[77.6061031,12.9756214]},"properties":{"name":"MG Road Parade Ground","operator":"BMTC","osm_id":1837445442}},{"type":"Feature","geometry":{"type":"Point","coordinates":[77.6557513,13.0194127]},"properties":{"name":"Horamavu Junction","operator":"BMTC","osm_id":1837693698}},{"type":"Feature","geometry":{"type":"Point","coordinates":[77.660337,13.0171497]},"properties":{"name":"Vijaya Bank Colony","operator":"BMTC","osm_id":1837693699}},{"type":"Feature","geometry":{"type":"Point","coordinates":[77.6636543,13.0287105]},"properties":{"name":"Jayanthi Nagar","operator":"BMTC","osm_id":1837693733}},{"type":"Feature","geometry":{"type":"Point","coordinates":[77.5738082,12.9497919]},"properties":{"name":"National College","operator":"BMTC","osm_id":1837716576}},{"type":"Feature","geometry":{"type":"Point","coordinates":[77.5737819,12.9569244]},"properties":{"name":"Makkala Koota","operator":"BMTC","osm_id":1837716632}},{"type":"Feature","geometry":{"type":"Point","coordinates":[77.6066504,12.9363231]},"properties":{"name":"Muneshwara Temple","operator":"BMTC","osm_id":1837777548}},{"type":"Feature","geometry":{"type":"Point","coordinates":[77.6093821,12.9993649]},"properties":{"name":"Harris Road","operator":"BMTC","osm_id":1837823370}},{"type":"Feature","geometry":{"type":"Point","coordinates":[77.6117068,13.0008749]},"properties":{"name":"Frazer Town","operator":"BMTC","osm_id":1837823396}},{"type":"Feature","geometry":{"type":"Point","coordinates":[77.5720707,12.9368284]},"properties":{"name":"Nagasandra Circle","operator":"BMTC","osm_id":1838656438}},{"type":"Feature","geometry":{"type":"Point","coordinates":[77.5300742,12.9047695]},"properties":{"name":"Patalamma Temple","operator":"BMTC","osm_id":1838767615}},{"type":"Feature","geometry":{"type":"Point","coordinates":[77.5301838,12.9047275]},"properties":{"name":"Patalamma Temple","operator":"BMTC","osm_id":1838767630}},{"type":"Feature","geometry":{"type":"Point","coordinates":[77.6763015,12.9998383]},"properties":{"name":"KR Puram Railway Station","operator":"BMTC","osm_id":1839942326}},{"type":"Feature","geometry":{"type":"Point","coordinates":[77.6165841,12.9955424]},"properties":{"name":"Sindhi Colony","operator":"BMTC","osm_id":1843581204}},{"type":"Feature","geometry":{"type":"Point","coordinates":[77.6169041,12.9957008]},"properties":{"name":"Sindhi Colony","operator":"BMTC","osm_id":1843585364}},{"type":"Feature","geometry":{"type":"Point","coordinates":[77.5311667,12.9757654]},"properties":{"name":"Shobha Hospital, Prashant Nagar","operator":"BMTC","osm_id":1843678531}},{"type":"Feature","geometry":{"type":"Point","coordinates":[77.5368731,12.9757026]},"properties":{"name":"Govindaraj Nagara","operator":"BMTC","osm_id":1843719344}},{"type":"Feature","geometry":{"type":"Point","coordinates":[77.5356902,12.981326]},"properties":{"name":"KHB Colony","operator":"BMTC","osm_id":1843729749}},{"type":"Feature","geometry":{"type":"Point","coordinates":[77.5950566,12.9074619]},"properties":{"name":"Jn Of 8Th Main And 3Rd Cross, Jp Nagara 2Nd Phase","operator":"BMTC","osm_id":1866239014}},{"type":"Feature","geometry":{"type":"Point","coordinates":[77.7811915,12.9863076]},"properties":{"name":"Thirumalashettyhalli Cross","operator":"BMTC","osm_id":1872584254}},{"type":"Feature","geometry":{"type":"Point","coordinates":[77.4647714,13.1187269]},"properties":{"name":"Govindapura Cross","operator":"BMTC","osm_id":1894246599}},{"type":"Feature","geometry":{"type":"Point","coordinates":[77.6603235,12.8509524]},"properties":{"name":"Crown Plaza","operator":"BMTC","osm_id":1894649482}},{"type":"Feature","geometry":{"type":"Point","coordinates":[77.583665,12.844515]},"properties":{"name":"Weavers Colony","operator":"BMTC","osm_id":1915288565}},{"type":"Feature","geometry":{"type":"Point","coordinates":[77.5474182,12.9665369]},"properties":{"name":"Telecom Layout","operator":"BMTC","osm_id":1931853250}},{"type":"Feature","geometry":{"type":"Point","coordinates":[77.5678787,12.9825341]},"properties":{"name":"Okalipura","operator":"BMTC","osm_id":1931886488}},{"type":"Feature","geometry":{"type":"Point","coordinates":[77.6271719,13.0370273]},"properties":{"name":"HBR Layout 5th Block","operator":"BMTC","osm_id":1942774520}},{"type":"Feature","geometry":{"type":"Point","coordinates":[77.6261302,13.0380621]},"properties":{"name":"HBR Layout 5th Block","operator":"BMTC","osm_id":1942774546}},{"type":"Feature","geometry":{"type":"Point","coordinates":[77.5133838,12.8678913]},"properties":{"name":"Nagegowdana Palya","operator":"BMTC","osm_id":1942843796}},{"type":"Feature","geometry":{"type":"Point","coordinates":[77.5568305,13.0451074]},"properties":{"name":"BEL Circle","operator":"BMTC","osm_id":1952787450}},{"type":"Feature","geometry":{"type":"Point","coordinates":[77.5566615,13.0464434]},"properties":{"name":"BEL Circle","operator":"BMTC","osm_id":1952787462}},{"type":"Feature","geometry":{"type":"Point","coordinates":[77.6348224,12.9825846]},"properties":{"name":"Indiranagar BMTC Depot","operator":"BMTC","osm_id":1977986509}},{"type":"Feature","geometry":{"type":"Point","coordinates":[77.5340756,12.9579314]},"properties":{"name":"Attiguppe","operator":"BMTC","osm_id":1979048420}},{"type":"Feature","geometry":{"type":"Point","coordinates":[77.5251924,13.0984105]},"properties":{"name":"Guni Agrahara","operator":"BMTC","osm_id":1983915347}},{"type":"Feature","geometry":{"type":"Point","coordinates":[77.5214425,13.088115]},"properties":{"name":"Somashettihalli","operator":"BMTC","osm_id":1983915925}},{"type":"Feature","geometry":{"type":"Point","coordinates":[77.6707682,12.8482046]},"properties":{"name":"Electronics City Depot No: 19 Gate","operator":"BMTC","osm_id":1989451124}},{"type":"Feature","geometry":{"type":"Point","coordinates":[77.6833497,13.0080094]},"properties":{"name":"ITI Circle","operator":"BMTC","osm_id":1989629128}},{"type":"Feature","geometry":{"type":"Point","coordinates":[77.5749819,12.961253]},"properties":{"name":"KR Market","operator":"BMTC","osm_id":2007574677}},{"type":"Feature","geometry":{"type":"Point","coordinates":[77.5488602,12.9745355]},"properties":{"name":"Toll Gate","operator":"BMTC","osm_id":2016220422}},{"type":"Feature","geometry":{"type":"Point","coordinates":[77.6012679,12.9358214]},"properties":{"name":"Bangalore Dairy Circle","operator":"BMTC","osm_id":2017878601}},{"type":"Feature","geometry":{"type":"Point","coordinates":[77.6014935,12.9374521]},"properties":{"name":"Bangalore Dairy Circle","operator":"BMTC","osm_id":2017901951}},{"type":"Feature","geometry":{"type":"Point","coordinates":[77.575556,12.8914833]},"properties":{"name":"Chunchagatta","operator":"BMTC","osm_id":2026478514}},{"type":"Feature","geometry":{"type":"Point","coordinates":[77.6936868,13.0084831]},"properties":{"name":"Krishnarajapuram","operator":"BMTC","osm_id":2041904597}},{"type":"Feature","geometry":{"type":"Point","coordinates":[77.7473875,13.023782]},"properties":{"name":"Doddabanahalli","operator":"BMTC","osm_id":2041904620}},{"type":"Feature","geometry":{"type":"Point","coordinates":[77.6951929,13.0080678]},"properties":{"name":"Krishnarajapuram","operator":"BMTC","osm_id":2041904684}},{"type":"Feature","geometry":{"type":"Point","coordinates":[77.5765214,12.936716]},"properties":{"name":"South End Road","operator":"Bangalore Metropolitan Transport Corporation","osm_id":2076240754}},{"type":"Feature","geometry":{"type":"Point","coordinates":[77.5802295,12.9411907]},"properties":{"name":"Vijaya College","operator":"BMTC","osm_id":2078431800}},{"type":"Feature","geometry":{"type":"Point","coordinates":[77.534645,12.9083786]},"properties":{"name":"Uttarahalli Water Tank","operator":"BMTC","osm_id":2078584588}},{"type":"Feature","geometry":{"type":"Point","coordinates":[77.535944,12.908823]},"properties":{"name":"Poornaprajna Layout","operator":"BMTC","osm_id":2078584589}},{"type":"Feature","geometry":{"type":"Point","coordinates":[77.5343208,13.0178043]},"properties":{"name":"Ramakrishna Nagara","operator":"BMTC","osm_id":2090822892}},{"type":"Feature","geometry":{"type":"Point","coordinates":[77.537064,12.9348213]},"properties":{"name":"PES College","operator":"BMTC","osm_id":2093292636}},{"type":"Feature","geometry":{"type":"Point","coordinates":[77.6845272,12.9108441]},"properties":{"name":"Moori Gate","operator":"BMTC","osm_id":2099691626}},{"type":"Feature","geometry":{"type":"Point","coordinates":[77.7286241,12.8923072]},"properties":{"name":"Sulikunte","operator":"BMTC","osm_id":2099714811}},{"type":"Feature","geometry":{"type":"Point","coordinates":[77.5753049,13.0535599]},"properties":{"name":"Tatanagar entrance","operator":"BMTC","osm_id":2112118255}},{"type":"Feature","geometry":{"type":"Point","coordinates":[77.5715256,13.0473961]},"properties":{"name":"Devinagara","operator":"BMTC","osm_id":2112118319}},{"type":"Feature","geometry":{"type":"Point","coordinates":[77.6663956,12.853297]},"properties":{"name":"Konappana Agrahara","operator":"BMTC","osm_id":2117002517}},{"type":"Feature","geometry":{"type":"Point","coordinates":[77.5575275,12.918619]},"properties":{"name":"Padmanabha Nagar (15 A) Bus Stop","operator":"BMTC","osm_id":2123543874}},{"type":"Feature","geometry":{"type":"Point","coordinates":[77.5454871,12.9107867]},"properties":{"name":"Ramanjenaya Nagara Bus Stop","operator":"BMTC","osm_id":2123582565}},{"type":"Feature","geometry":{"type":"Point","coordinates":[77.6394921,13.1236378]},"properties":{"name":"Delhi Public School","operator":"BMTC","osm_id":2124745473}},{"type":"Feature","geometry":{"type":"Point","coordinates":[77.6450624,13.1259843]},"properties":{"name":"Shrinivasapura Cross","operator":"BMTC","osm_id":2124745480}},{"type":"Feature","geometry":{"type":"Point","coordinates":[77.6302967,13.1222805]},"properties":{"name":"Reva College","operator":"BMTC","osm_id":2124745490}},{"type":"Feature","geometry":{"type":"Point","coordinates":[77.6451115,13.1260127]},"properties":{"name":"Shrinivasapura Cross","operator":"BMTC","osm_id":2124745498}},{"type":"Feature","geometry":{"type":"Point","coordinates":[77.617764,13.1213129]},"properties":{"name":"Dwaraka Nagara","operator":"BMTC","osm_id":2124745501}},{"type":"Feature","geometry":{"type":"Point","coordinates":[77.6464992,13.1278826]},"properties":{"name":"Sathanur Colony","operator":"BMTC","osm_id":2124745518}},{"type":"Feature","geometry":{"type":"Point","coordinates":[77.6257197,13.1218944]},"properties":{"name":"Kattigenahalli","operator":"BMTC","osm_id":2124745544}},{"type":"Feature","geometry":{"type":"Point","coordinates":[77.6418078,13.0993802]},"properties":{"name":"Bellahalli","operator":"BMTC","osm_id":2124789518}},{"type":"Feature","geometry":{"type":"Point","coordinates":[77.6362394,13.1014103]},"properties":{"name":"Bellahalli Cross","operator":"BMTC","osm_id":2124789543}},{"type":"Feature","geometry":{"type":"Point","coordinates":[77.6361271,13.032028]},"properties":{"name":"Hennur Cross","operator":"BMTC","osm_id":2125913472}},{"type":"Feature","geometry":{"type":"Point","coordinates":[77.6405042,13.0367255]},"properties":{"name":"Hennur Bande","operator":"BMTC","osm_id":2125916063}},{"type":"Feature","geometry":{"type":"Point","coordinates":[77.6424087,13.0434244]},"properties":{"name":"Janaki Rama Layout","operator":"BMTC","osm_id":2125916101}},{"type":"Feature","geometry":{"type":"Point","coordinates":[77.651634,13.0756644]},"properties":{"name":"Poornaprajna School","operator":"BMTC","osm_id":2125917387}},{"type":"Feature","geometry":{"type":"Point","coordinates":[77.5618376,12.9154854]},"properties":{"name":"Kadirenahalli Circle","operator":"BMTC","osm_id":2127407756}},{"type":"Feature","geometry":{"type":"Point","coordinates":[77.5665277,12.9139708]},"properties":{"name":"Kadirenahalli Cross","operator":"BMTC","osm_id":2127408870}},{"type":"Feature","geometry":{"type":"Point","coordinates":[77.4909157,12.9184781]},"properties":{"name":"Mylasandra Cross","operator":"BMTC","osm_id":2140200891}},{"type":"Feature","geometry":{"type":"Point","coordinates":[77.5059954,12.9307347]},"properties":{"name":"Jayaram Das Factory","operator":"BMTC","osm_id":2140200900}},{"type":"Feature","geometry":{"type":"Point","coordinates":[77.529111,13.0119992]},"properties":{"name":"Nandini Layout Ring Road","operator":"BMTC","osm_id":2140326914}},{"type":"Feature","geometry":{"type":"Point","coordinates":[77.5259388,13.0024805]},"properties":{"name":"Kempegowda Arch","operator":"BMTC","osm_id":2140328315}},{"type":"Feature","geometry":{"type":"Point","coordinates":[77.5256814,13.0025745]},"properties":{"name":"Kempegowda Arch","operator":"BMTC","osm_id":2140328453}},{"type":"Feature","geometry":{"type":"Point","coordinates":[77.5003917,13.060893]},"properties":{"name":"MEI layout","operator":"BMTC","osm_id":2142790819}},{"type":"Feature","geometry":{"type":"Point","coordinates":[77.507706,13.0454221]},"properties":{"name":"8th Mile Dasarahalli","operator":"BMTC","osm_id":2143660757}},{"type":"Feature","geometry":{"type":"Point","coordinates":[77.5445122,12.9261625]},"properties":{"name":"Srinivasa Kalyana Mantapa","operator":"BMTC","osm_id":2145322233}},{"type":"Feature","geometry":{"type":"Point","coordinates":[77.5824632,12.8981831]},"properties":{"name":"Puttenahalli","operator":"BMTC","osm_id":2168942581}},{"type":"Feature","geometry":{"type":"Point","coordinates":[77.5978852,12.9396636]},"properties":{"name":"NIMHANS Hospital","operator":"BMTC","osm_id":2177268803}},{"type":"Feature","geometry":{"type":"Point","coordinates":[77.5740779,12.8603818]},"properties":{"name":"Vaddarapalya","operator":"BMTC","osm_id":2187127513}},{"type":"Feature","geometry":{"type":"Point","coordinates":[77.5628851,13.0094369]},"properties":{"name":"18th Cross Malleshwaram","operator":"BMTC","osm_id":2208591014}},{"type":"Feature","geometry":{"type":"Point","coordinates":[77.5476617,12.9453016]},"properties":{"name":"Muneshwara Block","operator":"BMTC","osm_id":2221009168}},{"type":"Feature","geometry":{"type":"Point","coordinates":[77.5426189,12.9432746]},"properties":{"name":"Avalahalli B.D.A. Park","operator":"BMTC","osm_id":2234361375}},{"type":"Feature","geometry":{"type":"Point","coordinates":[77.5141077,13.1266044]},"properties":{"name":"Kondashettihalli Byalakere","operator":"BMTC","osm_id":2242519390}},{"type":"Feature","geometry":{"type":"Point","coordinates":[77.5072278,13.1282495]},"properties":{"name":"Madhugirihalli","operator":"BMTC","osm_id":2242519489}},{"type":"Feature","geometry":{"type":"Point","coordinates":[77.5261802,13.1411446]},"properties":{"name":"Muttugadahalli","operator":"BMTC","osm_id":2242520000}},{"type":"Feature","geometry":{"type":"Point","coordinates":[77.5059782,13.0712135]},"properties":{"name":"Geleyara Balaga","operator":"BMTC","osm_id":2244641393}},{"type":"Feature","geometry":{"type":"Point","coordinates":[77.5165725,13.1036624]},"properties":{"name":"Kalathammanahalli","operator":"BMTC","osm_id":2244642129}},{"type":"Feature","geometry":{"type":"Point","coordinates":[77.503117,13.0734449]},"properties":{"name":"Janapriya Apartments","operator":"BMTC","osm_id":2244732074}},{"type":"Feature","geometry":{"type":"Point","coordinates":[77.5258623,13.0769515]},"properties":{"name":"Abbigere","operator":"BMTC","osm_id":2244732235}},{"type":"Feature","geometry":{"type":"Point","coordinates":[77.5385696,13.0769735]},"properties":{"name":"Singapura Layout","operator":"BMTC","osm_id":2244850488}},{"type":"Feature","geometry":{"type":"Point","coordinates":[77.5512173,13.0859091]},"properties":{"name":"Adithyanagara MS Palya","operator":"BMTC","osm_id":2245002308}},{"type":"Feature","geometry":{"type":"Point","coordinates":[77.554559,13.0941941]},"properties":{"name":"Doddabettahalli","operator":"BMTC","osm_id":2245002662}},{"type":"Feature","geometry":{"type":"Point","coordinates":[77.5409808,13.0955217]},"properties":{"name":"Muneshwara Layout","operator":"BMTC","osm_id":2245002704}},{"type":"Feature","geometry":{"type":"Point","coordinates":[77.5586487,13.1194467]},"properties":{"name":"Ramagondanahalli","operator":"BMTC","osm_id":2245002830}},{"type":"Feature","geometry":{"type":"Point","coordinates":[77.5594157,13.0921819]},"properties":{"name":"Betta Halli Layout","operator":"BMTC","osm_id":2246324627}},{"type":"Feature","geometry":{"type":"Point","coordinates":[77.5387852,13.099269]},"properties":{"name":"Rainbow Layout","operator":"BMTC","osm_id":2246494781}},{"type":"Feature","geometry":{"type":"Point","coordinates":[77.5289229,13.0862728]},"properties":{"name":"Lakshmipura","operator":"BMTC","osm_id":2246659652}},{"type":"Feature","geometry":{"type":"Point","coordinates":[77.5022911,12.9345995]},"properties":{"name":"Government Sub-Urban Press","operator":"BMTC","osm_id":2246825906}},{"type":"Feature","geometry":{"type":"Point","coordinates":[77.5131619,12.9354397]},"properties":{"name":"Bangalore University Gate","operator":"BMTC","osm_id":2246825921}},{"type":"Feature","geometry":{"type":"Point","coordinates":[77.7620238,13.044075]},"properties":{"name":"Goravigere gate","operator":"BMTC","osm_id":2247666551}},{"type":"Feature","geometry":{"type":"Point","coordinates":[77.5208883,12.8918219]},"properties":{"name":"Kariyana Palya","operator":"BMTC","osm_id":2247888172}},{"type":"Feature","geometry":{"type":"Point","coordinates":[77.512036,12.89827]},"properties":{"name":"Ganakkal","operator":"BMTC","osm_id":2247911805}},{"type":"Feature","geometry":{"type":"Point","coordinates":[77.5145498,12.8552914]},"properties":{"name":"Nagegowdana Palya Cross","operator":"BMTC","osm_id":2247955690}},{"type":"Feature","geometry":{"type":"Point","coordinates":[77.5568263,12.8736611]},"properties":{"name":"Thippasandra","operator":"BMTC","osm_id":2248538540}},{"type":"Feature","geometry":{"type":"Point","coordinates":[77.5173404,13.00708]},"properties":{"name":"Indira Priyadarshini Nagara","operator":"BMTC","osm_id":2248737969}},{"type":"Feature","geometry":{"type":"Point","coordinates":[77.5749817,13.123709]},"properties":{"name":"CRPF","operator":"BMTC","osm_id":2250767166}},{"type":"Feature","geometry":{"type":"Point","coordinates":[77.5979064,12.8902593]},"properties":{"name":"Arekere Gate","operator":"BMTC","osm_id":2254837158}},{"type":"Feature","geometry":{"type":"Point","coordinates":[77.5967537,12.8867874]},"properties":{"name":"Arekere BPL","operator":"BMTC","osm_id":2259653343}},{"type":"Feature","geometry":{"type":"Point","coordinates":[77.5969514,12.8868411]},"properties":{"name":"Arakere BPL","operator":"BMTC","osm_id":2259653344}},{"type":"Feature","geometry":{"type":"Point","coordinates":[77.5959519,12.8808897]},"properties":{"name":"Hulimavu Gate","operator":"BMTC","osm_id":2259653345}},{"type":"Feature","geometry":{"type":"Point","coordinates":[77.5958581,12.881492]},"properties":{"name":"Hulimaavu Gate","operator":"BMTC","osm_id":2259653346}},{"type":"Feature","geometry":{"type":"Point","coordinates":[77.6106948,12.9808903]},"properties":{"name":"Dickenson Road","operator":"BMTC","osm_id":2268440721}},{"type":"Feature","geometry":{"type":"Point","coordinates":[77.6369823,12.9611299]},"properties":{"name":"Domlur","operator":"BMTC","osm_id":2268515064}},{"type":"Feature","geometry":{"type":"Point","coordinates":[77.6630359,13.0131494]},"properties":{"name":"B Channasandra Bridge","operator":"BMTC","osm_id":2272451051}},{"type":"Feature","geometry":{"type":"Point","coordinates":[77.5677789,13.1144798]},"properties":{"name":"Anantapura","operator":"BMTC","osm_id":2300032295}},{"type":"Feature","geometry":{"type":"Point","coordinates":[77.7016803,12.9682774]},"properties":{"name":"Karthik Nagar","operator":"BMTC","osm_id":2319910838}},{"type":"Feature","geometry":{"type":"Point","coordinates":[77.7013688,12.9683562]},"properties":{"name":"Karthik Nagar","operator":"BMTC","osm_id":2319910843}},{"type":"Feature","geometry":{"type":"Point","coordinates":[77.5566628,12.9381755]},"properties":{"name":"Srinivasa Nagara","operator":"BMTC","osm_id":2331429505}},{"type":"Feature","geometry":{"type":"Point","coordinates":[77.5627338,13.0411684]},"properties":{"name":"Lottegollahalli Railway Colony","operator":"BMTC","osm_id":2342914515}},{"type":"Feature","geometry":{"type":"Point","coordinates":[77.5576295,13.0355903]},"properties":{"name":"Mattikere","operator":"BMTC","osm_id":2353259157}},{"type":"Feature","geometry":{"type":"Point","coordinates":[77.652939,12.8707281]},"properties":{"name":"Hosa Road Jn","operator":"BMTC","osm_id":2389313585}},{"type":"Feature","geometry":{"type":"Point","coordinates":[77.6537524,12.8691514]},"properties":{"name":"Hosa Road","operator":"BMTC","osm_id":2389313587}},{"type":"Feature","geometry":{"type":"Point","coordinates":[77.4611007,12.8965388]},"properties":{"name":"Rajarajeshwari Medical College","operator":"BMTC","osm_id":2393624554}},{"type":"Feature","geometry":{"type":"Point","coordinates":[77.6748028,12.992149]},"properties":{"name":"Bus Stop","operator":"BMTC","osm_id":2393671799}},{"type":"Feature","geometry":{"type":"Point","coordinates":[77.5848501,12.977502]},"properties":{"name":"Maharani College","operator":"BMTC","osm_id":2393689586}},{"type":"Feature","geometry":{"type":"Point","coordinates":[77.5824375,12.9792785]},"properties":{"name":"Maharani College","operator":"BMTC","osm_id":2393692191}},{"type":"Feature","geometry":{"type":"Point","coordinates":[77.5882805,12.967004]},"properties":{"name":"Corporation Circle","operator":"BMTC","osm_id":2393695722}},{"type":"Feature","geometry":{"type":"Point","coordinates":[77.5751139,12.9406686]},"properties":{"name":"Gunasheela Hospital, Krishna Rao Park","operator":"BMTC","osm_id":2393706648}},{"type":"Feature","geometry":{"type":"Point","coordinates":[77.5771236,12.9366676]},"properties":{"name":"Shanthi Talkies","operator":"BMTC","osm_id":2393713744}},{"type":"Feature","geometry":{"type":"Point","coordinates":[77.5801749,12.9325012]},"properties":{"name":"Nanda Talkies","operator":"BMTC","osm_id":2393715465}},{"type":"Feature","geometry":{"type":"Point","coordinates":[77.5763328,12.9309061]},"properties":{"name":"Yediyuru","operator":"BMTC","osm_id":2393728597}},{"type":"Feature","geometry":{"type":"Point","coordinates":[77.5770854,12.9265095]},"properties":{"name":"Deepak Nursing Home","operator":"BMTC","osm_id":2393741749}},{"type":"Feature","geometry":{"type":"Point","coordinates":[77.5672928,12.9137106]},"properties":{"name":"Kadirenahalli Cross","operator":"BMTC","osm_id":2393746915}},{"type":"Feature","geometry":{"type":"Point","coordinates":[77.5556691,12.9114769]},"properties":{"name":"Gowdanapalya","operator":"BMTC","osm_id":2393749354}},{"type":"Feature","geometry":{"type":"Point","coordinates":[77.5521578,12.9116664]},"properties":{"name":"Chikkallasandra Aralimara","operator":"BMTC","osm_id":2393750001}},{"type":"Feature","geometry":{"type":"Point","coordinates":[77.5493493,12.9091763]},"properties":{"name":"Chikkallasandra Bank Colony","operator":"BMTC","osm_id":2393751566}},{"type":"Feature","geometry":{"type":"Point","coordinates":[77.5461512,12.9069723]},"properties":{"name":"Krishnarajendra Hospital","operator":"BMTC","osm_id":2393752833}},{"type":"Feature","geometry":{"type":"Point","coordinates":[77.5214275,12.9028393]},"properties":{"name":"Channasandra","operator":"BMTC","osm_id":2393771247}},{"type":"Feature","geometry":{"type":"Point","coordinates":[77.5161464,12.9033405]},"properties":{"name":"Chanasandra Colony","operator":"BMTC","osm_id":2393773499}},{"type":"Feature","geometry":{"type":"Point","coordinates":[77.512583,12.9039806]},"properties":{"name":"Indo American Hybrid Farm","operator":"BMTC","osm_id":2393774069}},{"type":"Feature","geometry":{"type":"Point","coordinates":[77.50464,12.9047297]},"properties":{"name":"Omkar Hills","operator":"BMTC","osm_id":2393776226}},{"type":"Feature","geometry":{"type":"Point","coordinates":[77.4992167,12.9070226]},"properties":{"name":"BGS Health City","operator":"BMTC","osm_id":2393776443}},{"type":"Feature","geometry":{"type":"Point","coordinates":[77.5933986,12.9230548]},"properties":{"name":"Jayanagara 4th T Block","operator":"BMTC","osm_id":2393840437}},{"type":"Feature","geometry":{"type":"Point","coordinates":[77.5888288,12.9232548]},"properties":{"name":"Jayanagara 18th Main, Jayanagara 4th T Block","operator":"BMTC","osm_id":2393842170}},{"type":"Feature","geometry":{"type":"Point","coordinates":[77.587579,12.9279734]},"properties":{"name":"Jayanagara Church","operator":"BMTC","osm_id":2393842689}},{"type":"Feature","geometry":{"type":"Point","coordinates":[77.5706568,12.9457463]},"properties":{"name":"Gandhi Bazaar, Basavanagudi","operator":"BMTC","osm_id":2393856217}},{"type":"Feature","geometry":{"type":"Point","coordinates":[77.5678512,12.9572504]},"properties":{"name":"Chamarajapet","operator":"BMTC","osm_id":2393859187}},{"type":"Feature","geometry":{"type":"Point","coordinates":[77.5707662,12.9775682]},"properties":{"name":"Railway Station, Majestic","operator":"BMTC","osm_id":2393928350}},{"type":"Feature","geometry":{"type":"Point","coordinates":[77.5745581,12.9816155]},"properties":{"name":"Ananda Rao Circle","operator":"BMTC","osm_id":2393933196}},{"type":"Feature","geometry":{"type":"Point","coordinates":[77.5638856,13.0151131]},"properties":{"name":"Tata Institute","operator":"BMTC","osm_id":2393947756}},{"type":"Feature","geometry":{"type":"Point","coordinates":[77.568147,13.0144265]},"properties":{"name":"Tata Institute","operator":"BMTC","osm_id":2393948565}},{"type":"Feature","geometry":{"type":"Point","coordinates":[77.5525439,13.0202651]},"properties":{"name":"Govardhan Theater","operator":"BMTC","osm_id":2393957354}},{"type":"Feature","geometry":{"type":"Point","coordinates":[77.5503516,13.0230509]},"properties":{"name":"Bus Stop","operator":"BMTC","osm_id":2393957941}},{"type":"Feature","geometry":{"type":"Point","coordinates":[77.567984,12.9680234]},"properties":{"name":"Binny Mill , Goodshed Road Gate","operator":"BMTC","osm_id":2393966201}},{"type":"Feature","geometry":{"type":"Point","coordinates":[77.5702108,12.9678184]},"properties":{"name":"Cottonpet Hospital Super Talkies","operator":"BMTC","osm_id":2393966538}},{"type":"Feature","geometry":{"type":"Point","coordinates":[77.5700688,12.9650246]},"properties":{"name":"Vinayaka Talkies","operator":"BMTC","osm_id":2393969380}},{"type":"Feature","geometry":{"type":"Point","coordinates":[77.5673319,12.956919]},"properties":{"name":"Chamarajapete,In Front Of Manapuram Gold","operator":"BMTC","osm_id":2393971138}},{"type":"Feature","geometry":{"type":"Point","coordinates":[77.567526,12.9518866]},"properties":{"name":"Bengaluru High School","operator":"BMTC","osm_id":2393971549}},{"type":"Feature","geometry":{"type":"Point","coordinates":[77.5676014,12.9488512]},"properties":{"name":"Ramakrishna Ashrama","operator":"BMTC","osm_id":2393971633}},{"type":"Feature","geometry":{"type":"Point","coordinates":[77.5707957,12.9483481]},"properties":{"name":"Gandhi Bazar , North Road, Basavanagudi","operator":"BMTC","osm_id":2393971760}},{"type":"Feature","geometry":{"type":"Point","coordinates":[77.585642,12.9071364]},"properties":{"name":"JP Nagara 15th Cross","operator":"BMTC","osm_id":2394011661}},{"type":"Feature","geometry":{"type":"Point","coordinates":[77.5856514,12.9111713]},"properties":{"name":"RV Dental College","operator":"BMTC","osm_id":2394012023}},{"type":"Feature","geometry":{"type":"Point","coordinates":[77.5857331,12.915195]},"properties":{"name":"Marenahalli","operator":"BMTC","osm_id":2394012457}},{"type":"Feature","geometry":{"type":"Point","coordinates":[77.583397,12.9172209]},"properties":{"name":"Jayanagara 5th Block","operator":"BMTC","osm_id":2394012912}},{"type":"Feature","geometry":{"type":"Point","coordinates":[77.583683,12.9241286]},"properties":{"name":"Jayanagara Telephone Exchange","operator":"BMTC","osm_id":2394014607}},{"type":"Feature","geometry":{"type":"Point","coordinates":[77.5838828,12.9364519]},"properties":{"name":"Madavan Park","operator":"BMTC","osm_id":2394017317}},{"type":"Feature","geometry":{"type":"Point","coordinates":[77.5801203,12.9443266]},"properties":{"name":"RV Teachers College","operator":"BMTC","osm_id":2394020398}},{"type":"Feature","geometry":{"type":"Point","coordinates":[77.5800553,12.9538359]},"properties":{"name":"Minarva Circle, Rashtriya Vidyalaya Road","operator":"BMTC","osm_id":2394039396}},{"type":"Feature","geometry":{"type":"Point","coordinates":[77.5865941,12.968432]},"properties":{"name":"Corporation","operator":"BMTC","osm_id":2394042060}},{"type":"Feature","geometry":{"type":"Point","coordinates":[77.5818322,12.9743688]},"properties":{"name":"Cauvery Bhavana","operator":"BMTC","osm_id":2394043250}},{"type":"Feature","geometry":{"type":"Point","coordinates":[77.5743444,12.9878368]},"properties":{"name":"Swastik Sheshadripuram College","operator":"BMTC","osm_id":2394045745}},{"type":"Feature","geometry":{"type":"Point","coordinates":[77.5713126,12.9998274]},"properties":{"name":"Malleshwaram 8th Cross","operator":"BMTC","osm_id":2394052182}},{"type":"Feature","geometry":{"type":"Point","coordinates":[77.571031,13.0084491]},"properties":{"name":"Malleshwaram 18th Cross","operator":"BMTC","osm_id":2394054073}},{"type":"Feature","geometry":{"type":"Point","coordinates":[77.5597081,13.0175592]},"properties":{"name":"Yeshwanthpura Circle","operator":"BMTC","osm_id":2394055296}},{"type":"Feature","geometry":{"type":"Point","coordinates":[77.5557224,13.0198677]},"properties":{"name":"Yeshwanthpura Market","operator":"BMTC","osm_id":2394055902}},{"type":"Feature","geometry":{"type":"Point","coordinates":[77.5574415,13.0249548]},"properties":{"name":"Bombay Dyeing, Yeshwanthapura","operator":"BMTC","osm_id":2394058165}},{"type":"Feature","geometry":{"type":"Point","coordinates":[77.5590631,13.0289426]},"properties":{"name":"Post Office Mattikere","operator":"BMTC","osm_id":2394060474}},{"type":"Feature","geometry":{"type":"Point","coordinates":[77.5691769,13.0098511]},"properties":{"name":"Malleswaram 18th Cross","operator":"BMTC","osm_id":2394086882}},{"type":"Feature","geometry":{"type":"Point","coordinates":[77.5693211,13.0039946]},"properties":{"name":"Malleshwaram 13th Cross","operator":"BMTC","osm_id":2394089248}},{"type":"Feature","geometry":{"type":"Point","coordinates":[77.5882407,12.9609174]},"properties":{"name":"Poornima Talkies","operator":"BMTC","osm_id":2394101410}},{"type":"Feature","geometry":{"type":"Point","coordinates":[77.5970964,12.9217617]},"properties":{"name":"Jayanagara Pump House","operator":"BMTC","osm_id":2394120983}},{"type":"Feature","geometry":{"type":"Point","coordinates":[77.5924045,12.9270964]},"properties":{"name":"Sanjay Gandhi Hospital","operator":"BMTC","osm_id":2394129010}},{"type":"Feature","geometry":{"type":"Point","coordinates":[77.5799146,12.9495156]},"properties":{"name":"Lalbagh West Gate, V V Puram","operator":"BMTC","osm_id":2394630008}},{"type":"Feature","geometry":{"type":"Point","coordinates":[77.5743342,12.9113707]},"properties":{"name":"Jp Nagara 1St Phase,Shakambari Nagara","operator":"BMTC","osm_id":2395188608}},{"type":"Feature","geometry":{"type":"Point","coordinates":[77.4657556,12.8747102]},"properties":{"name":"Karubele","operator":"BMTC","osm_id":2396192725}},{"type":"Feature","geometry":{"type":"Point","coordinates":[77.5678365,12.9471935]},"properties":{"name":"Ramakrishna Ashrama","operator":"BMTC","osm_id":2396240347}},{"type":"Feature","geometry":{"type":"Point","coordinates":[77.5629206,12.9417414]},"properties":{"name":"Subramanya Temple, Hanumantha Nagara","operator":"BMTC","osm_id":2396244875}},{"type":"Feature","geometry":{"type":"Point","coordinates":[77.5452009,12.9407143]},"properties":{"name":"Girinagara Circle","operator":"BMTC","osm_id":2396251137}},{"type":"Feature","geometry":{"type":"Point","coordinates":[77.5390425,12.941107]},"properties":{"name":"Girinagara Extension","operator":"BMTC","osm_id":2396251835}},{"type":"Feature","geometry":{"type":"Point","coordinates":[77.5641722,12.9469158]},"properties":{"name":"Hanumantha Nagara Syndicate Bank","operator":"BMTC","osm_id":2396303951}},{"type":"Feature","geometry":{"type":"Point","coordinates":[77.5499568,12.9381687]},"properties":{"name":"Seetha Circle, Banashankari 1st Stage","operator":"BMTC","osm_id":2396317285}},{"type":"Feature","geometry":{"type":"Point","coordinates":[77.5420359,12.9336113]},"properties":{"name":"Nanjundeshwara Traders","operator":"BMTC","osm_id":2396321986}},{"type":"Feature","geometry":{"type":"Point","coordinates":[77.5950261,12.9141803]},"properties":{"name":"Water Tank Raggigudda,Jp Nagara 3Rd Phase","operator":"BMTC","osm_id":2396380536}},{"type":"Feature","geometry":{"type":"Point","coordinates":[77.5951549,12.9099749]},"properties":{"name":"Milk Booth","operator":"BMTC","osm_id":2396380649}},{"type":"Feature","geometry":{"type":"Point","coordinates":[77.5812215,12.9197542]},"properties":{"name":"Jayanagara 40th Cross","operator":"BMTC","osm_id":2396394290}},{"type":"Feature","geometry":{"type":"Point","coordinates":[77.607351,12.9439562]},"properties":{"name":"Adugodi","operator":"BMTC","osm_id":2396417669}},{"type":"Feature","geometry":{"type":"Point","coordinates":[77.6053196,12.952282]},"properties":{"name":"Anepalya","operator":"BMTC","osm_id":2396417962}},{"type":"Feature","geometry":{"type":"Point","coordinates":[77.6054076,12.9552355]},"properties":{"name":"Elgin Floor Mill,Langford Town","operator":"BMTC","osm_id":2396418664}},{"type":"Feature","geometry":{"type":"Point","coordinates":[77.6051485,12.9702144]},"properties":{"name":"St Patrick's Church","operator":"BMTC","osm_id":2396420234}},{"type":"Feature","geometry":{"type":"Point","coordinates":[77.6252019,12.9750264]},"properties":{"name":"Halasur Police Station","operator":"BMTC","osm_id":2396422787}},{"type":"Feature","geometry":{"type":"Point","coordinates":[77.6295389,12.9784769]},"properties":{"name":"Halasur","operator":"BMTC","osm_id":2396424444}},{"type":"Feature","geometry":{"type":"Point","coordinates":[77.6325066,12.9782301]},"properties":{"name":"Lakshmipura Ulsoor","operator":"BMTC","osm_id":2396425548}},{"type":"Feature","geometry":{"type":"Point","coordinates":[77.6468013,12.9741921]},"properties":{"name":"Thippasandra","operator":"BMTC","osm_id":2396426483}},{"type":"Feature","geometry":{"type":"Point","coordinates":[77.6545222,12.9676902]},"properties":{"name":"Petrol Bunk","operator":"BMTC","osm_id":2396427450}},{"type":"Feature","geometry":{"type":"Point","coordinates":[77.6576619,12.9658181]},"properties":{"name":"Jeevanbheema Nagara","operator":"BMTC","osm_id":2396429259}},{"type":"Feature","geometry":{"type":"Point","coordinates":[77.6413837,12.9699181]},"properties":{"name":"Indiranagar 12th Main","operator":"BMTC","osm_id":2396434084}},{"type":"Feature","geometry":{"type":"Point","coordinates":[77.6415556,12.9673122]},"properties":{"name":"New Horizon School Indiranagar","operator":"BMTC","osm_id":2396434266}},{"type":"Feature","geometry":{"type":"Point","coordinates":[77.6413701,12.9664666]},"properties":{"name":"New Horizon School","operator":"BMTC","osm_id":2396434359}},{"type":"Feature","geometry":{"type":"Point","coordinates":[77.6382454,12.9634429]},"properties":{"name":"Domlur Bridge","operator":"BMTC","osm_id":2396435308}},{"type":"Feature","geometry":{"type":"Point","coordinates":[77.591848,12.9547719]},"properties":{"name":"Shanthinagara Bus Stop KH Road","operator":"BMTC","osm_id":2396447784}},{"type":"Feature","geometry":{"type":"Point","coordinates":[77.5916832,12.9549381]},"properties":{"name":"Shanthinagara Bus Stop KH Road","operator":"BMTC","osm_id":2396447785}},{"type":"Feature","geometry":{"type":"Point","coordinates":[77.5858442,12.9537155]},"properties":{"name":"Lalbagh Main Gate","operator":"BMTC","osm_id":2396890413}},{"type":"Feature","geometry":{"type":"Point","coordinates":[77.5929964,12.9583379]},"properties":{"name":"KH Road, Double Road","operator":"BMTC","osm_id":2396890811}},{"type":"Feature","geometry":{"type":"Point","coordinates":[77.6163373,12.9698038]},"properties":{"name":"Police Housing Corporation","operator":"BMTC","osm_id":2396896338}},{"type":"Feature","geometry":{"type":"Point","coordinates":[77.6090682,12.9666571]},"properties":{"name":"Lifestyle","operator":"BMTC","osm_id":2396896553}},{"type":"Feature","geometry":{"type":"Point","coordinates":[77.5780714,12.9285381]},"properties":{"name":"Jayanagara 7th Block","operator":"BMTC","osm_id":2397023017}},{"type":"Feature","geometry":{"type":"Point","coordinates":[77.5779753,12.9245225]},"properties":{"name":"Jayanagara National College","operator":"BMTC","osm_id":2397023289}},{"type":"Feature","geometry":{"type":"Point","coordinates":[77.5837308,12.9218801]},"properties":{"name":"Jayanagara 38th Cross","operator":"BMTC","osm_id":2397023776}},{"type":"Feature","geometry":{"type":"Point","coordinates":[77.5802437,12.9274405]},"properties":{"name":"Rose Garden","operator":"BMTC","osm_id":2397031959}},{"type":"Feature","geometry":{"type":"Point","coordinates":[77.5615925,12.9271944]},"properties":{"name":"KIMS","operator":"BMTC","osm_id":2397043871}},{"type":"Feature","geometry":{"type":"Point","coordinates":[77.5603084,12.9228914]},"properties":{"name":"Devegowda Petrol Bunk","operator":"BMTC","osm_id":2397044223}},{"type":"Feature","geometry":{"type":"Point","coordinates":[77.5647372,12.9173125]},"properties":{"name":"Kadirenahalli Park","operator":"BMTC","osm_id":2397057342}},{"type":"Feature","geometry":{"type":"Point","coordinates":[77.5641677,12.9182123]},"properties":{"name":"Kadirenahalli Park","operator":"BMTC","osm_id":2397057343}},{"type":"Feature","geometry":{"type":"Point","coordinates":[77.6019588,12.9777227]},"properties":{"name":"Anil Kumble Circle","operator":"BMTC","osm_id":2397087882}},{"type":"Feature","geometry":{"type":"Point","coordinates":[77.5971313,12.9834363]},"properties":{"name":"Indian Express","operator":"BMTC","osm_id":2397089966}},{"type":"Feature","geometry":{"type":"Point","coordinates":[77.565948,12.909495]},"properties":{"name":"Dayananda Sagar College","operator":"BMTC","osm_id":2397102093}},{"type":"Feature","geometry":{"type":"Point","coordinates":[77.5580003,12.9057639]},"properties":{"name":"Kumaraswamy Layout 2nd Stage","operator":"BMTC","osm_id":2397104158}},{"type":"Feature","geometry":{"type":"Point","coordinates":[77.5622589,12.9088965]},"properties":{"name":"Water Tank Kumaraswamy Layout","operator":"BMTC","osm_id":2397104409}},{"type":"Feature","geometry":{"type":"Point","coordinates":[77.5595012,12.9169699]},"properties":{"name":"Padmanabhanagara Circle","operator":"BMTC","osm_id":2397106983}},{"type":"Feature","geometry":{"type":"Point","coordinates":[77.5511977,12.9278617]},"properties":{"name":"Katriguppe Village","operator":"BMTC","osm_id":2397125480}},{"type":"Feature","geometry":{"type":"Point","coordinates":[77.54736,12.9305064]},"properties":{"name":"Water Tank","operator":"BMTC","osm_id":2397125771}},{"type":"Feature","geometry":{"type":"Point","coordinates":[77.5536163,12.9262836]},"properties":{"name":"Chennamma Kere Achukattu Park","operator":"BMTC","osm_id":2397180082}},{"type":"Feature","geometry":{"type":"Point","coordinates":[77.5574318,12.9288924]},"properties":{"name":"Chennamma Kere Achukattu","operator":"BMTC","osm_id":2397189556}},{"type":"Feature","geometry":{"type":"Point","coordinates":[77.5648884,12.9130398]},"properties":{"name":"JHBCS Cross","operator":"BMTC","osm_id":2397206353}},{"type":"Feature","geometry":{"type":"Point","coordinates":[77.5645732,12.9111796]},"properties":{"name":"Jaraganahalli House Building Co-Op-Society Layout","operator":"BMTC","osm_id":2397206973}},{"type":"Feature","geometry":{"type":"Point","coordinates":[77.5423441,12.919654]},"properties":{"name":"Vb Bakery","operator":"BMTC","osm_id":2397295793}},{"type":"Feature","geometry":{"type":"Point","coordinates":[77.5371878,12.9124985]},"properties":{"name":"AGS Layout","operator":"BMTC","osm_id":2397296811}},{"type":"Feature","geometry":{"type":"Point","coordinates":[77.5741682,12.9209482]},"properties":{"name":"Hunase Mara Banashankari","operator":"BMTC","osm_id":2397490936}},{"type":"Feature","geometry":{"type":"Point","coordinates":[77.5735662,12.9243825]},"properties":{"name":"Puppet Stop","operator":"BMTC","osm_id":2397492477}},{"type":"Feature","geometry":{"type":"Point","coordinates":[77.5617775,12.9123896]},"properties":{"name":"Minaz Nagara","operator":"BMTC","osm_id":2397518421}},{"type":"Feature","geometry":{"type":"Point","coordinates":[77.5723936,12.9779079]},"properties":{"name":"Kempegowda Bus Station","operator":"BMTC","osm_id":2398074914}},{"type":"Feature","geometry":{"type":"Point","coordinates":[77.5541358,12.9847381]},"properties":{"name":"Bashyam Circle","operator":"BMTC","osm_id":2398080161}},{"type":"Feature","geometry":{"type":"Point","coordinates":[77.5524822,12.9911025]},"properties":{"name":"ESI Hospital Rajajinagara (Towards Navarang)","operator":"BMTC","osm_id":2398081626}},{"type":"Feature","geometry":{"type":"Point","coordinates":[77.5509836,12.9980829]},"properties":{"name":"Navarang Theatre","operator":"BMTC","osm_id":2398081977}},{"type":"Feature","geometry":{"type":"Point","coordinates":[77.5488073,13.0073714]},"properties":{"name":"Mahalakshmi Layout Entrance","operator":"BMTC","osm_id":2398090493}},{"type":"Feature","geometry":{"type":"Point","coordinates":[77.5716593,12.9802851]},"properties":{"name":"Khodays Circle","operator":"BMTC","osm_id":2398094147}},{"type":"Feature","geometry":{"type":"Point","coordinates":[77.5771714,12.9560863]},"properties":{"name":"Basappa Circle","operator":"BMTC","osm_id":2398101219}},{"type":"Feature","geometry":{"type":"Point","coordinates":[77.5869647,12.9842663]},"properties":{"name":"RC College","operator":"BMTC","osm_id":2398107511}},{"type":"Feature","geometry":{"type":"Point","coordinates":[77.6100099,12.9099561]},"properties":{"name":"Mahadeshwara Nagara 16th Main","operator":"BMTC","osm_id":2398132429}},{"type":"Feature","geometry":{"type":"Point","coordinates":[77.6111241,12.9076249]},"properties":{"name":"Mahadeshwara Nagara","operator":"BMTC","osm_id":2398132645}},{"type":"Feature","geometry":{"type":"Point","coordinates":[77.6479047,12.8415549]},"properties":{"name":"Neeladri Nagar","operator":"BMTC","osm_id":2398152712}},{"type":"Feature","geometry":{"type":"Point","coordinates":[77.6064918,12.9106878]},"properties":{"name":"Narayanappa Shettipalya 18th Cross","operator":"BMTC","osm_id":2398184395}},{"type":"Feature","geometry":{"type":"Point","coordinates":[77.6003518,12.9263087]},"properties":{"name":"Ananda Ashrama","operator":"BMTC","osm_id":2398186487}},{"type":"Feature","geometry":{"type":"Point","coordinates":[77.6006218,12.9272589]},"properties":{"name":"Ananda Ashrama","operator":"BMTC","osm_id":2398186488}},{"type":"Feature","geometry":{"type":"Point","coordinates":[77.5578127,13.0181912]},"properties":{"name":"Yeshwanthpura Circle","operator":"BMTC","osm_id":2398307131}},{"type":"Feature","geometry":{"type":"Point","coordinates":[77.5892469,12.9856034]},"properties":{"name":"High Grounds Police Station","operator":"BMTC","osm_id":2398462600}},{"type":"Feature","geometry":{"type":"Point","coordinates":[77.5974682,12.984844]},"properties":{"name":"Indian Express","operator":"BMTC","osm_id":2398471620}},{"type":"Feature","geometry":{"type":"Point","coordinates":[77.5845773,13.0206142]},"properties":{"name":"Gangenahalli","operator":"BMTC","osm_id":2398494006}},{"type":"Feature","geometry":{"type":"Point","coordinates":[77.5925309,12.9951506]},"properties":{"name":"Ganesha Temple Vasanthanagara","operator":"BMTC","osm_id":2398501442}},{"type":"Feature","geometry":{"type":"Point","coordinates":[77.5887585,12.9930139]},"properties":{"name":"Mount Carmel College","operator":"BMTC","osm_id":2398502831}},{"type":"Feature","geometry":{"type":"Point","coordinates":[77.5917019,13.0173076]},"properties":{"name":"Rehamathnagara","operator":"BMTC","osm_id":2398512426}},{"type":"Feature","geometry":{"type":"Point","coordinates":[77.5661421,12.9342196]},"properties":{"name":"Dattatreya Temple","operator":"BMTC","osm_id":2400233280}},{"type":"Feature","geometry":{"type":"Point","coordinates":[77.5684211,12.9351425]},"properties":{"name":"KEB Thyagaraja Nagara","operator":"BMTC","osm_id":2400233281}},{"type":"Feature","geometry":{"type":"Point","coordinates":[77.6129099,12.9759256]},"properties":{"name":"Manipal Center","operator":"BMTC","osm_id":2401259157}},{"type":"Feature","geometry":{"type":"Point","coordinates":[77.6261577,12.9641894]},"properties":{"name":"Command Hospital","operator":"BMTC","osm_id":2401263650}},{"type":"Feature","geometry":{"type":"Point","coordinates":[77.6492376,12.9596781]},"properties":{"name":"Manipal Hospital","operator":"BMTC","osm_id":2401266124}},{"type":"Feature","geometry":{"type":"Point","coordinates":[77.6492142,12.9598458]},"properties":{"name":"Manipal Hospital","operator":"BMTC","osm_id":2401266125}},{"type":"Feature","geometry":{"type":"Point","coordinates":[77.6824108,12.9544566]},"properties":{"name":"HAL Kalyanamantapa","operator":"BMTC","osm_id":2401280598}},{"type":"Feature","geometry":{"type":"Point","coordinates":[77.6885722,12.9551115]},"properties":{"name":"Borewell","operator":"BMTC","osm_id":2401280902}},{"type":"Feature","geometry":{"type":"Point","coordinates":[77.6882957,12.9552816]},"properties":{"name":"Yamalur Cross","operator":"BMTC","osm_id":2401280903}},{"type":"Feature","geometry":{"type":"Point","coordinates":[77.7038681,12.9365347]},"properties":{"name":"Panathuru","operator":"BMTC","osm_id":2401288239}},{"type":"Feature","geometry":{"type":"Point","coordinates":[77.7364373,12.9211878]},"properties":{"name":"Gunjuru","operator":"BMTC","osm_id":2401290526}},{"type":"Feature","geometry":{"type":"Point","coordinates":[77.6128244,12.9757243]},"properties":{"name":"Manipal Center","operator":"BMTC","osm_id":2401307621}},{"type":"Feature","geometry":{"type":"Point","coordinates":[77.5572739,12.9332156]},"properties":{"name":"ITI Colony Vidya peeta circle","operator":"BMTC","osm_id":2401318542}},{"type":"Feature","geometry":{"type":"Point","coordinates":[77.56051,12.935516]},"properties":{"name":"Vidyapita Circle","operator":"BMTC","osm_id":2401318543}},{"type":"Feature","geometry":{"type":"Point","coordinates":[77.5370613,12.9350701]},"properties":{"name":"PES College","operator":"BMTC","osm_id":2401598415}},{"type":"Feature","geometry":{"type":"Point","coordinates":[77.5338001,12.9380629]},"properties":{"name":"Veerabhadra Nagara","operator":"BMTC","osm_id":2401599720}},{"type":"Feature","geometry":{"type":"Point","coordinates":[77.5328435,12.9320088]},"properties":{"name":"D Souza Nagara","operator":"BMTC","osm_id":2401600280}},{"type":"Feature","geometry":{"type":"Point","coordinates":[77.5590235,12.9483194]},"properties":{"name":"Kempegowda Swimming Pool","operator":"BMTC","osm_id":2401623741}},{"type":"Feature","geometry":{"type":"Point","coordinates":[77.5493495,12.948482]},"properties":{"name":"Telecom Colony Cross","operator":"BMTC","osm_id":2401645966}},{"type":"Feature","geometry":{"type":"Point","coordinates":[77.5527644,12.9483382]},"properties":{"name":"Kalidasa Layout","operator":"BMTC","osm_id":2401646182}},{"type":"Feature","geometry":{"type":"Point","coordinates":[77.6320687,12.9780988]},"properties":{"name":"Lakshmipura Ulsoor","operator":"BMTC","osm_id":2401658294}},{"type":"Feature","geometry":{"type":"Point","coordinates":[77.6280218,12.9777094]},"properties":{"name":"Halasuru","operator":"BMTC","osm_id":2401658592}},{"type":"Feature","geometry":{"type":"Point","coordinates":[77.5554621,12.931786]},"properties":{"name":"Kathariguppe Aralimara","operator":"BMTC","osm_id":2401665059}},{"type":"Feature","geometry":{"type":"Point","coordinates":[77.5280071,12.9361654]},"properties":{"name":"Pramodha Layout","operator":"BMTC","osm_id":2401672782}},{"type":"Feature","geometry":{"type":"Point","coordinates":[77.5365559,12.9284272]},"properties":{"name":"Mukambika Nagar","operator":"BMTC","osm_id":2401691467}},{"type":"Feature","geometry":{"type":"Point","coordinates":[77.5508875,12.925021]},"properties":{"name":"Kathriguppe","operator":"BMTC","osm_id":2402137542}},{"type":"Feature","geometry":{"type":"Point","coordinates":[77.5499596,12.9255212]},"properties":{"name":"Katriguppe","operator":"BMTC","osm_id":2402137984}},{"type":"Feature","geometry":{"type":"Point","coordinates":[77.5491551,12.9228544]},"properties":{"name":"Bhuvaneshwari Nagara Park","operator":"BMTC","osm_id":2402138996}},{"type":"Feature","geometry":{"type":"Point","coordinates":[77.5510032,12.9219058]},"properties":{"name":"Mahalakshmi Temple","operator":"BMTC","osm_id":2402139490}},{"type":"Feature","geometry":{"type":"Point","coordinates":[77.568668,12.9607243]},"properties":{"name":"Royan Circle","operator":"BMTC","osm_id":2402160774}},{"type":"Feature","geometry":{"type":"Point","coordinates":[77.556982,12.9542181]},"properties":{"name":"Vittala Nagara","operator":"BMTC","osm_id":2402165862}},{"type":"Feature","geometry":{"type":"Point","coordinates":[77.562114,12.9602381]},"properties":{"name":"Chamrajapet","operator":"BMTC","osm_id":2402169271}},{"type":"Feature","geometry":{"type":"Point","coordinates":[77.5568622,12.9604851]},"properties":{"name":"Sirsi Circle","operator":"BMTC","osm_id":2402196134}},{"type":"Feature","geometry":{"type":"Point","coordinates":[77.5679081,12.9634222]},"properties":{"name":"Vinayaka Talkies KR Market","operator":"BMTC","osm_id":2402196851}},{"type":"Feature","geometry":{"type":"Point","coordinates":[77.5546742,12.9690399]},"properties":{"name":"Kempapura Agrahara","operator":"BMTC","osm_id":2402202425}},{"type":"Feature","geometry":{"type":"Point","coordinates":[77.5588618,12.9631812]},"properties":{"name":"Maramma Temple","operator":"BMTC","osm_id":2402203191}},{"type":"Feature","geometry":{"type":"Point","coordinates":[77.5510633,12.9571981]},"properties":{"name":"Azad Nagar","operator":"BMTC","osm_id":2402205190}},{"type":"Feature","geometry":{"type":"Point","coordinates":[77.5512819,12.9570583]},"properties":{"name":"Azad Nagar","operator":"BMTC","osm_id":2402206935}},{"type":"Feature","geometry":{"type":"Point","coordinates":[77.5346906,12.9655255]},"properties":{"name":"Vijayanagara TTMC","operator":"BMTC","osm_id":2402209839}},{"type":"Feature","geometry":{"type":"Point","coordinates":[77.5338685,12.9578451]},"properties":{"name":"Attiguppe","operator":"BMTC","osm_id":2402212005}},{"type":"Feature","geometry":{"type":"Point","coordinates":[77.5295473,12.9604515]},"properties":{"name":"Chandra Public School","operator":"BMTC","osm_id":2402233686}},{"type":"Feature","geometry":{"type":"Point","coordinates":[77.5286816,12.9581078]},"properties":{"name":"Ganesha Temple Chandra Layout","operator":"BMTC","osm_id":2402235727}},{"type":"Feature","geometry":{"type":"Point","coordinates":[77.5273651,12.9528075]},"properties":{"name":"Gangondahalli Water Tank","operator":"BMTC","osm_id":2402237690}},{"type":"Feature","geometry":{"type":"Point","coordinates":[77.5271235,12.9512445]},"properties":{"name":"Gangagondanahalli Church","operator":"BMTC","osm_id":2402238426}},{"type":"Feature","geometry":{"type":"Point","coordinates":[77.5268242,12.9496141]},"properties":{"name":"Gangagondanahalli Masjid","operator":"BMTC","osm_id":2402238624}},{"type":"Feature","geometry":{"type":"Point","coordinates":[77.5259576,12.9468096]},"properties":{"name":"Nayandahalli Railway Gate","operator":"BMTC","osm_id":2402239149}},{"type":"Feature","geometry":{"type":"Point","coordinates":[77.5237536,12.9591184]},"properties":{"name":"14th Cross Chandra Layout","operator":"BMTC","osm_id":2402246877}},{"type":"Feature","geometry":{"type":"Point","coordinates":[77.5217381,12.952977]},"properties":{"name":"Chandra Layout 1st Stage","operator":"BMTC","osm_id":2402249854}},{"type":"Feature","geometry":{"type":"Point","coordinates":[77.5297858,12.951354]},"properties":{"name":"BCC Layout","operator":"BMTC","osm_id":2402250543}},{"type":"Feature","geometry":{"type":"Point","coordinates":[77.5463461,12.974036]},"properties":{"name":"Manu Vana","operator":"BMTC","osm_id":2402386685}},{"type":"Feature","geometry":{"type":"Point","coordinates":[77.6280618,12.9238191]},"properties":{"name":"Krupanidi College","operator":"BMTC","osm_id":2402577150}},{"type":"Feature","geometry":{"type":"Point","coordinates":[77.6307306,12.9244722]},"properties":{"name":"John Fowler","operator":"BMTC","osm_id":2402578980}},{"type":"Feature","geometry":{"type":"Point","coordinates":[77.6371843,12.9252983]},"properties":{"name":"Jakkasandra","operator":"Bengaluru Metropolitan Tranport Corporation","osm_id":2402578981}},{"type":"Feature","geometry":{"type":"Point","coordinates":[77.6131062,12.9196938]},"properties":{"name":"Gangothri Circle","operator":"BMTC","osm_id":2402585021}},{"type":"Feature","geometry":{"type":"Point","coordinates":[77.5535242,12.9794141]},"properties":{"name":"6th Block Rajajinagara","operator":"BMTC","osm_id":2402602175}},{"type":"Feature","geometry":{"type":"Point","coordinates":[77.528433,12.9631773]},"properties":{"name":"Nanjarasappa Badavane","operator":"BMTC","osm_id":2402609850}},{"type":"Feature","geometry":{"type":"Point","coordinates":[77.5211911,12.9556433]},"properties":{"name":"Vidyagiri Layout","operator":"BMTC","osm_id":2402611662}},{"type":"Feature","geometry":{"type":"Point","coordinates":[77.5379166,12.9651465]},"properties":{"name":"Hampinagara Post Office","operator":"BMTC","osm_id":2402621863}},{"type":"Feature","geometry":{"type":"Point","coordinates":[77.537524,12.9619999]},"properties":{"name":"Hampinagara 7th Main","operator":"BMTC","osm_id":2402622469}},{"type":"Feature","geometry":{"type":"Point","coordinates":[77.5487803,12.9815337]},"properties":{"name":"Industrial Area Rajajiangara","operator":"BMTC","osm_id":2402626450}},{"type":"Feature","geometry":{"type":"Point","coordinates":[77.5489221,13.0059286]},"properties":{"name":"1st Block Rajajinagara","operator":"BMTC","osm_id":2402634348}},{"type":"Feature","geometry":{"type":"Point","coordinates":[77.5353818,13.0216019]},"properties":{"name":"Jn Of Kanteerava Studio","operator":"BMTC","osm_id":2403411077}},{"type":"Feature","geometry":{"type":"Point","coordinates":[77.5270781,13.0214275]},"properties":{"name":"Kanteerava Nagar","operator":"BMTC","osm_id":2403416748}},{"type":"Feature","geometry":{"type":"Point","coordinates":[77.5261816,13.0188369]},"properties":{"name":"Sanjay Gandhi Nagar","operator":"BMTC","osm_id":2403417323}},{"type":"Feature","geometry":{"type":"Point","coordinates":[77.5429074,13.0084213]},"properties":{"name":"Mahalakshmi Layout Cross","operator":"BMTC","osm_id":2403422193}},{"type":"Feature","geometry":{"type":"Point","coordinates":[77.5237044,13.015628]},"properties":{"name":"Vidhanasoudha Layout","operator":"BMTC","osm_id":2403424173}},{"type":"Feature","geometry":{"type":"Point","coordinates":[77.5326604,13.0141467]},"properties":{"name":"SSVB Bakery","operator":"BMTC","osm_id":2403425584}},{"type":"Feature","geometry":{"type":"Point","coordinates":[77.5639773,12.9913739]},"properties":{"name":"Bandi Reddy Circle","operator":"BMTC","osm_id":2403432685}},{"type":"Feature","geometry":{"type":"Point","coordinates":[77.5605652,13.0006281]},"properties":{"name":"Kodandarama","operator":"BMTC","osm_id":2403438706}},{"type":"Feature","geometry":{"type":"Point","coordinates":[77.5601837,12.9993391]},"properties":{"name":"SBM Gayathri Nagara","operator":"BMTC","osm_id":2403438888}},{"type":"Feature","geometry":{"type":"Point","coordinates":[77.543705,13.0034097]},"properties":{"name":"Nandini Talkies","operator":"BMTC","osm_id":2403451880}},{"type":"Feature","geometry":{"type":"Point","coordinates":[77.532459,13.006795]},"properties":{"name":"Ravi Badavane","operator":"BMTC","osm_id":2403818630}},{"type":"Feature","geometry":{"type":"Point","coordinates":[77.531995,13.0163604]},"properties":{"name":"Ashraya Nagara","operator":"BMTC","osm_id":2403839248}},{"type":"Feature","geometry":{"type":"Point","coordinates":[77.5595007,13.0048419]},"properties":{"name":"Canara Bank Subramanyanagara","operator":"BMTC","osm_id":2403846910}},{"type":"Feature","geometry":{"type":"Point","coordinates":[77.5566833,13.0055147]},"properties":{"name":"East West Public School","operator":"BMTC","osm_id":2403847774}},{"type":"Feature","geometry":{"type":"Point","coordinates":[77.566505,12.9921933]},"properties":{"name":"5th Cross Sriramapura","operator":"BMTC","osm_id":2403874066}},{"type":"Feature","geometry":{"type":"Point","coordinates":[77.5634219,13.0005867]},"properties":{"name":"Malleshwaram Railway Station","operator":"BMTC","osm_id":2403881120}},{"type":"Feature","geometry":{"type":"Point","coordinates":[77.5597036,13.0092762]},"properties":{"name":"Milk Colony Malleshwaram","operator":"BMTC","osm_id":2403882681}},{"type":"Feature","geometry":{"type":"Point","coordinates":[77.546174,12.9702217]},"properties":{"name":"Binni Layout","operator":"BMTC","osm_id":2404759564}},{"type":"Feature","geometry":{"type":"Point","coordinates":[77.5433388,12.9643458]},"properties":{"name":"Raliway Gate RPC Layout","operator":"BMTC","osm_id":2404763967}},{"type":"Feature","geometry":{"type":"Point","coordinates":[77.5345214,13.0071308]},"properties":{"name":"JC Nagara","operator":"BMTC","osm_id":2405139759}},{"type":"Feature","geometry":{"type":"Point","coordinates":[77.5728275,13.0149157]},"properties":{"name":"Sadashivanagara Police Station","operator":"BMTC","osm_id":2405166856}},{"type":"Feature","geometry":{"type":"Point","coordinates":[77.5664796,13.0425059]},"properties":{"name":"Rajmahal Vilas 2nd Stage","operator":"BMTC","osm_id":2405175834}},{"type":"Feature","geometry":{"type":"Point","coordinates":[77.6069444,12.9776302]},"properties":{"name":"Maniksha Parade Ground","operator":"BMTC","osm_id":2405357303}},{"type":"Feature","geometry":{"type":"Point","coordinates":[77.6226083,12.9319468]},"properties":{"name":"Koramangala BDA Complex","operator":"BMTC","osm_id":2405375288}},{"type":"Feature","geometry":{"type":"Point","coordinates":[77.6226028,12.9312953]},"properties":{"name":"Koramangala BDA Complex","operator":"BMTC","osm_id":2405375289}},{"type":"Feature","geometry":{"type":"Point","coordinates":[77.6211732,12.9278192]},"properties":{"name":"Koramangala Water Tank","operator":"BMTC","osm_id":2405375993}},{"type":"Feature","geometry":{"type":"Point","coordinates":[77.5732354,12.9970949]},"properties":{"name":"Geethanjali Talkies","operator":"BMTC","osm_id":2405801100}},{"type":"Feature","geometry":{"type":"Point","coordinates":[77.5972265,13.0149354]},"properties":{"name":"Kabir Ashram","operator":"BMTC","osm_id":2405831758}},{"type":"Feature","geometry":{"type":"Point","coordinates":[77.5995113,13.0007693]},"properties":{"name":"Nandidurga Road","operator":"BMTC","osm_id":2405834457}},{"type":"Feature","geometry":{"type":"Point","coordinates":[77.6083164,12.9952675]},"properties":{"name":"Coles Park","operator":"BMTC","osm_id":2405838246}},{"type":"Feature","geometry":{"type":"Point","coordinates":[77.6116252,13.000965]},"properties":{"name":"Frazer Town","operator":"BMTC","osm_id":2405839825}},{"type":"Feature","geometry":{"type":"Point","coordinates":[77.6120609,13.0027435]},"properties":{"name":"Doddi","operator":"BMTC","osm_id":2405840035}},{"type":"Feature","geometry":{"type":"Point","coordinates":[77.6124859,13.006883]},"properties":{"name":"Canara Bank Tannery Road","operator":"BMTC","osm_id":2405840216}},{"type":"Feature","geometry":{"type":"Point","coordinates":[77.6016421,13.0289327]},"properties":{"name":"Manorayana Palya","operator":"BMTC","osm_id":2405853396}},{"type":"Feature","geometry":{"type":"Point","coordinates":[77.6190244,13.0001781]},"properties":{"name":"Bangalore East","operator":"BMTC","osm_id":2405865971}},{"type":"Feature","geometry":{"type":"Point","coordinates":[77.6210005,13.0062403]},"properties":{"name":"Bridge","operator":"BMTC","osm_id":2405870314}},{"type":"Feature","geometry":{"type":"Point","coordinates":[77.6237297,13.0097161]},"properties":{"name":"Lingarajapura Bridge","operator":"BMTC","osm_id":2405870357}},{"type":"Feature","geometry":{"type":"Point","coordinates":[77.6222915,12.9984917]},"properties":{"name":"ITC Factory","operator":"BMTC","osm_id":2405873098}},{"type":"Feature","geometry":{"type":"Point","coordinates":[77.6137259,12.9906263]},"properties":{"name":"Thomas Cafe","operator":"BMTC","osm_id":2406048872}},{"type":"Feature","geometry":{"type":"Point","coordinates":[77.6137809,12.9907252]},"properties":{"name":"Thomas Cafe","operator":"BMTC","osm_id":2406048873}},{"type":"Feature","geometry":{"type":"Point","coordinates":[77.6215661,12.996517]},"properties":{"name":"Cox Town Circle","operator":"BMTC","osm_id":2406049367}},{"type":"Feature","geometry":{"type":"Point","coordinates":[77.6265535,12.9938503]},"properties":{"name":"Coxtown Water Tank","operator":"BMTC","osm_id":2406053895}},{"type":"Feature","geometry":{"type":"Point","coordinates":[77.6151038,12.9854276]},"properties":{"name":"Lavanya Talkies","operator":"BMTC","osm_id":2406057216}},{"type":"Feature","geometry":{"type":"Point","coordinates":[77.615515,12.9862525]},"properties":{"name":"Lavanya Talkies","operator":"BMTC","osm_id":2406057217}},{"type":"Feature","geometry":{"type":"Point","coordinates":[77.6190723,12.9624695]},"properties":{"name":"ASC Center","operator":"BMTC","osm_id":2406087671}},{"type":"Feature","geometry":{"type":"Point","coordinates":[77.6144864,12.9614905]},"properties":{"name":"Austin Town","operator":"BMTC","osm_id":2406087672}},{"type":"Feature","geometry":{"type":"Point","coordinates":[77.6103718,12.9643211]},"properties":{"name":"Philomenas Hospital","operator":"BMTC","osm_id":2406088640}},{"type":"Feature","geometry":{"type":"Point","coordinates":[77.5964846,12.9621117]},"properties":{"name":"Akkithimmanahalli","operator":"BMTC","osm_id":2406089988}},{"type":"Feature","geometry":{"type":"Point","coordinates":[77.5906757,12.9625607]},"properties":{"name":"Subbaiah Circle","operator":"BMTC","osm_id":2406090831}},{"type":"Feature","geometry":{"type":"Point","coordinates":[77.5877081,12.9610262]},"properties":{"name":"Poornima Talkies","operator":"BMTC","osm_id":2406093010}},{"type":"Feature","geometry":{"type":"Point","coordinates":[77.6617487,12.9667528]},"properties":{"name":"Jn of Suranjandas Road","operator":"BMTC","osm_id":2406102897}},{"type":"Feature","geometry":{"type":"Point","coordinates":[77.6210813,12.9563635]},"properties":{"name":"Vannarapete","operator":"BMTC","osm_id":2406115674}},{"type":"Feature","geometry":{"type":"Point","coordinates":[77.6227577,12.9542989]},"properties":{"name":"Vivekanagara","operator":"BMTC","osm_id":2406115675}},{"type":"Feature","geometry":{"type":"Point","coordinates":[77.6286805,12.9467081]},"properties":{"name":"Ejipura","operator":"BMTC","osm_id":2406118297}},{"type":"Feature","geometry":{"type":"Point","coordinates":[77.632838,12.9382731]},"properties":{"name":"Srinivagilu","operator":"BMTC","osm_id":2406537323}},{"type":"Feature","geometry":{"type":"Point","coordinates":[77.6173145,12.9538342]},"properties":{"name":"Neelasandra Rose Garden","operator":"BMTC","osm_id":2406537990}},{"type":"Feature","geometry":{"type":"Point","coordinates":[77.6144319,12.9576059]},"properties":{"name":"Neelasandra Bus Stand","operator":"BMTC","osm_id":2406538301}},{"type":"Feature","geometry":{"type":"Point","coordinates":[77.5592263,12.9688076]},"properties":{"name":"Railway Gate Kempapura","operator":"BMTC","osm_id":2406732290}},{"type":"Feature","geometry":{"type":"Point","coordinates":[77.6024426,12.9371336]},"properties":{"name":"Bangalore Dairy Circle","operator":"BMTC","osm_id":2406823289}},{"type":"Feature","geometry":{"type":"Point","coordinates":[77.6098888,12.931045]},"properties":{"name":"Suddaguntepalya","operator":"BMTC","osm_id":2406828118}},{"type":"Feature","geometry":{"type":"Point","coordinates":[77.6001827,12.9198614]},"properties":{"name":"Gurappanapalya","operator":"BMTC","osm_id":2406851449}},{"type":"Feature","geometry":{"type":"Point","coordinates":[77.600062,12.9197056]},"properties":{"name":"Gurappana Palya","operator":"BMTC","osm_id":2406851450}},{"type":"Feature","geometry":{"type":"Point","coordinates":[77.6160146,12.9417812]},"properties":{"name":"Koramangala 8th Block","operator":"BMTC","osm_id":2406980753}},{"type":"Feature","geometry":{"type":"Point","coordinates":[77.6298096,12.9343787]},"properties":{"name":"Maharaja Hotel","operator":"BMTC","osm_id":2406984944}},{"type":"Feature","geometry":{"type":"Point","coordinates":[77.643148,12.9916493]},"properties":{"name":"Byappanahalli rail gate","operator":"BMTC","osm_id":2407073228}},{"type":"Feature","geometry":{"type":"Point","coordinates":[77.6551718,12.9765528]},"properties":{"name":"GTRE","operator":"BMTC","osm_id":2407102032}},{"type":"Feature","geometry":{"type":"Point","coordinates":[77.6617782,12.9874615]},"properties":{"name":"DRDO QTS","operator":"BMTC","osm_id":2407104108}},{"type":"Feature","geometry":{"type":"Point","coordinates":[77.6638971,12.9856596]},"properties":{"name":"CV Raman Nagara","operator":"BMTC","osm_id":2407104618}},{"type":"Feature","geometry":{"type":"Point","coordinates":[77.5520366,12.9151076]},"properties":{"name":"Chikkallasandra","operator":"BMTC","osm_id":2407112052}},{"type":"Feature","geometry":{"type":"Point","coordinates":[77.6078589,13.0434709]},"properties":{"name":"Lumbini Gardens","operator":"BMTC","osm_id":2408701942}},{"type":"Feature","geometry":{"type":"Point","coordinates":[77.5729625,12.9109202]},"properties":{"name":"Sarakki","operator":"BMTC","osm_id":2409876449}},{"type":"Feature","geometry":{"type":"Point","coordinates":[77.5728364,12.9107463]},"properties":{"name":"Sarakki","operator":"BMTC","osm_id":2409876452}},{"type":"Feature","geometry":{"type":"Point","coordinates":[77.5714206,12.8973609]},"properties":{"name":"Yelachenahalli","operator":"BMTC","osm_id":2409882222}},{"type":"Feature","geometry":{"type":"Point","coordinates":[77.5687546,12.8944928]},"properties":{"name":"Metro Konanakunte","operator":"BMTC","osm_id":2409884077}},{"type":"Feature","geometry":{"type":"Point","coordinates":[77.5640809,12.890447]},"properties":{"name":"Konanakunte Cross","operator":"BMTC","osm_id":2409887340}},{"type":"Feature","geometry":{"type":"Point","coordinates":[77.5441537,12.9014036]},"properties":{"name":"Subramanyapura Police Station","operator":"BMTC","osm_id":2409896875}},{"type":"Feature","geometry":{"type":"Point","coordinates":[77.5598926,12.9007967]},"properties":{"name":"Canara Bank","operator":"BMTC","osm_id":2409900734}},{"type":"Feature","geometry":{"type":"Point","coordinates":[77.5706409,12.8861484]},"properties":{"name":"Bekary Ganapathi Pura","operator":"BMTC","osm_id":2409907591}},{"type":"Feature","geometry":{"type":"Point","coordinates":[77.5358062,12.9022049]},"properties":{"name":"Poornapragna Layout","operator":"BMTC","osm_id":2409915210}},{"type":"Feature","geometry":{"type":"Point","coordinates":[77.5417937,12.8856256]},"properties":{"name":"Gubbalala","operator":"BMTC","osm_id":2409919423}},{"type":"Feature","geometry":{"type":"Point","coordinates":[77.5576007,12.9022009]},"properties":{"name":"Kumaraswamy Layout West","operator":"BMTC","osm_id":2409982483}},{"type":"Feature","geometry":{"type":"Point","coordinates":[77.5466357,12.9173129]},"properties":{"name":"Ramanjaneya Layout","operator":"BMTC","osm_id":2409987789}},{"type":"Feature","geometry":{"type":"Point","coordinates":[77.5493503,12.9079387]},"properties":{"name":"Bharath House building Co-operative Society layout","operator":"BMTC","osm_id":2409993035}},{"type":"Feature","geometry":{"type":"Point","coordinates":[77.5624021,12.9019656]},"properties":{"name":"Chandranagara Cross","operator":"BMTC","osm_id":2410086046}},{"type":"Feature","geometry":{"type":"Point","coordinates":[77.565277,12.9007208]},"properties":{"name":"Chandranagara","operator":"BMTC","osm_id":2410086901}},{"type":"Feature","geometry":{"type":"Point","coordinates":[77.5461593,12.8811509]},"properties":{"name":"Raghuvanahalli Gate","operator":"BMTC","osm_id":2410097685}},{"type":"Feature","geometry":{"type":"Point","coordinates":[77.5365553,12.8692859]},"properties":{"name":"Thalaghattapura","operator":"BMTC","osm_id":2410098451}},{"type":"Feature","geometry":{"type":"Point","coordinates":[77.5288171,12.8599366]},"properties":{"name":"Jyothi Farm","operator":"BMTC","osm_id":2410102067}},{"type":"Feature","geometry":{"type":"Point","coordinates":[77.5302443,12.8527766]},"properties":{"name":"Vajramuneshwara Temple","operator":"BMTC","osm_id":2410511091}},{"type":"Feature","geometry":{"type":"Point","coordinates":[77.5487527,12.8798877]},"properties":{"name":"BCC Layout","operator":"BMTC","osm_id":2410872968}},{"type":"Feature","geometry":{"type":"Point","coordinates":[77.631625,13.029358]},"properties":{"name":"Hennur Cross","operator":"BMTC","osm_id":2411038821}},{"type":"Feature","geometry":{"type":"Point","coordinates":[77.5365097,12.9495471]},"properties":{"name":"BHEL Gate","operator":"BMTC","osm_id":2412142264}},{"type":"Feature","geometry":{"type":"Point","coordinates":[77.4705664,12.8463637]},"properties":{"name":"Gangasandra","operator":"BMTC","osm_id":2412201281}},{"type":"Feature","geometry":{"type":"Point","coordinates":[77.4624613,12.8466337]},"properties":{"name":"BGS College Gate","operator":"BMTC","osm_id":2412202587}},{"type":"Feature","geometry":{"type":"Point","coordinates":[77.6911411,12.9352602]},"properties":{"name":"New Horizon College","operator":"BMTC","osm_id":2412945505}},{"type":"Feature","geometry":{"type":"Point","coordinates":[77.4688917,12.8474259]},"properties":{"name":"BGS College Cross","operator":"BMTC","osm_id":2413496700}},{"type":"Feature","geometry":{"type":"Point","coordinates":[77.4671249,12.900973]},"properties":{"name":"Basavanagara","operator":"BMTC","osm_id":2413507933}},{"type":"Feature","geometry":{"type":"Point","coordinates":[77.4676251,12.9010645]},"properties":{"name":"Basavanagara","operator":"BMTC","osm_id":2413507934}},{"type":"Feature","geometry":{"type":"Point","coordinates":[77.5665732,12.8728416]},"properties":{"name":"Avalahalli","operator":"BMTC","osm_id":2415787662}},{"type":"Feature","geometry":{"type":"Point","coordinates":[77.5607972,12.861752]},"properties":{"name":"Anjanapura Cross","operator":"BMTC","osm_id":2415789337}},{"type":"Feature","geometry":{"type":"Point","coordinates":[77.5567241,12.8577176]},"properties":{"name":"Vajragiri Estate","operator":"BMTC","osm_id":2415789547}},{"type":"Feature","geometry":{"type":"Point","coordinates":[77.5496693,12.8395442]},"properties":{"name":"Amruth Nagara","operator":"BMTC","osm_id":2415790342}},{"type":"Feature","geometry":{"type":"Point","coordinates":[77.5706271,12.8772768]},"properties":{"name":"Harinagara","operator":"BMTC","osm_id":2415941547}},{"type":"Feature","geometry":{"type":"Point","coordinates":[77.577147,12.876558]},"properties":{"name":"Kothnuru Last Bus stop","operator":"BMTC","osm_id":2415942320}},{"type":"Feature","geometry":{"type":"Point","coordinates":[77.5606665,12.8725257]},"properties":{"name":"Avalahalli BDA Layout","operator":"BMTC","osm_id":2415946868}},{"type":"Feature","geometry":{"type":"Point","coordinates":[77.5818304,12.8922892]},"properties":{"name":"Brigade Millennium","operator":"BMTC","osm_id":2415951863}},{"type":"Feature","geometry":{"type":"Point","coordinates":[77.5818506,12.8879987]},"properties":{"name":"RBI Layout","operator":"BMTC","osm_id":2415952406}},{"type":"Feature","geometry":{"type":"Point","coordinates":[77.582685,12.8847863]},"properties":{"name":"Gowrava Nagar","operator":"BMTC","osm_id":2415952533}},{"type":"Feature","geometry":{"type":"Point","coordinates":[77.5838693,12.8812821]},"properties":{"name":"Navodaya Nagara","operator":"BMTC","osm_id":2415953435}},{"type":"Feature","geometry":{"type":"Point","coordinates":[77.5612479,12.8739328]},"properties":{"name":"Avalahalli BDA Layout Cross","operator":"BMTC","osm_id":2415959909}},{"type":"Feature","geometry":{"type":"Point","coordinates":[77.5546431,12.8836579]},"properties":{"name":"Narayana Nagara","operator":"BMTC","osm_id":2415960197}},{"type":"Feature","geometry":{"type":"Point","coordinates":[77.5752249,12.8642338]},"properties":{"name":"Vaddarapalya Cross","operator":"BMTC","osm_id":2415964442}},{"type":"Feature","geometry":{"type":"Point","coordinates":[77.5701666,12.8592461]},"properties":{"name":"Chamundeshwari Temple","operator":"BTMC","osm_id":2415976264}},{"type":"Feature","geometry":{"type":"Point","coordinates":[77.563068,12.864703]},"properties":{"name":"J Srinivasa Reddy Layout","operator":"BMTC","osm_id":2415978572}},{"type":"Feature","geometry":{"type":"Point","coordinates":[77.571877,12.8943642]},"properties":{"name":"Ganapathipura Cross","operator":"BMTC","osm_id":2416245114}},{"type":"Feature","geometry":{"type":"Point","coordinates":[77.575728,12.8814877]},"properties":{"name":"Maruthi School","operator":"BMTC","osm_id":2416251817}},{"type":"Feature","geometry":{"type":"Point","coordinates":[77.5949811,12.9019552]},"properties":{"name":"Kalyani Magnum JP Nagara","operator":"BMTC","osm_id":2416314113}},{"type":"Feature","geometry":{"type":"Point","coordinates":[77.5938362,12.8894455]},"properties":{"name":"Arekere MICO Layout","operator":"BMTC","osm_id":2416328329}},{"type":"Feature","geometry":{"type":"Point","coordinates":[77.5578836,12.8450136]},"properties":{"name":"Tulasipura","operator":"BMTC","osm_id":2416353512}},{"type":"Feature","geometry":{"type":"Point","coordinates":[77.5859397,12.9010682]},"properties":{"name":"Auto Gas/Royal School","operator":"BMTC","osm_id":2416368278}},{"type":"Feature","geometry":{"type":"Point","coordinates":[77.5767564,12.8362516]},"properties":{"name":"Bilavaradahalli","operator":"BMTC","osm_id":2417282843}},{"type":"Feature","geometry":{"type":"Point","coordinates":[77.5886734,12.8413015]},"properties":{"name":"Koli Farm Gate","operator":"BMTC","osm_id":2417283052}},{"type":"Feature","geometry":{"type":"Point","coordinates":[77.5891575,12.8346247]},"properties":{"name":"Tulip Resort Cross","operator":"BMTC","osm_id":2417283678}},{"type":"Feature","geometry":{"type":"Point","coordinates":[77.5374892,12.8749283]},"properties":{"name":"Manjunatha Kalyana Mantapa","operator":"BMTC","osm_id":2417406624}},{"type":"Feature","geometry":{"type":"Point","coordinates":[77.5332439,12.8759616]},"properties":{"name":"Ganigara Palya","operator":"BMTC","osm_id":2417407989}},{"type":"Feature","geometry":{"type":"Point","coordinates":[77.5151455,12.8785727]},"properties":{"name":"Chikkegowdana Palya","operator":"BMTC","osm_id":2417410558}},{"type":"Feature","geometry":{"type":"Point","coordinates":[77.5013924,12.8820003]},"properties":{"name":"Gattigere Palya","operator":"BMTC","osm_id":2417410674}},{"type":"Feature","geometry":{"type":"Point","coordinates":[77.4966468,12.8778162]},"properties":{"name":"Sompura","operator":"BMTC","osm_id":2417411422}},{"type":"Feature","geometry":{"type":"Point","coordinates":[77.5055475,12.8805375]},"properties":{"name":"Dasegowdana Palya","operator":"BMTC","osm_id":2417426124}},{"type":"Feature","geometry":{"type":"Point","coordinates":[77.4983439,12.8863796]},"properties":{"name":"Lakshmi Devastana","operator":"BMTC","osm_id":2417426125}},{"type":"Feature","geometry":{"type":"Point","coordinates":[77.4876092,12.8991288]},"properties":{"name":"Sridhara Gudda","operator":"BMTC","osm_id":2417431667}},{"type":"Feature","geometry":{"type":"Point","coordinates":[77.4889005,12.9075203]},"properties":{"name":"Jn of Gollahalli Road","operator":"BMTC","osm_id":2417431671}},{"type":"Feature","geometry":{"type":"Point","coordinates":[77.4863349,12.892572]},"properties":{"name":"Konasandra Cross","operator":"BMTC","osm_id":2417431674}},{"type":"Feature","geometry":{"type":"Point","coordinates":[77.4617673,12.8718914]},"properties":{"name":"Kambipura","operator":"BMTC","osm_id":2417451111}},{"type":"Feature","geometry":{"type":"Point","coordinates":[77.4612498,12.8748044]},"properties":{"name":"Jandemara","operator":"BMTC","osm_id":2417451179}},{"type":"Feature","geometry":{"type":"Point","coordinates":[77.4961638,12.9227574]},"properties":{"name":"Dubasi Palya Cross","operator":"BMTC","osm_id":2417456086}},{"type":"Feature","geometry":{"type":"Point","coordinates":[77.495504,12.9227444]},"properties":{"name":"Dubasi Palya Cross","operator":"BMTC","osm_id":2417456093}},{"type":"Feature","geometry":{"type":"Point","coordinates":[77.5132857,12.9357958]},"properties":{"name":"Bangalore University Gate","operator":"BMTC","osm_id":2417461412}},{"type":"Feature","geometry":{"type":"Point","coordinates":[77.5182304,12.9364872]},"properties":{"name":"Rajarajeshwarinagara Gate","operator":"BMTC","osm_id":2417462147}},{"type":"Feature","geometry":{"type":"Point","coordinates":[77.5175665,12.9362323]},"properties":{"name":"Rajarajeshwarinagara Gate","operator":"BMTC","osm_id":2417462148}},{"type":"Feature","geometry":{"type":"Point","coordinates":[77.5233361,12.9392534]},"properties":{"name":"BWSSB Quarters","operator":"BMTC","osm_id":2417463399}},{"type":"Feature","geometry":{"type":"Point","coordinates":[77.5262823,12.9429714]},"properties":{"name":"Nayandahalli","operator":"BMTC","osm_id":2417464022}},{"type":"Feature","geometry":{"type":"Point","coordinates":[77.4757893,12.9041118]},"properties":{"name":"Kengeri RWS Gate","operator":"BMTC","osm_id":2417467770}},{"type":"Feature","geometry":{"type":"Point","coordinates":[77.4816161,12.9146219]},"properties":{"name":"Jn of Kommaghatta Road","operator":"BMTC","osm_id":2417473389}},{"type":"Feature","geometry":{"type":"Point","coordinates":[77.4797513,12.9160549]},"properties":{"name":"Robin Talkies","operator":"BMTC","osm_id":2417473892}},{"type":"Feature","geometry":{"type":"Point","coordinates":[77.4767902,12.9198409]},"properties":{"name":"Kengeri Bande Mata","operator":"BMTC","osm_id":2417474687}},{"type":"Feature","geometry":{"type":"Point","coordinates":[77.4823461,12.9165843]},"properties":{"name":"Kengeri Railway Station","operator":"BMTC","osm_id":2417874826}},{"type":"Feature","geometry":{"type":"Point","coordinates":[77.4832425,12.9189691]},"properties":{"name":"Society Kengeri Satellite Town","operator":"BMTC","osm_id":2417876103}},{"type":"Feature","geometry":{"type":"Point","coordinates":[77.4924157,12.935699]},"properties":{"name":"Nagadevanahalli RR Temple","operator":"BMTC","osm_id":2417884311}},{"type":"Feature","geometry":{"type":"Point","coordinates":[77.5204954,12.920158]},"properties":{"name":"BEML Complex","operator":"BMTC","osm_id":2418680584}},{"type":"Feature","geometry":{"type":"Point","coordinates":[77.5207669,12.914526]},"properties":{"name":"Double Road BEML Layout","operator":"BMTC","osm_id":2418681329}},{"type":"Feature","geometry":{"type":"Point","coordinates":[77.5162034,12.932582]},"properties":{"name":"Petrol Bunk RR Nagar","operator":"BMTC","osm_id":2418690581}},{"type":"Feature","geometry":{"type":"Point","coordinates":[77.4897507,12.9313242]},"properties":{"name":"Jnana Bharthi Layout","operator":"BMTC","osm_id":2418877010}},{"type":"Feature","geometry":{"type":"Point","coordinates":[77.505853,12.9422645]},"properties":{"name":"Ladies Hostel University Campus","operator":"BMTC","osm_id":2418878036}},{"type":"Feature","geometry":{"type":"Point","coordinates":[77.5044462,12.9443231]},"properties":{"name":"Library University","operator":"BMTC","osm_id":2418878046}},{"type":"Feature","geometry":{"type":"Point","coordinates":[77.501359,12.9491302]},"properties":{"name":"Administrative Block","operator":"BMTC","osm_id":2418880199}},{"type":"Feature","geometry":{"type":"Point","coordinates":[77.4972184,12.9486439]},"properties":{"name":"PVP School","operator":"BMTC","osm_id":2418883622}},{"type":"Feature","geometry":{"type":"Point","coordinates":[77.4833693,12.9420013]},"properties":{"name":"Sonnenahalli Bridge","operator":"BMTC","osm_id":2418888272}},{"type":"Feature","geometry":{"type":"Point","coordinates":[77.4801004,12.9421151]},"properties":{"name":"Sonnenahalli","operator":"BMTC","osm_id":2418890959}},{"type":"Feature","geometry":{"type":"Point","coordinates":[77.5042973,12.9602707]},"properties":{"name":"Kengunte Circle","operator":"BMTC","osm_id":2418893735}},{"type":"Feature","geometry":{"type":"Point","coordinates":[77.5051865,12.9666747]},"properties":{"name":"Deepa Complex","operator":"BMTC","osm_id":2418895128}},{"type":"Feature","geometry":{"type":"Point","coordinates":[77.5051018,12.9668119]},"properties":{"name":"Deepa Complex","operator":"BMTC","osm_id":2418895129}},{"type":"Feature","geometry":{"type":"Point","coordinates":[77.4790752,12.9383443]},"properties":{"name":"Maruthi Nagara","operator":"BMTC","osm_id":2419025620}},{"type":"Feature","geometry":{"type":"Point","coordinates":[77.4957806,12.9586449]},"properties":{"name":"Balaji Badavane","operator":"BMTC","osm_id":2419026790}},{"type":"Feature","geometry":{"type":"Point","coordinates":[77.4953803,12.9572292]},"properties":{"name":"Jnana Jyothi Nagara 2nd Phase","operator":"BMTC","osm_id":2419027596}},{"type":"Feature","geometry":{"type":"Point","coordinates":[77.5186179,12.9580712]},"properties":{"name":"Nagarabhavi Circle","operator":"BMTC","osm_id":2419033226}},{"type":"Feature","geometry":{"type":"Point","coordinates":[77.4801467,12.8760451]},"properties":{"name":"H Gollahalli","operator":"BMTC","osm_id":2419046470}},{"type":"Feature","geometry":{"type":"Point","coordinates":[77.4870034,12.8756058]},"properties":{"name":"Channaveeraiahna Palya","operator":"BMTC","osm_id":2419051641}},{"type":"Feature","geometry":{"type":"Point","coordinates":[77.4902322,12.8774351]},"properties":{"name":"Varahasandra","operator":"BMTC","osm_id":2419052074}},{"type":"Feature","geometry":{"type":"Point","coordinates":[77.4726031,12.8578812]},"properties":{"name":"Doddipalya","operator":"BMTC","osm_id":2419063909}},{"type":"Feature","geometry":{"type":"Point","coordinates":[77.5134738,12.9097783]},"properties":{"name":"Bengaluru Children Hospital","operator":"BMTC","osm_id":2419069595}},{"type":"Feature","geometry":{"type":"Point","coordinates":[77.5135577,12.9151912]},"properties":{"name":"Double Road","operator":"BMTC","osm_id":2419071846}},{"type":"Feature","geometry":{"type":"Point","coordinates":[77.5139568,12.919989]},"properties":{"name":"Halage Vaderahalli","operator":"BMTC","osm_id":2419073923}},{"type":"Feature","geometry":{"type":"Point","coordinates":[77.5144605,12.9224408]},"properties":{"name":"Halage Vaderahalli","operator":"BMTC","osm_id":2419075841}},{"type":"Feature","geometry":{"type":"Point","coordinates":[77.5094821,12.9039299]},"properties":{"name":"JSS College","operator":"BMTC","osm_id":2419077949}},{"type":"Feature","geometry":{"type":"Point","coordinates":[77.5215371,12.9066721]},"properties":{"name":"BEML Layout 5th Stage","operator":"BMTC","osm_id":2419086273}},{"type":"Feature","geometry":{"type":"Point","coordinates":[77.5107921,12.9157937]},"properties":{"name":"BHEL Layout Cross","operator":"BMTC","osm_id":2419560970}},{"type":"Feature","geometry":{"type":"Point","coordinates":[77.5071063,12.9132498]},"properties":{"name":"Krishna Garden","operator":"BMTC","osm_id":2419561419}},{"type":"Feature","geometry":{"type":"Point","coordinates":[77.5206938,12.9299784]},"properties":{"name":"Javaregowdanagara Cross","operator":"BMTC","osm_id":2419569816}},{"type":"Feature","geometry":{"type":"Point","coordinates":[77.5263047,12.924845]},"properties":{"name":"Bangarappa Nagara","operator":"BMTC","osm_id":2419570723}},{"type":"Feature","geometry":{"type":"Point","coordinates":[77.5274468,12.9115009]},"properties":{"name":"Shakthi Hill Resorts","operator":"BMTC","osm_id":2419575975}},{"type":"Feature","geometry":{"type":"Point","coordinates":[77.5283118,12.9132268]},"properties":{"name":"Shanmuka Temple","operator":"BMTC","osm_id":2419586961}},{"type":"Feature","geometry":{"type":"Point","coordinates":[77.5243085,12.9298898]},"properties":{"name":"Javaregowda Nagara","operator":"BMTC","osm_id":2419587684}},{"type":"Feature","geometry":{"type":"Point","coordinates":[77.4974244,12.951812]},"properties":{"name":"Koli Farm","operator":"BMTC","osm_id":2419991790}},{"type":"Feature","geometry":{"type":"Point","coordinates":[77.4886482,12.9494923]},"properties":{"name":"Amma Ashrama Cross","operator":"BMTC","osm_id":2419992088}},{"type":"Feature","geometry":{"type":"Point","coordinates":[77.4700551,12.8408987]},"properties":{"name":"Gaviyana Palya","operator":"BMTC","osm_id":2420894641}},{"type":"Feature","geometry":{"type":"Point","coordinates":[77.4750841,12.9623714]},"properties":{"name":"Ullalu Upanagara","operator":"BMTC","osm_id":2422576364}},{"type":"Feature","geometry":{"type":"Point","coordinates":[77.5234607,12.9648841]},"properties":{"name":"Byraveshwaranagara Bank Colony","operator":"BMTC","osm_id":2422595117}},{"type":"Feature","geometry":{"type":"Point","coordinates":[77.5238617,12.9676588]},"properties":{"name":"Kalyana Nagara","operator":"BMTC","osm_id":2422595393}},{"type":"Feature","geometry":{"type":"Point","coordinates":[77.5267719,12.971471]},"properties":{"name":"Priyadarshini Layout","operator":"BMTC","osm_id":2422598166}},{"type":"Feature","geometry":{"type":"Point","coordinates":[77.4871287,12.956729]},"properties":{"name":"Bhavani Nagara 2nd Stage","operator":"BMTC","osm_id":2422618629}},{"type":"Feature","geometry":{"type":"Point","coordinates":[77.5163913,12.9528101]},"properties":{"name":"National Law College, Jnana Bharathi","operator":"BMTC","osm_id":2423019783}},{"type":"Feature","geometry":{"type":"Point","coordinates":[77.5158444,12.9669694]},"properties":{"name":"Bande Maramma Bus Station","operator":"BMTC","osm_id":2423029493}},{"type":"Feature","geometry":{"type":"Point","coordinates":[77.5123818,12.9607501]},"properties":{"name":"Nagarabhavi 12th Block","operator":"BMTC","osm_id":2423036330}},{"type":"Feature","geometry":{"type":"Point","coordinates":[77.5258159,12.9763305]},"properties":{"name":"Patteghar Circle","operator":"BMTC","osm_id":2423062897}},{"type":"Feature","geometry":{"type":"Point","coordinates":[77.5208194,12.9743262]},"properties":{"name":"Panchsheela Nagara","operator":"BMTC","osm_id":2423066122}},{"type":"Feature","geometry":{"type":"Point","coordinates":[77.515267,12.9754631]},"properties":{"name":"Malagala","operator":"BMTC","osm_id":2423073145}},{"type":"Feature","geometry":{"type":"Point","coordinates":[77.5164792,12.9778951]},"properties":{"name":"Ramakrishnappa Layout","operator":"BMTC","osm_id":2423073146}},{"type":"Feature","geometry":{"type":"Point","coordinates":[77.5148649,12.9694773]},"properties":{"name":"Bus Stop","operator":"BMTC","osm_id":2423074843}},{"type":"Feature","geometry":{"type":"Point","coordinates":[77.506983,12.9807737]},"properties":{"name":"Annapoorneshwari Nagara","operator":"BMTC","osm_id":2424233634}},{"type":"Feature","geometry":{"type":"Point","coordinates":[77.5017486,12.9787283]},"properties":{"name":"Srigandha Kaval","operator":"BMTC","osm_id":2424233638}},{"type":"Feature","geometry":{"type":"Point","coordinates":[77.4986637,12.9782346]},"properties":{"name":"D Group Employees Layout","operator":"BMTC","osm_id":2424234588}},{"type":"Feature","geometry":{"type":"Point","coordinates":[77.4946739,12.9770837]},"properties":{"name":"Narasipura","operator":"BMTC","osm_id":2424257402}},{"type":"Feature","geometry":{"type":"Point","coordinates":[77.4868694,12.9463979]},"properties":{"name":"Amma Ashrama","operator":"BMTC","osm_id":2424263781}},{"type":"Feature","geometry":{"type":"Point","coordinates":[77.4932046,12.9876847]},"properties":{"name":"Herohalli Cross","operator":"BMTC","osm_id":2425476358}},{"type":"Feature","geometry":{"type":"Point","coordinates":[77.4885444,12.9862442]},"properties":{"name":"Anjananagar Gollarahatti","operator":"BMTC","osm_id":2425477361}},{"type":"Feature","geometry":{"type":"Point","coordinates":[77.4779524,12.9861912]},"properties":{"name":"College Stop Gollarahatti","operator":"BMTC","osm_id":2425478432}},{"type":"Feature","geometry":{"type":"Point","coordinates":[77.4741074,12.9879822]},"properties":{"name":"Gollarahatti","operator":"BMTC","osm_id":2425479203}},{"type":"Feature","geometry":{"type":"Point","coordinates":[77.4657955,12.9914136]},"properties":{"name":"Chikka Gollarahatti","operator":"BMTC","osm_id":2425644205}},{"type":"Feature","geometry":{"type":"Point","coordinates":[77.5081883,12.9925949]},"properties":{"name":"Vinayaka Talkies","operator":"BMTC","osm_id":2425652914}},{"type":"Feature","geometry":{"type":"Point","coordinates":[77.5112021,12.9945673]},"properties":{"name":"Siddartha Badavane","operator":"BMTC","osm_id":2425652915}},{"type":"Feature","geometry":{"type":"Point","coordinates":[77.4689491,12.990475]},"properties":{"name":"Kachohalli Cross","operator":"BMTC","osm_id":2425657367}},{"type":"Feature","geometry":{"type":"Point","coordinates":[77.4661321,13.0586246]},"properties":{"name":"TCI","operator":"BMTC","osm_id":2425683412}},{"type":"Feature","geometry":{"type":"Point","coordinates":[77.4612263,13.0608994]},"properties":{"name":"Madanayakanahalli","operator":"BMTC","osm_id":2425683415}},{"type":"Feature","geometry":{"type":"Point","coordinates":[77.4659882,13.0590498]},"properties":{"name":"TCI","operator":"BMTC","osm_id":2425719964}},{"type":"Feature","geometry":{"type":"Point","coordinates":[77.4612791,13.0612674]},"properties":{"name":"Madanayakanahalli","operator":"BMTC","osm_id":2425720000}},{"type":"Feature","geometry":{"type":"Point","coordinates":[77.4943652,12.9923026]},"properties":{"name":"Madeshwara Nagara","operator":"BMTC","osm_id":2427680721}},{"type":"Feature","geometry":{"type":"Point","coordinates":[77.4967859,12.9972668]},"properties":{"name":"Prasanna Layout","operator":"BMTC","osm_id":2427682609}},{"type":"Feature","geometry":{"type":"Point","coordinates":[77.4961909,12.9992771]},"properties":{"name":"Nagaravale","operator":"BMTC","osm_id":2427682678}},{"type":"Feature","geometry":{"type":"Point","coordinates":[77.4778584,12.9785713]},"properties":{"name":"Bharathnagar 2nd Stage","operator":"BMTC","osm_id":2428064206}},{"type":"Feature","geometry":{"type":"Point","coordinates":[77.4663643,12.9885211]},"properties":{"name":"Eshwari Form","operator":"BMTC","osm_id":2428077748}},{"type":"Feature","geometry":{"type":"Point","coordinates":[77.485068,12.985503]},"properties":{"name":"Tunganagara Cross","operator":"BMTC","osm_id":2428260878}},{"type":"Feature","geometry":{"type":"Point","coordinates":[77.4851534,12.991877]},"properties":{"name":"Thunga Nagara","operator":"BMTC","osm_id":2428260879}},{"type":"Feature","geometry":{"type":"Point","coordinates":[77.4872663,13.0047026]},"properties":{"name":"Vidyamanyanagar","operator":"BMTC","osm_id":2430065563}},{"type":"Feature","geometry":{"type":"Point","coordinates":[77.4878545,12.9663246]},"properties":{"name":"Muddinapalya","operator":"BMTC","osm_id":2430071288}},{"type":"Feature","geometry":{"type":"Point","coordinates":[77.4885321,12.9933298]},"properties":{"name":"Venkateshwara Layout","operator":"BMTC","osm_id":2430076112}},{"type":"Feature","geometry":{"type":"Point","coordinates":[77.4874872,13.0046069]},"properties":{"name":"Vidyamanyanagar","operator":"BMTC","osm_id":2430077524}},{"type":"Feature","geometry":{"type":"Point","coordinates":[77.4834344,13.0137744]},"properties":{"name":"Anjaneya Temple Thigalarapalya","operator":"BMTC","osm_id":2430080070}},{"type":"Feature","geometry":{"type":"Point","coordinates":[77.4877377,12.9592469]},"properties":{"name":"Upkar Residency Layout","operator":"BMTC","osm_id":2430173593}},{"type":"Feature","geometry":{"type":"Point","coordinates":[77.4793945,13.0000996]},"properties":{"name":"Lingadeeranahalli","operator":"BMTC","osm_id":2430176320}},{"type":"Feature","geometry":{"type":"Point","coordinates":[77.5138386,12.9777974]},"properties":{"name":"Nagarabhavi 2nd Phase 11th Block","operator":"BMTC","osm_id":2430207282}},{"type":"Feature","geometry":{"type":"Point","coordinates":[77.5056125,13.0082282]},"properties":{"name":"Dairy Hegganahalli","operator":"BMTC","osm_id":2431129752}},{"type":"Feature","geometry":{"type":"Point","coordinates":[77.5068553,13.010872]},"properties":{"name":"Peenya 2nd Stage","operator":"BMTC","osm_id":2431129973}},{"type":"Feature","geometry":{"type":"Point","coordinates":[77.5057386,13.0164785]},"properties":{"name":"Peenya 14th Cross","operator":"BMTC","osm_id":2431131774}},{"type":"Feature","geometry":{"type":"Point","coordinates":[77.5081111,13.0202404]},"properties":{"name":"Brundavana Peenya 2nd Stage","operator":"BMTC","osm_id":2431132702}},{"type":"Feature","geometry":{"type":"Point","coordinates":[77.5108657,13.0246025]},"properties":{"name":"NTTF","operator":"BMTC","osm_id":2431134804}},{"type":"Feature","geometry":{"type":"Point","coordinates":[77.5147174,13.0265402]},"properties":{"name":"Rolling Mill","operator":"BMTC","osm_id":2431137102}},{"type":"Feature","geometry":{"type":"Point","coordinates":[77.519548,13.0285288]},"properties":{"name":"TVS Cross Peenya 2nd Stage","operator":"BMTC","osm_id":2431140121}},{"type":"Feature","geometry":{"type":"Point","coordinates":[77.5181727,13.0354412]},"properties":{"name":"Systems Peenya","operator":"BMTC","osm_id":2431140188}},{"type":"Feature","geometry":{"type":"Point","coordinates":[77.5179665,13.0349433]},"properties":{"name":"System Jalahalli Cross","operator":"BMTC","osm_id":2431140189}},{"type":"Feature","geometry":{"type":"Point","coordinates":[77.5183133,13.0398186]},"properties":{"name":"Jalahalli Cross","operator":"BMTC","osm_id":2431141046}},{"type":"Feature","geometry":{"type":"Point","coordinates":[77.5130488,13.0430177]},"properties":{"name":"T Dasarahalli","operator":"BMTC","osm_id":2431142779}},{"type":"Feature","geometry":{"type":"Point","coordinates":[77.5129645,13.0427796]},"properties":{"name":"T Dasarahalli","operator":"BMTC","osm_id":2431142785}},{"type":"Feature","geometry":{"type":"Point","coordinates":[77.5055104,13.0455636]},"properties":{"name":"8th Mile Dasarahalli","operator":"BMTC","osm_id":2431143925}},{"type":"Feature","geometry":{"type":"Point","coordinates":[77.5076896,13.0450201]},"properties":{"name":"8th Mile Dasarahalli","operator":"BMTC","osm_id":2431144562}},{"type":"Feature","geometry":{"type":"Point","coordinates":[77.5048282,13.0410361]},"properties":{"name":"Rukmini Nagara","operator":"BMTC","osm_id":2431146027}},{"type":"Feature","geometry":{"type":"Point","coordinates":[77.5045157,13.0385761]},"properties":{"name":"Nagasandra Cross Bus Stop","operator":"BMTC","osm_id":2431146294}},{"type":"Feature","geometry":{"type":"Point","coordinates":[77.5040962,13.0337754]},"properties":{"name":"HMT Layout","operator":"BMTC","osm_id":2431146694}},{"type":"Feature","geometry":{"type":"Point","coordinates":[77.5034567,13.0315243]},"properties":{"name":"Nelagedaranahalli","operator":"BMTC","osm_id":2431147069}},{"type":"Feature","geometry":{"type":"Point","coordinates":[77.4997531,13.0298063]},"properties":{"name":"Gruhalaxmi Layout","operator":"BMTC","osm_id":2431157768}},{"type":"Feature","geometry":{"type":"Point","coordinates":[77.4937718,13.0277238]},"properties":{"name":"Indiranagara","operator":"BMTC","osm_id":2431163764}},{"type":"Feature","geometry":{"type":"Point","coordinates":[77.4731558,13.0262298]},"properties":{"name":"Shanthinagara","operator":"BMTC","osm_id":2431163833}},{"type":"Feature","geometry":{"type":"Point","coordinates":[77.4835383,13.0293894]},"properties":{"name":"Thippenahalli Cross","operator":"BMTC","osm_id":2431163862}},{"type":"Feature","geometry":{"type":"Point","coordinates":[77.4708342,13.024254]},"properties":{"name":"Gangondanahalli Colony","operator":"BMTC","osm_id":2431168829}},{"type":"Feature","geometry":{"type":"Point","coordinates":[77.5235453,13.0226124]},"properties":{"name":"Laggere Cross","operator":"BMTC","osm_id":2431186739}},{"type":"Feature","geometry":{"type":"Point","coordinates":[77.5203387,13.0163723]},"properties":{"name":"Parvathi Nagara","operator":"BMTC","osm_id":2431187264}},{"type":"Feature","geometry":{"type":"Point","coordinates":[77.5208472,13.0139134]},"properties":{"name":"Laggere","operator":"BMTC","osm_id":2431187361}},{"type":"Feature","geometry":{"type":"Point","coordinates":[77.4967136,13.0486783]},"properties":{"name":"Widia School","operator":"BMTC","osm_id":2431192369}},{"type":"Feature","geometry":{"type":"Point","coordinates":[77.492188,13.0507435]},"properties":{"name":"Morision Factory","operator":"BMTC","osm_id":2431194968}},{"type":"Feature","geometry":{"type":"Point","coordinates":[77.4918735,13.0504136]},"properties":{"name":"Marison Factory","operator":"BMTC","osm_id":2431194972}},{"type":"Feature","geometry":{"type":"Point","coordinates":[77.4877306,13.0523528]},"properties":{"name":"Chikka Bidarakallu","operator":"BMTC","osm_id":2431196213}},{"type":"Feature","geometry":{"type":"Point","coordinates":[77.4877084,13.0519047]},"properties":{"name":"Chikkabidarakallu","operator":"BMTC","osm_id":2431196216}},{"type":"Feature","geometry":{"type":"Point","coordinates":[77.4840545,13.0536615]},"properties":{"name":"Jindal","operator":"BMTC","osm_id":2431197623}},{"type":"Feature","geometry":{"type":"Point","coordinates":[77.4838143,13.0532831]},"properties":{"name":"Jindal","operator":"BMTC","osm_id":2431197626}},{"type":"Feature","geometry":{"type":"Point","coordinates":[77.4789572,13.0550002]},"properties":{"name":"Anchepalya","operator":"BMTC","osm_id":2431198619}},{"type":"Feature","geometry":{"type":"Point","coordinates":[77.4731579,13.0572169]},"properties":{"name":"Madavara","operator":"BMTC","osm_id":2431206510}},{"type":"Feature","geometry":{"type":"Point","coordinates":[77.5077223,13.0510007]},"properties":{"name":"Widia School Bagalagunte","operator":"BMTC","osm_id":2431229855}},{"type":"Feature","geometry":{"type":"Point","coordinates":[77.5072784,13.0564209]},"properties":{"name":"Bagalagunte","operator":"BMTC","osm_id":2431230945}},{"type":"Feature","geometry":{"type":"Point","coordinates":[77.5048674,13.0640151]},"properties":{"name":"Bone Mill","operator":"BMTC","osm_id":2431232325}},{"type":"Feature","geometry":{"type":"Point","coordinates":[77.5032715,13.0669701]},"properties":{"name":"Sapthagiri College","operator":"BMTC","osm_id":2431234341}},{"type":"Feature","geometry":{"type":"Point","coordinates":[77.5030691,13.0734812]},"properties":{"name":"Janapriya Apartments","operator":"BMTC","osm_id":2431237657}},{"type":"Feature","geometry":{"type":"Point","coordinates":[77.500118,13.0825565]},"properties":{"name":"Chikkabanawara","operator":"BMTC","osm_id":2431238702}},{"type":"Feature","geometry":{"type":"Point","coordinates":[77.4806781,13.1012792]},"properties":{"name":"Tharabana Halli Hesaraghatta","operator":"BMTC","osm_id":2431244398}},{"type":"Feature","geometry":{"type":"Point","coordinates":[77.4827892,13.1160504]},"properties":{"name":"Huruli Chikkanahalli","operator":"BMTC","osm_id":2431246221}},{"type":"Feature","geometry":{"type":"Point","coordinates":[77.4835931,13.1252792]},"properties":{"name":"Thirumalapura Gate","operator":"BMTC","osm_id":2431247267}},{"type":"Feature","geometry":{"type":"Point","coordinates":[77.4843686,13.1303632]},"properties":{"name":"Hesaraghatta TB Cross","operator":"BMTC","osm_id":2431247783}},{"type":"Feature","geometry":{"type":"Point","coordinates":[77.5222447,13.045979]},"properties":{"name":"Ayyappa Temple","operator":"BMTC","osm_id":2432071770}},{"type":"Feature","geometry":{"type":"Point","coordinates":[77.525675,13.0502833]},"properties":{"name":"Shetty Halli Cross","operator":"BMTC","osm_id":2432071928}},{"type":"Feature","geometry":{"type":"Point","coordinates":[77.5327276,13.0545787]},"properties":{"name":"KG Halli Bridge","operator":"BMTC","osm_id":2432075005}},{"type":"Feature","geometry":{"type":"Point","coordinates":[77.5377099,13.0496284]},"properties":{"name":"HMT Shopping Complex","operator":"BMTC","osm_id":2432077301}},{"type":"Feature","geometry":{"type":"Point","coordinates":[77.5418155,13.0507035]},"properties":{"name":"HMT Post Office","operator":"BMTC","osm_id":2432077816}},{"type":"Feature","geometry":{"type":"Point","coordinates":[77.5447654,13.0493824]},"properties":{"name":"HMT Auditorium","operator":"BMTC","osm_id":2432309098}},{"type":"Feature","geometry":{"type":"Point","coordinates":[77.5499149,13.0489639]},"properties":{"name":"Jalahalli Police Station","operator":"BMTC","osm_id":2432310515}},{"type":"Feature","geometry":{"type":"Point","coordinates":[77.5535761,13.0497863]},"properties":{"name":"State Bank BEL Circle","operator":"BMTC","osm_id":2432313579}},{"type":"Feature","geometry":{"type":"Point","coordinates":[77.5561862,13.045969]},"properties":{"name":"BEL Circle","operator":"BMTC","osm_id":2432316367}},{"type":"Feature","geometry":{"type":"Point","coordinates":[77.5578439,13.0559749]},"properties":{"name":"Nagaland Circle","operator":"BMTC","osm_id":2432318435}},{"type":"Feature","geometry":{"type":"Point","coordinates":[77.5592891,13.0588346]},"properties":{"name":"Dodda Bommasandra Arch","operator":"BMTC","osm_id":2432318776}},{"type":"Feature","geometry":{"type":"Point","coordinates":[77.55882,13.0601068]},"properties":{"name":"Dodda Bommasandra","operator":"BMTC","osm_id":2432319138}},{"type":"Feature","geometry":{"type":"Point","coordinates":[77.5555305,13.0703462]},"properties":{"name":"Vidhyaranyapura 1st Block","operator":"BMTC","osm_id":2432322366}},{"type":"Feature","geometry":{"type":"Point","coordinates":[77.5564491,13.072187]},"properties":{"name":"Canara Bank Vidyaranyapura","operator":"BMTC","osm_id":2432323147}},{"type":"Feature","geometry":{"type":"Point","coordinates":[77.5582754,13.0762084]},"properties":{"name":"Vidyaranyapura Post Office","operator":"BMTC","osm_id":2432324881}},{"type":"Feature","geometry":{"type":"Point","coordinates":[77.5598389,13.0818224]},"properties":{"name":"Durgaparmeshwari Temple","operator":"BMTC","osm_id":2432326327}},{"type":"Feature","geometry":{"type":"Point","coordinates":[77.5046705,12.992196]},"properties":{"name":"Aralimara","operator":"BMTC","osm_id":2432447260}},{"type":"Feature","geometry":{"type":"Point","coordinates":[77.4886424,13.0642011]},"properties":{"name":"Sheshadri Nagara","operator":"BMTC","osm_id":2432467854}},{"type":"Feature","geometry":{"type":"Point","coordinates":[77.4909127,13.1352937]},"properties":{"name":"T B Hesaraghatta","operator":"BMTC","osm_id":2432479041}},{"type":"Feature","geometry":{"type":"Point","coordinates":[77.5001184,13.0673669]},"properties":{"name":"Kirloskar Badavane","operator":"BMTC","osm_id":2432490961}},{"type":"Feature","geometry":{"type":"Point","coordinates":[77.4997629,13.0395465]},"properties":{"name":"Nagasandra","operator":"BMTC","osm_id":2432492430}},{"type":"Feature","geometry":{"type":"Point","coordinates":[77.4992483,13.0345127]},"properties":{"name":"KRS Gowda Layout","operator":"BMTC","osm_id":2432493345}},{"type":"Feature","geometry":{"type":"Point","coordinates":[77.4622125,13.1413529]},"properties":{"name":"Guddadahalli Hesaraghatta Road","operator":"BMTC","osm_id":2432505983}},{"type":"Feature","geometry":{"type":"Point","coordinates":[77.5367142,13.0308067]},"properties":{"name":"CMTI Goragunte Palya","operator":"BMTC","osm_id":2432532299}},{"type":"Feature","geometry":{"type":"Point","coordinates":[77.5364087,13.0306607]},"properties":{"name":"CMTI Goragunte Palya","operator":"BMTC","osm_id":2432532305}},{"type":"Feature","geometry":{"type":"Point","coordinates":[77.5417654,13.0280852]},"properties":{"name":"Goraguntepalya","operator":"BMTC","osm_id":2432536805}},{"type":"Feature","geometry":{"type":"Point","coordinates":[77.5401704,13.029594]},"properties":{"name":"Goraguntepalya","operator":"BMTC","osm_id":2432536810}},{"type":"Feature","geometry":{"type":"Point","coordinates":[77.5441369,13.0266947]},"properties":{"name":"MEI Factory","operator":"BMTC","osm_id":2432542570}},{"type":"Feature","geometry":{"type":"Point","coordinates":[77.543916,13.0265783]},"properties":{"name":"MEI Factory","operator":"BMTC","osm_id":2432542582}},{"type":"Feature","geometry":{"type":"Point","coordinates":[77.5098468,13.0572477]},"properties":{"name":"Mallasandra","operator":"BMTC","osm_id":2435397326}},{"type":"Feature","geometry":{"type":"Point","coordinates":[77.5103914,13.0891518]},"properties":{"name":"Ghanigara Halli","operator":"BMTC","osm_id":2435401490}},{"type":"Feature","geometry":{"type":"Point","coordinates":[77.4995979,13.0720035]},"properties":{"name":"Chimney Hills","operator":"BMTC","osm_id":2435407049}},{"type":"Feature","geometry":{"type":"Point","coordinates":[77.4726196,13.0757683]},"properties":{"name":"Kudhurgere Madhanayakanahalli","operator":"BMTC","osm_id":2435418425}},{"type":"Feature","geometry":{"type":"Point","coordinates":[77.497335,13.06697]},"properties":{"name":"Soundarya Layout","operator":"BMTC","osm_id":2435445597}},{"type":"Feature","geometry":{"type":"Point","coordinates":[77.4948226,13.0654638]},"properties":{"name":"Bireshwara Circle","operator":"BMTC","osm_id":2435445618}},{"type":"Feature","geometry":{"type":"Point","coordinates":[77.4969976,13.0791187]},"properties":{"name":"Ganapathi Nagara","operator":"BMTC","osm_id":2435448577}},{"type":"Feature","geometry":{"type":"Point","coordinates":[77.5178149,13.0128664]},"properties":{"name":"Rajiv Gandhi Nagara","operator":"BMTC","osm_id":2437427536}},{"type":"Feature","geometry":{"type":"Point","coordinates":[77.5839061,13.0233794]},"properties":{"name":"Gangenahalli","operator":"BMTC","osm_id":2439311324}},{"type":"Feature","geometry":{"type":"Point","coordinates":[77.5743712,13.0375267]},"properties":{"name":"RMS Sanjaynagara","operator":"BMTC","osm_id":2439313091}},{"type":"Feature","geometry":{"type":"Point","coordinates":[77.5173591,13.0000654]},"properties":{"name":"Annapurna Nagara","operator":"BMTC","osm_id":2439333995}},{"type":"Feature","geometry":{"type":"Point","coordinates":[77.4745876,13.1147717]},"properties":{"name":"Thore Nagasandra","operator":"BMTC","osm_id":2440576401}},{"type":"Feature","geometry":{"type":"Point","coordinates":[77.4757041,13.1258356]},"properties":{"name":"Bili Jaji","operator":"BMTC","osm_id":2440577260}},{"type":"Feature","geometry":{"type":"Point","coordinates":[77.46234,13.129919]},"properties":{"name":"Hosahalli Palya","operator":"BMTC","osm_id":2441196197}},{"type":"Feature","geometry":{"type":"Point","coordinates":[77.4973356,13.1259799]},"properties":{"name":"Thammarasanahalli","operator":"BMTC","osm_id":2441207671}},{"type":"Feature","geometry":{"type":"Point","coordinates":[77.4919747,13.1093076]},"properties":{"name":"Shabari Nagara","operator":"BMTC","osm_id":2441209134}},{"type":"Feature","geometry":{"type":"Point","coordinates":[77.5011419,13.1142743]},"properties":{"name":"Shiluvepura","operator":"BMTC","osm_id":2441209233}},{"type":"Feature","geometry":{"type":"Point","coordinates":[77.5149723,13.1147116]},"properties":{"name":"Raghavendra Dhama","operator":"BMTC","osm_id":2441209742}},{"type":"Feature","geometry":{"type":"Point","coordinates":[77.5251056,13.1127922]},"properties":{"name":"Dodda Byalakere","operator":"BMTC","osm_id":2441209743}},{"type":"Feature","geometry":{"type":"Point","coordinates":[77.5290563,13.1276253]},"properties":{"name":"Mavallipura","operator":"BMTC","osm_id":2441210567}},{"type":"Feature","geometry":{"type":"Point","coordinates":[77.4915779,13.1026851]},"properties":{"name":"Kumbarahalli","operator":"BMTC","osm_id":2441213814}},{"type":"Feature","geometry":{"type":"Point","coordinates":[77.4996401,13.0954722]},"properties":{"name":"Kempapura","operator":"BMTC","osm_id":2441221343}},{"type":"Feature","geometry":{"type":"Point","coordinates":[77.4635531,13.110033]},"properties":{"name":"Narasipura","operator":"BMTC","osm_id":2441453626}},{"type":"Feature","geometry":{"type":"Point","coordinates":[77.4656131,13.0854158]},"properties":{"name":"Aluru","operator":"BMTC","osm_id":2441509228}},{"type":"Feature","geometry":{"type":"Point","coordinates":[77.4706801,13.0972385]},"properties":{"name":"Aluru Palya","operator":"BMTC","osm_id":2441513693}},{"type":"Feature","geometry":{"type":"Point","coordinates":[77.4906379,13.0441349]},"properties":{"name":"Muniswamappa Layout","operator":"BMTC","osm_id":2441538919}},{"type":"Feature","geometry":{"type":"Point","coordinates":[77.4844357,13.0357452]},"properties":{"name":"Anjaneya Temple","operator":"BMTC","osm_id":2441541261}},{"type":"Feature","geometry":{"type":"Point","coordinates":[77.5534819,13.0383666]},"properties":{"name":"Muthyalaya Nagar Cross","operator":"BMTC","osm_id":2445543466}},{"type":"Feature","geometry":{"type":"Point","coordinates":[77.5489424,13.0413234]},"properties":{"name":"Muthyalaya Nagar","operator":"BMTC","osm_id":2445543467}},{"type":"Feature","geometry":{"type":"Point","coordinates":[77.4960981,13.0406363]},"properties":{"name":"Rockline Studio","operator":"BMTC","osm_id":2446582130}},{"type":"Feature","geometry":{"type":"Point","coordinates":[77.4940725,13.0396553]},"properties":{"name":"Venugopala Nagara","operator":"BMTC","osm_id":2446582139}},{"type":"Feature","geometry":{"type":"Point","coordinates":[77.4938686,13.0379874]},"properties":{"name":"Sri Shaneshwara Swamy Temple","operator":"BMTC","osm_id":2446582392}},{"type":"Feature","geometry":{"type":"Point","coordinates":[77.4937472,13.0358455]},"properties":{"name":"Doddabidarakallu","operator":"BMTC","osm_id":2446582393}},{"type":"Feature","geometry":{"type":"Point","coordinates":[77.5551054,12.9899699]},"properties":{"name":"Old Police Station Rajajinagara","operator":"BMTC","osm_id":2446677970}},{"type":"Feature","geometry":{"type":"Point","coordinates":[77.4884874,13.0368521]},"properties":{"name":"Maranna Layout","operator":"BMTC","osm_id":2446905480}},{"type":"Feature","geometry":{"type":"Point","coordinates":[77.4894359,13.0283303]},"properties":{"name":"Indiranagara","operator":"BMTC","osm_id":2446911932}},{"type":"Feature","geometry":{"type":"Point","coordinates":[77.4850998,13.0438902]},"properties":{"name":"Channa Nayakanapalya","operator":"BMTC","osm_id":2446920020}},{"type":"Feature","geometry":{"type":"Point","coordinates":[77.497501,13.0360433]},"properties":{"name":"Sapthagiri Layout","operator":"BMTC","osm_id":2446925226}},{"type":"Feature","geometry":{"type":"Point","coordinates":[77.5572903,13.0413848]},"properties":{"name":"Gokula","operator":"BMTC","osm_id":2447124007}},{"type":"Feature","geometry":{"type":"Point","coordinates":[77.5615789,13.0288705]},"properties":{"name":"MS Ramaiah College","operator":"BMTC","osm_id":2447124701}},{"type":"Feature","geometry":{"type":"Point","coordinates":[77.5613281,13.0185104]},"properties":{"name":"Yeshwanthpura Tollgate","operator":"BMTC","osm_id":2447125500}},{"type":"Feature","geometry":{"type":"Point","coordinates":[77.5036103,13.0129632]},"properties":{"name":"GCL Factory","operator":"BMTC","osm_id":2447160900}},{"type":"Feature","geometry":{"type":"Point","coordinates":[77.5004995,13.0144888]},"properties":{"name":"Manjushree Garments","operator":"BMTC","osm_id":2447162479}},{"type":"Feature","geometry":{"type":"Point","coordinates":[77.4892996,13.0137269]},"properties":{"name":"Shiva Bar","operator":"BMTC","osm_id":2447174548}},{"type":"Feature","geometry":{"type":"Point","coordinates":[77.4995913,12.993314]},"properties":{"name":"Vigneshwara Nagara","operator":"BMTC","osm_id":2447182174}},{"type":"Feature","geometry":{"type":"Point","coordinates":[77.552177,13.0516932]},"properties":{"name":"BEL Market","operator":"BMTC","osm_id":2447224160}},{"type":"Feature","geometry":{"type":"Point","coordinates":[77.5492754,13.0546293]},"properties":{"name":"HMT House","operator":"BMTC","osm_id":2447224365}},{"type":"Feature","geometry":{"type":"Point","coordinates":[77.5462216,13.0578317]},"properties":{"name":"Gangamma Circle","operator":"BMTC","osm_id":2447225117}},{"type":"Feature","geometry":{"type":"Point","coordinates":[77.5482326,13.0816572]},"properties":{"name":"MS Palya","operator":"BMTC","osm_id":2447233133}},{"type":"Feature","geometry":{"type":"Point","coordinates":[77.5483978,13.0815439]},"properties":{"name":"MS Palya","operator":"BMTC","osm_id":2447233136}},{"type":"Feature","geometry":{"type":"Point","coordinates":[77.5464663,13.0883716]},"properties":{"name":"Sambhram College","operator":"BMTC","osm_id":2447235581}},{"type":"Feature","geometry":{"type":"Point","coordinates":[77.5424946,13.0898321]},"properties":{"name":"Nethravathi","operator":"BMTC","osm_id":2447236987}},{"type":"Feature","geometry":{"type":"Point","coordinates":[77.533964,13.0921813]},"properties":{"name":"Lakshmipura Cross","operator":"BMTC","osm_id":2447240417}},{"type":"Feature","geometry":{"type":"Point","coordinates":[77.5305966,13.1013948]},"properties":{"name":"Meda Agrahara Cross","operator":"BMTC","osm_id":2447241091}},{"type":"Feature","geometry":{"type":"Point","coordinates":[77.5215523,13.1196231]},"properties":{"name":"Chikka Byalakere","operator":"BMTC","osm_id":2447244179}},{"type":"Feature","geometry":{"type":"Point","coordinates":[77.5196707,13.1265226]},"properties":{"name":"Kurubarahalli Cross","operator":"BMTC","osm_id":2447249193}},{"type":"Feature","geometry":{"type":"Point","coordinates":[77.5353369,13.137133]},"properties":{"name":"Mylappanahalli","operator":"BMTC","osm_id":2447285517}},{"type":"Feature","geometry":{"type":"Point","coordinates":[77.5463003,13.0563674]},"properties":{"name":"Gangamma Circle","operator":"BMTC","osm_id":2447317779}},{"type":"Feature","geometry":{"type":"Point","coordinates":[77.5345227,13.054916]},"properties":{"name":"KG Halli Bridge","operator":"BMTC","osm_id":2447319489}},{"type":"Feature","geometry":{"type":"Point","coordinates":[77.5327052,13.0568608]},"properties":{"name":"KG Halli Post Office","operator":"BMTC","osm_id":2447322599}},{"type":"Feature","geometry":{"type":"Point","coordinates":[77.5311682,13.0611724]},"properties":{"name":"SRS Mathikere","operator":"BMTC","osm_id":2447324454}},{"type":"Feature","geometry":{"type":"Point","coordinates":[77.5306365,13.0637498]},"properties":{"name":"Rama Temple","operator":"BMTC","osm_id":2447325138}},{"type":"Feature","geometry":{"type":"Point","coordinates":[77.5280137,13.0710107]},"properties":{"name":"Abbigere Dinne","operator":"BMTC","osm_id":2447335950}},{"type":"Feature","geometry":{"type":"Point","coordinates":[77.5235219,13.0724477]},"properties":{"name":"Abbigere Gate","operator":"BMTC","osm_id":2447338470}},{"type":"Feature","geometry":{"type":"Point","coordinates":[77.5171325,13.0759197]},"properties":{"name":"RMG","operator":"BMTC","osm_id":2447345284}},{"type":"Feature","geometry":{"type":"Point","coordinates":[77.5155027,13.0794507]},"properties":{"name":"Kere Guddadahalli","operator":"BMTC","osm_id":2447347638}},{"type":"Feature","geometry":{"type":"Point","coordinates":[77.5124437,13.0798991]},"properties":{"name":"Gangadhara Kalyana Mantapa","operator":"BMTC","osm_id":2447349005}},{"type":"Feature","geometry":{"type":"Point","coordinates":[77.5059746,13.0793144]},"properties":{"name":"Dasappana Palya","operator":"BMTC","osm_id":2447350754}},{"type":"Feature","geometry":{"type":"Point","coordinates":[77.5279929,13.0935051]},"properties":{"name":"Layout Guniagrahara","operator":"BMTC","osm_id":2447361613}},{"type":"Feature","geometry":{"type":"Point","coordinates":[77.5447231,13.082878]},"properties":{"name":"Vinayaka Nagara","operator":"BMTC","osm_id":2447362976}},{"type":"Feature","geometry":{"type":"Point","coordinates":[77.5384544,13.0797045]},"properties":{"name":"Singapura","operator":"BMTC","osm_id":2447365333}},{"type":"Feature","geometry":{"type":"Point","coordinates":[77.5414076,13.0730693]},"properties":{"name":"Kuvempu Nagara 2nd Stage","operator":"BMTC","osm_id":2447365336}},{"type":"Feature","geometry":{"type":"Point","coordinates":[77.5414283,13.0692401]},"properties":{"name":"Kuvempu Nagara 1st Stage","operator":"BMTC","osm_id":2447366623}},{"type":"Feature","geometry":{"type":"Point","coordinates":[77.5257484,13.0025448]},"properties":{"name":"Kempegowda Arch","operator":"BMTC","osm_id":2447898435}},{"type":"Feature","geometry":{"type":"Point","coordinates":[77.522013,13.0110786]},"properties":{"name":"Laggere","operator":"BMTC","osm_id":2447900541}},{"type":"Feature","geometry":{"type":"Point","coordinates":[77.5233832,12.9977242]},"properties":{"name":"LB Samudaya Bhavana","operator":"BMTC","osm_id":2447905062}},{"type":"Feature","geometry":{"type":"Point","coordinates":[77.5234883,12.9972017]},"properties":{"name":"LB Samudaya Bhavana","operator":"BMTC","osm_id":2447905063}},{"type":"Feature","geometry":{"type":"Point","coordinates":[77.5557916,13.0858951]},"properties":{"name":"Jelly Machine Yalahanka","operator":"BMTC","osm_id":2447914889}},{"type":"Feature","geometry":{"type":"Point","coordinates":[77.5595763,13.0925076]},"properties":{"name":"Betta Halli Layout","operator":"BMTC","osm_id":2447918259}},{"type":"Feature","geometry":{"type":"Point","coordinates":[77.556171,13.0894554]},"properties":{"name":"Chikkabettahalli","operator":"BMTC","osm_id":2447918653}},{"type":"Feature","geometry":{"type":"Point","coordinates":[77.5563736,13.0895199]},"properties":{"name":"Chikkabettahalli","operator":"BMTC","osm_id":2447918654}},{"type":"Feature","geometry":{"type":"Point","coordinates":[77.5630915,13.0976356]},"properties":{"name":"Thirumala Daba","operator":"BMTC","osm_id":2447919832}},{"type":"Feature","geometry":{"type":"Point","coordinates":[77.563123,13.0978139]},"properties":{"name":"Thirumala Daba","operator":"BMTC","osm_id":2447919843}},{"type":"Feature","geometry":{"type":"Point","coordinates":[77.5677646,13.0977865]},"properties":{"name":"Atturu Layout Yelahanka Road","operator":"BMTC","osm_id":2447924331}},{"type":"Feature","geometry":{"type":"Point","coordinates":[77.5677182,13.0979322]},"properties":{"name":"Atturu Layout Yelahanka Road","operator":"BMTC","osm_id":2447924351}},{"type":"Feature","geometry":{"type":"Point","coordinates":[77.576873,13.0995253]},"properties":{"name":"Dairy Circle","operator":"BMTC","osm_id":2448089254}},{"type":"Feature","geometry":{"type":"Point","coordinates":[77.576988,13.0992974]},"properties":{"name":"Dairy Circle","operator":"BMTC","osm_id":2448089258}},{"type":"Feature","geometry":{"type":"Point","coordinates":[77.5513823,13.0578201]},"properties":{"name":"Manjunatha tent","operator":"BMTC","osm_id":2448095257}},{"type":"Feature","geometry":{"type":"Point","coordinates":[77.5509701,13.0621926]},"properties":{"name":"Ramachandrapura","operator":"BMTC","osm_id":2448096102}},{"type":"Feature","geometry":{"type":"Point","coordinates":[77.5527057,13.0656401]},"properties":{"name":"Bloomfield Garden","operator":"BMTC","osm_id":2448125915}},{"type":"Feature","geometry":{"type":"Point","coordinates":[77.5319695,13.0669703]},"properties":{"name":"Vishweshwaraiah Enclave","operator":"BMTC","osm_id":2448176656}},{"type":"Feature","geometry":{"type":"Point","coordinates":[77.5445642,13.0677872]},"properties":{"name":"Double Tank","operator":"BMTC","osm_id":2448204408}},{"type":"Feature","geometry":{"type":"Point","coordinates":[77.5544339,13.1054402]},"properties":{"name":"Veerasagara","operator":"BMTC","osm_id":2448228288}},{"type":"Feature","geometry":{"type":"Point","coordinates":[77.5307839,13.0863992]},"properties":{"name":"Lakshmipura","operator":"BMTC","osm_id":2448244443}},{"type":"Feature","geometry":{"type":"Point","coordinates":[77.5303478,13.0776134]},"properties":{"name":"Muthkuru","operator":"BMTC","osm_id":2448244593}},{"type":"Feature","geometry":{"type":"Point","coordinates":[77.523654,13.0928999]},"properties":{"name":"Somashettihalli Gate","operator":"BMTC","osm_id":2448248903}},{"type":"Feature","geometry":{"type":"Point","coordinates":[77.5411561,13.0456908]},"properties":{"name":"Sharada Nagara","operator":"BMTC","osm_id":2449109855}},{"type":"Feature","geometry":{"type":"Point","coordinates":[77.5350757,13.0452511]},"properties":{"name":"ISRO Quarters","operator":"BMTC","osm_id":2449180309}},{"type":"Feature","geometry":{"type":"Point","coordinates":[77.5575751,13.0493075]},"properties":{"name":"BEL Hospital","operator":"BMTC","osm_id":2450076657}},{"type":"Feature","geometry":{"type":"Point","coordinates":[77.5675364,13.0494251]},"properties":{"name":"Lottegollahalli","operator":"BMTC","osm_id":2450169427}},{"type":"Feature","geometry":{"type":"Point","coordinates":[77.5624386,13.0446478]},"properties":{"name":"Kuvempu Circle","operator":"BMTC","osm_id":2450171927}},{"type":"Feature","geometry":{"type":"Point","coordinates":[77.5758689,13.0472172]},"properties":{"name":"Bhadrappa Layout","operator":"BMTC","osm_id":2450172694}},{"type":"Feature","geometry":{"type":"Point","coordinates":[77.5732512,13.0554604]},"properties":{"name":"Tata Nagara","operator":"BMTC","osm_id":2450172905}},{"type":"Feature","geometry":{"type":"Point","coordinates":[77.5644207,13.0578971]},"properties":{"name":"Kabir Ashrama","operator":"BMTC","osm_id":2450178690}},{"type":"Feature","geometry":{"type":"Point","coordinates":[77.5804542,12.9878186]},"properties":{"name":"Shivananda Stores","operator":"BMTC","osm_id":2451312224}},{"type":"Feature","geometry":{"type":"Point","coordinates":[77.5936872,13.0865172]},"properties":{"name":"Allalasandra Gate","operator":"BMTC","osm_id":2451332494}},{"type":"Feature","geometry":{"type":"Point","coordinates":[77.5938823,13.086963]},"properties":{"name":"Allalasandra Gate","operator":"BMTC","osm_id":2451332497}},{"type":"Feature","geometry":{"type":"Point","coordinates":[77.5942646,13.0945671]},"properties":{"name":"Yelahanka Police Station","operator":"BMTC","osm_id":2451333055}},{"type":"Feature","geometry":{"type":"Point","coordinates":[77.5944354,13.0947687]},"properties":{"name":"Yelahanka Police Station","operator":"BMTC","osm_id":2451333056}},{"type":"Feature","geometry":{"type":"Point","coordinates":[77.6005477,13.1067756]},"properties":{"name":"Kendriya Vihara","operator":"BMTC","osm_id":2451336635}},{"type":"Feature","geometry":{"type":"Point","coordinates":[77.5978794,13.1000877]},"properties":{"name":"Yelahanka","operator":"BMTC","osm_id":2451336638}},{"type":"Feature","geometry":{"type":"Point","coordinates":[77.6016005,13.1038369]},"properties":{"name":"Kogilu Cross Kannur","operator":"BMTC","osm_id":2451340459}},{"type":"Feature","geometry":{"type":"Point","coordinates":[77.6048905,13.1044592]},"properties":{"name":"Maruthi Nagara Kannur Road","operator":"BMTC","osm_id":2451340466}},{"type":"Feature","geometry":{"type":"Point","coordinates":[77.60623,13.1043513]},"properties":{"name":"Maruthi Nagara","operator":"BMTC","osm_id":2451340931}},{"type":"Feature","geometry":{"type":"Point","coordinates":[77.6106394,13.1046147]},"properties":{"name":"Sapthagiri Layout","operator":"BMTC","osm_id":2451341481}},{"type":"Feature","geometry":{"type":"Point","coordinates":[77.6108031,13.1044792]},"properties":{"name":"Spathagiri Layout","operator":"BMTC","osm_id":2451341482}},{"type":"Feature","geometry":{"type":"Point","coordinates":[77.6236014,13.1033376]},"properties":{"name":"Srinivasapura Kogilu","operator":"BMTC","osm_id":2451344130}},{"type":"Feature","geometry":{"type":"Point","coordinates":[77.6282994,13.1025776]},"properties":{"name":"Ittige Factory","operator":"BMTC","osm_id":2451344133}},{"type":"Feature","geometry":{"type":"Point","coordinates":[77.6273422,13.0985096]},"properties":{"name":"Agrahara Layout","operator":"BMTC","osm_id":2451396051}},{"type":"Feature","geometry":{"type":"Point","coordinates":[77.6543491,13.0932824]},"properties":{"name":"Kannuru","operator":"BMTC","osm_id":2451403806}},{"type":"Feature","geometry":{"type":"Point","coordinates":[77.653306,13.0780135]},"properties":{"name":"Byrathi Bande","operator":"BMTC","osm_id":2451415320}},{"type":"Feature","geometry":{"type":"Point","coordinates":[77.6535517,13.0780448]},"properties":{"name":"Chikkagubbi Cross","operator":"BMTC","osm_id":2451415326}},{"type":"Feature","geometry":{"type":"Point","coordinates":[77.6586481,13.0563629]},"properties":{"name":"Kyalasanahalli","operator":"BMTC","osm_id":2451425619}},{"type":"Feature","geometry":{"type":"Point","coordinates":[77.6710295,13.0544797]},"properties":{"name":"Bileshivale","operator":"BMTC","osm_id":2451430524}},{"type":"Feature","geometry":{"type":"Point","coordinates":[77.6811267,13.0520794]},"properties":{"name":"Jn of Channasandra","operator":"BMTC","osm_id":2451436793}},{"type":"Feature","geometry":{"type":"Point","coordinates":[77.6908858,13.0516355]},"properties":{"name":"Rampura","operator":"BMTC","osm_id":2451437189}},{"type":"Feature","geometry":{"type":"Point","coordinates":[77.7149969,13.0568947]},"properties":{"name":"Bidrahalli Cross","operator":"BMTC","osm_id":2451439952}},{"type":"Feature","geometry":{"type":"Point","coordinates":[77.7235974,13.0454466]},"properties":{"name":"Hirandahalli","operator":"BMTC","osm_id":2451441548}},{"type":"Feature","geometry":{"type":"Point","coordinates":[77.7444709,13.0421114]},"properties":{"name":"BPL","operator":"BMTC","osm_id":2451455544}},{"type":"Feature","geometry":{"type":"Point","coordinates":[77.7443991,13.0416228]},"properties":{"name":"BPL","operator":"BMTC","osm_id":2451455553}},{"type":"Feature","geometry":{"type":"Point","coordinates":[77.7506815,13.0461708]},"properties":{"name":"Boodigere Cross","operator":"BMTC","osm_id":2451458060}},{"type":"Feature","geometry":{"type":"Point","coordinates":[77.7680303,13.0563996]},"properties":{"name":"Hosakote Kodi","operator":"BMTC","osm_id":2451465628}},{"type":"Feature","geometry":{"type":"Point","coordinates":[77.7832483,13.0699034]},"properties":{"name":"Hosakote High School","operator":"BMTC","osm_id":2451471189}},{"type":"Feature","geometry":{"type":"Point","coordinates":[77.660751,13.1061519]},"properties":{"name":"Hosuru Bande","operator":"BMTC","osm_id":2451701582}},{"type":"Feature","geometry":{"type":"Point","coordinates":[77.6436835,13.1095022]},"properties":{"name":"Mitaganahalli","operator":"BMTC","osm_id":2451703341}},{"type":"Feature","geometry":{"type":"Point","coordinates":[77.6658879,13.0891136]},"properties":{"name":"Oasis School","operator":"BMTC","osm_id":2451740572}},{"type":"Feature","geometry":{"type":"Point","coordinates":[77.6833256,13.0946973]},"properties":{"name":"Yarappana Bande","operator":"BMTC","osm_id":2451741394}},{"type":"Feature","geometry":{"type":"Point","coordinates":[77.6936376,13.0951323]},"properties":{"name":"D Group Layout","operator":"BMTC","osm_id":2451743037}},{"type":"Feature","geometry":{"type":"Point","coordinates":[77.6183872,13.0979764]},"properties":{"name":"Agrahara Cross","operator":"BMTC","osm_id":2451966614}},{"type":"Feature","geometry":{"type":"Point","coordinates":[77.6043597,13.1111301]},"properties":{"name":"Venkatala","operator":"BMTC","osm_id":2451988113}},{"type":"Feature","geometry":{"type":"Point","coordinates":[77.6107191,13.1223144]},"properties":{"name":"Bagaluru Cross","operator":"BMTC","osm_id":2451989524}},{"type":"Feature","geometry":{"type":"Point","coordinates":[77.6325203,13.1410616]},"properties":{"name":"Gollarahalli","operator":"BMTC","osm_id":2452689870}},{"type":"Feature","geometry":{"type":"Point","coordinates":[77.641885,13.140234]},"properties":{"name":"Hosahalli","operator":"BMTC","osm_id":2452691229}},{"type":"Feature","geometry":{"type":"Point","coordinates":[77.5947821,13.1010198]},"properties":{"name":"Yelahanka Old Town","operator":"BMTC","osm_id":2454264055}},{"type":"Feature","geometry":{"type":"Point","coordinates":[77.5827706,13.0941545]},"properties":{"name":"Chikkabommasandra Cross","operator":"BMTC","osm_id":2454275065}},{"type":"Feature","geometry":{"type":"Point","coordinates":[77.5821043,13.1059972]},"properties":{"name":"Wheel And Axle Plant","operator":"BMTC","osm_id":2454285285}},{"type":"Feature","geometry":{"type":"Point","coordinates":[77.5890389,13.08802]},"properties":{"name":"Jn of 8th Main 14th Cross","operator":"BMTC","osm_id":2455277127}},{"type":"Feature","geometry":{"type":"Point","coordinates":[77.5823852,13.0887623]},"properties":{"name":"Judicial Layout","operator":"BMTC","osm_id":2455277560}},{"type":"Feature","geometry":{"type":"Point","coordinates":[77.5713619,13.1301805]},"properties":{"name":"Nagenahalli Gate","operator":"BMTC","osm_id":2455311248}},{"type":"Feature","geometry":{"type":"Point","coordinates":[77.5755887,13.1229022]},"properties":{"name":"CRPF","operator":"BMTC","osm_id":2455311257}},{"type":"Feature","geometry":{"type":"Point","coordinates":[77.579023,13.1149667]},"properties":{"name":"Anantapura Gate","operator":"BMTC","osm_id":2455693001}},{"type":"Feature","geometry":{"type":"Point","coordinates":[77.5789648,13.1146253]},"properties":{"name":"Anantapura Gate","operator":"BMTC","osm_id":2455693002}},{"type":"Feature","geometry":{"type":"Point","coordinates":[77.5713825,13.1297645]},"properties":{"name":"Nagenahalli Gate","operator":"BMTC","osm_id":2455697626}},{"type":"Feature","geometry":{"type":"Point","coordinates":[77.6412963,12.956961]},"properties":{"name":"Domlur Flyover","operator":"BMTC","osm_id":2455703300}},{"type":"Feature","geometry":{"type":"Point","coordinates":[77.5934526,13.0672536]},"properties":{"name":"Byatarayanapura","operator":"BMTC","osm_id":2459519680}},{"type":"Feature","geometry":{"type":"Point","coordinates":[77.6061759,13.0775849]},"properties":{"name":"Government School","operator":"BMTC","osm_id":2459525998}},{"type":"Feature","geometry":{"type":"Point","coordinates":[77.607557,13.0793576]},"properties":{"name":"Jakkuru","operator":"BMTC","osm_id":2459526042}},{"type":"Feature","geometry":{"type":"Point","coordinates":[77.6095205,13.0667622]},"properties":{"name":"Srirampura Cross","operator":"BMTC","osm_id":2460114549}},{"type":"Feature","geometry":{"type":"Point","coordinates":[77.6165935,13.0679751]},"properties":{"name":"Telecom Layout","operator":"BMTC","osm_id":2460130732}},{"type":"Feature","geometry":{"type":"Point","coordinates":[77.6189885,13.0748888]},"properties":{"name":"Venkateshwara Nagara","operator":"BMTC","osm_id":2460131154}},{"type":"Feature","geometry":{"type":"Point","coordinates":[77.6193949,13.0716969]},"properties":{"name":"Jn of Srirampura Road","operator":"BMTC","osm_id":2460236274}},{"type":"Feature","geometry":{"type":"Point","coordinates":[77.6288486,13.0683062]},"properties":{"name":"SBI","operator":"BMTC","osm_id":2460236693}},{"type":"Feature","geometry":{"type":"Point","coordinates":[77.6287637,13.0682412]},"properties":{"name":"SBI Bank","operator":"BMTC","osm_id":2460236694}},{"type":"Feature","geometry":{"type":"Point","coordinates":[77.6338612,13.0675374]},"properties":{"name":"K Narayanapura Cross","operator":"BMTC","osm_id":2460236928}},{"type":"Feature","geometry":{"type":"Point","coordinates":[77.640586,13.0663927]},"properties":{"name":"K Narayanapura Main Bus Stand","operator":"BMTC","osm_id":2460237956}},{"type":"Feature","geometry":{"type":"Point","coordinates":[77.5969821,13.035853]},"properties":{"name":"Amarajyothi Nagara","operator":"BMTC","osm_id":2460374989}},{"type":"Feature","geometry":{"type":"Point","coordinates":[77.6048698,13.0395765]},"properties":{"name":"Vishwanatha Nagenahalli","operator":"BMTC","osm_id":2460432486}},{"type":"Feature","geometry":{"type":"Point","coordinates":[77.5974541,13.0367899]},"properties":{"name":"Cholanayakanahalli","operator":"BMTC","osm_id":2460535485}},{"type":"Feature","geometry":{"type":"Point","coordinates":[77.5993799,13.0341497]},"properties":{"name":"Chamundi Nagara","operator":"BMTC","osm_id":2460544717}},{"type":"Feature","geometry":{"type":"Point","coordinates":[77.5939661,13.0558554]},"properties":{"name":"Jn of Dasarahalli Road","operator":"BMTC","osm_id":2460558602}},{"type":"Feature","geometry":{"type":"Point","coordinates":[77.6116067,13.0563553]},"properties":{"name":"Dasarahalli Bellary Road","operator":"BMTC","osm_id":2460558606}},{"type":"Feature","geometry":{"type":"Point","coordinates":[77.5983161,13.0557354]},"properties":{"name":"Amruthnagar","operator":"BMTC","osm_id":2460572888}},{"type":"Feature","geometry":{"type":"Point","coordinates":[77.6019999,13.0551742]},"properties":{"name":"Buvaneswari Nagara","operator":"BMTC","osm_id":2460573483}},{"type":"Feature","geometry":{"type":"Point","coordinates":[77.60458,13.0348628]},"properties":{"name":"Goutam College","operator":"BMTC","osm_id":2460582961}},{"type":"Feature","geometry":{"type":"Point","coordinates":[77.588044,13.0578198]},"properties":{"name":"Sterling Apartment","operator":"BMTC","osm_id":2461344821}},{"type":"Feature","geometry":{"type":"Point","coordinates":[77.581031,13.0588652]},"properties":{"name":"Maruthi Nagara","operator":"BMTC","osm_id":2461344840}},{"type":"Feature","geometry":{"type":"Point","coordinates":[77.5765867,13.059991]},"properties":{"name":"Kodigehalli","operator":"BMTC","osm_id":2461346886}},{"type":"Feature","geometry":{"type":"Point","coordinates":[77.5738068,13.0620928]},"properties":{"name":"Railway Gate Kodigehalli","operator":"BMTC","osm_id":2461352604}},{"type":"Feature","geometry":{"type":"Point","coordinates":[77.5695202,13.0681512]},"properties":{"name":"Tennis Court Thindlu","operator":"BMTC","osm_id":2461359359}},{"type":"Feature","geometry":{"type":"Point","coordinates":[77.5667911,13.0736882]},"properties":{"name":"Thindlu","operator":"BMTC","osm_id":2461361307}},{"type":"Feature","geometry":{"type":"Point","coordinates":[77.5835324,13.0642251]},"properties":{"name":"Police Out Post","operator":"BMTC","osm_id":2461370209}},{"type":"Feature","geometry":{"type":"Point","coordinates":[77.5852335,13.0629173]},"properties":{"name":"Ganesh Temple","operator":"BMTC","osm_id":2461370343}},{"type":"Feature","geometry":{"type":"Point","coordinates":[77.5871393,13.0618704]},"properties":{"name":"Post Office Sahakara Nagara","operator":"BMTC","osm_id":2461372359}},{"type":"Feature","geometry":{"type":"Point","coordinates":[77.5717581,13.0638109]},"properties":{"name":"Virupakshapura","operator":"BMTC","osm_id":2461383804}},{"type":"Feature","geometry":{"type":"Point","coordinates":[77.6257768,13.1217518]},"properties":{"name":"Kattigehalli Cross","operator":"BMTC","osm_id":2461399932}},{"type":"Feature","geometry":{"type":"Point","coordinates":[77.6306863,13.1221959]},"properties":{"name":"Reva College","operator":"BMTC","osm_id":2461402310}},{"type":"Feature","geometry":{"type":"Point","coordinates":[77.6453037,13.1260856]},"properties":{"name":"Shrinivasapura Cross","operator":"BMTC","osm_id":2461407109}},{"type":"Feature","geometry":{"type":"Point","coordinates":[77.6394543,13.1234777]},"properties":{"name":"Delhi Public School","operator":"BMTC","osm_id":2461407111}},{"type":"Feature","geometry":{"type":"Point","coordinates":[77.646629,13.1279084]},"properties":{"name":"Sathanur Colony","operator":"BMTC","osm_id":2461408076}},{"type":"Feature","geometry":{"type":"Point","coordinates":[77.6474733,13.1318846]},"properties":{"name":"Sathanuru","operator":"BMTC","osm_id":2461408078}},{"type":"Feature","geometry":{"type":"Point","coordinates":[77.6954982,13.1308688]},"properties":{"name":"Yediyuru","operator":"BMTC","osm_id":2461760892}},{"type":"Feature","geometry":{"type":"Point","coordinates":[77.7474812,13.1350199]},"properties":{"name":"Budigere","operator":"BMTC","osm_id":2461782144}},{"type":"Feature","geometry":{"type":"Point","coordinates":[77.7733157,13.1238879]},"properties":{"name":"Thimmasandra","operator":"BMTC","osm_id":2461795033}},{"type":"Feature","geometry":{"type":"Point","coordinates":[77.7734184,13.1172578]},"properties":{"name":"Lakkondahalli Cross","operator":"BMTC","osm_id":2461796422}},{"type":"Feature","geometry":{"type":"Point","coordinates":[77.7736734,13.1143116]},"properties":{"name":"Venkatapura Gate","operator":"BMTC","osm_id":2461799021}},{"type":"Feature","geometry":{"type":"Point","coordinates":[77.7743684,13.1103844]},"properties":{"name":"Lakkondahalli Cross","operator":"BMTC","osm_id":2461799773}},{"type":"Feature","geometry":{"type":"Point","coordinates":[77.7755868,13.1080289]},"properties":{"name":"Sanklipura","operator":"BMTC","osm_id":2461801464}},{"type":"Feature","geometry":{"type":"Point","coordinates":[77.7779014,13.1018277]},"properties":{"name":"Alappanahalli","operator":"BMTC","osm_id":2461802146}},{"type":"Feature","geometry":{"type":"Point","coordinates":[77.780678,13.0886856]},"properties":{"name":"Kumbalahalli Gate","operator":"BMTC","osm_id":2461805078}},{"type":"Feature","geometry":{"type":"Point","coordinates":[77.6787169,13.1195669]},"properties":{"name":"Marenahalli","operator":"BMTC","osm_id":2461826945}},{"type":"Feature","geometry":{"type":"Point","coordinates":[77.6877066,13.1134906]},"properties":{"name":"Chokkanahalli","operator":"BMTC","osm_id":2461833644}},{"type":"Feature","geometry":{"type":"Point","coordinates":[77.7442695,13.1234888]},"properties":{"name":"Andrahalli","operator":"BMTC","osm_id":2462619972}},{"type":"Feature","geometry":{"type":"Point","coordinates":[77.7450622,13.110631]},"properties":{"name":"Thirumenahalli Gate","operator":"BMTC","osm_id":2462624244}},{"type":"Feature","geometry":{"type":"Point","coordinates":[77.7440848,13.1026869]},"properties":{"name":"Jyotipura","operator":"BMTC","osm_id":2462630147}},{"type":"Feature","geometry":{"type":"Point","coordinates":[77.7416817,13.0918442]},"properties":{"name":"Ancharahalli Gate","operator":"BMTC","osm_id":2462633912}},{"type":"Feature","geometry":{"type":"Point","coordinates":[77.7371219,13.072684]},"properties":{"name":"Premium Farm Budigere","operator":"BMTC","osm_id":2462650048}},{"type":"Feature","geometry":{"type":"Point","coordinates":[77.7618285,13.053787]},"properties":{"name":"Kattumnallur Gate","operator":"BMTC","osm_id":2462656835}},{"type":"Feature","geometry":{"type":"Point","coordinates":[77.725924,13.1351376]},"properties":{"name":"Manchappanahalli Cross","operator":"BMTC","osm_id":2462825030}},{"type":"Feature","geometry":{"type":"Point","coordinates":[77.7178466,13.1357175]},"properties":{"name":"M Hosahalli","operator":"BMTC","osm_id":2462836168}},{"type":"Feature","geometry":{"type":"Point","coordinates":[77.7152139,13.0996654]},"properties":{"name":"Marasandra Circle","operator":"BMTC","osm_id":2462858866}},{"type":"Feature","geometry":{"type":"Point","coordinates":[77.6189599,13.0207633]},"properties":{"name":"Kadugondanahalli Police Station","operator":"BMTC","osm_id":2462983382}},{"type":"Feature","geometry":{"type":"Point","coordinates":[77.6197727,13.0254782]},"properties":{"name":"KGH Railway Gate","operator":"BMTC","osm_id":2462984994}},{"type":"Feature","geometry":{"type":"Point","coordinates":[77.621823,13.0321599]},"properties":{"name":"Govindapura Cross","operator":"BMTC","osm_id":2462988125}},{"type":"Feature","geometry":{"type":"Point","coordinates":[77.6245285,13.0407038]},"properties":{"name":"Nagavara Junction","operator":"BMTC","osm_id":2463005949}},{"type":"Feature","geometry":{"type":"Point","coordinates":[77.6285008,13.0474322]},"properties":{"name":"Sarayipalya","operator":"BMTC","osm_id":2463014149}},{"type":"Feature","geometry":{"type":"Point","coordinates":[77.6286508,13.0474418]},"properties":{"name":"Sarai Palya","operator":"BMTC","osm_id":2463014150}},{"type":"Feature","geometry":{"type":"Point","coordinates":[77.6311729,13.0522475]},"properties":{"name":"Ashwathanagara","operator":"BMTC","osm_id":2463014824}},{"type":"Feature","geometry":{"type":"Point","coordinates":[77.6312831,13.0529146]},"properties":{"name":"Ashwath Nagara","operator":"BMTC","osm_id":2463014828}},{"type":"Feature","geometry":{"type":"Point","coordinates":[77.6328481,13.0562923]},"properties":{"name":"Thanisandra","operator":"BMTC","osm_id":2463015175}},{"type":"Feature","geometry":{"type":"Point","coordinates":[77.6264256,13.057503]},"properties":{"name":"IBM Gate","operator":"BMTC","osm_id":2463024260}},{"type":"Feature","geometry":{"type":"Point","coordinates":[77.6125733,13.023452]},"properties":{"name":"Ambedkar Medical College","operator":"BMTC","osm_id":2463031699}},{"type":"Feature","geometry":{"type":"Point","coordinates":[77.63358,13.071613]},"properties":{"name":"RK Hegde Nagara","operator":"BMTC","osm_id":2463033975}},{"type":"Feature","geometry":{"type":"Point","coordinates":[77.6337189,13.0720259]},"properties":{"name":"Ramakrishna Hegde Nagara","operator":"BMTC","osm_id":2463033976}},{"type":"Feature","geometry":{"type":"Point","coordinates":[77.6335606,13.073911]},"properties":{"name":"Koli Farm","operator":"BMTC","osm_id":2463037135}},{"type":"Feature","geometry":{"type":"Point","coordinates":[77.6337817,13.076504]},"properties":{"name":"Koli Farm","operator":"BMTC","osm_id":2463037136}},{"type":"Feature","geometry":{"type":"Point","coordinates":[77.6346605,13.0845587]},"properties":{"name":"Chokkanahalli Gate","operator":"BMTC","osm_id":2463039585}},{"type":"Feature","geometry":{"type":"Point","coordinates":[77.6348471,13.0848014]},"properties":{"name":"Chokkanahalli","operator":"BMTC","osm_id":2463039586}},{"type":"Feature","geometry":{"type":"Point","coordinates":[77.6354773,13.0887483]},"properties":{"name":"KNS College","operator":"BMTC","osm_id":2463040641}},{"type":"Feature","geometry":{"type":"Point","coordinates":[77.635316,13.0887175]},"properties":{"name":"Thirumenahalli Cross (KNS College)","operator":"BMTC","osm_id":2463040642}},{"type":"Feature","geometry":{"type":"Point","coordinates":[77.6159284,13.0288311]},"properties":{"name":"Railway Gate","operator":"BMTC","osm_id":2463054790}},{"type":"Feature","geometry":{"type":"Point","coordinates":[77.6204119,13.0613226]},"properties":{"name":"Mestripalya","operator":"BMTC","osm_id":2463058515}},{"type":"Feature","geometry":{"type":"Point","coordinates":[77.6682109,13.1224071]},"properties":{"name":"Chakkalatti","operator":"BMTC","osm_id":2463073990}},{"type":"Feature","geometry":{"type":"Point","coordinates":[77.613342,13.0424788]},"properties":{"name":"Veerannapalya","operator":"BMTC","osm_id":2463086174}},{"type":"Feature","geometry":{"type":"Point","coordinates":[77.6134706,13.0421491]},"properties":{"name":"Veeranna Palya","operator":"BMTC","osm_id":2463086175}},{"type":"Feature","geometry":{"type":"Point","coordinates":[77.6339854,13.1172617]},"properties":{"name":"Reva College","operator":"BMTC","osm_id":2463098135}},{"type":"Feature","geometry":{"type":"Point","coordinates":[77.6341551,13.1171431]},"properties":{"name":"Reva College","operator":"BMTC","osm_id":2463098150}},{"type":"Feature","geometry":{"type":"Point","coordinates":[77.621671,13.0413528]},"properties":{"name":"Manyata Embassy Business Park","operator":"BMTC","osm_id":2463850786}},{"type":"Feature","geometry":{"type":"Point","coordinates":[77.6194175,13.091183]},"properties":{"name":"Agrahara Yalahanka","operator":"BMTC","osm_id":2463907038}},{"type":"Feature","geometry":{"type":"Point","coordinates":[77.6041868,13.0864037]},"properties":{"name":"VRL Godwon Jakkur","operator":"BMTC","osm_id":2463928189}},{"type":"Feature","geometry":{"type":"Point","coordinates":[77.5990696,13.0977704]},"properties":{"name":"Raitarasante Yelahanka","operator":"BMTC","osm_id":2464040380}},{"type":"Feature","geometry":{"type":"Point","coordinates":[77.6067797,12.9958497]},"properties":{"name":"Coles Park","operator":"BMTC","osm_id":2468837734}},{"type":"Feature","geometry":{"type":"Point","coordinates":[77.6195611,13.004135]},"properties":{"name":"Davis Road","operator":"BMTC","osm_id":2468839205}},{"type":"Feature","geometry":{"type":"Point","coordinates":[77.6209433,13.0063988]},"properties":{"name":"Charles School","operator":"BMTC","osm_id":2468841879}},{"type":"Feature","geometry":{"type":"Point","coordinates":[77.6316356,13.0258663]},"properties":{"name":"Hennur Depot","operator":"BMTC","osm_id":2468850237}},{"type":"Feature","geometry":{"type":"Point","coordinates":[77.6324515,13.0275763]},"properties":{"name":"Hennur Ring Road","operator":"BMTC","osm_id":2468851420}},{"type":"Feature","geometry":{"type":"Point","coordinates":[77.6325828,13.0273577]},"properties":{"name":"Hennur Ring Road","operator":"BMTC","osm_id":2468851422}},{"type":"Feature","geometry":{"type":"Point","coordinates":[77.6362087,13.0319216]},"properties":{"name":"Hennur Cross","operator":"BMTC","osm_id":2468851954}},{"type":"Feature","geometry":{"type":"Point","coordinates":[77.6361521,13.0318427]},"properties":{"name":"Hennur Cross","operator":"BMTC","osm_id":2468851955}},{"type":"Feature","geometry":{"type":"Point","coordinates":[77.6409616,13.0367624]},"properties":{"name":"Hennur Bande","operator":"BMTC","osm_id":2468853945}},{"type":"Feature","geometry":{"type":"Point","coordinates":[77.6191254,13.0032744]},"properties":{"name":"Hall Road","operator":"BMTC","osm_id":2468893611}},{"type":"Feature","geometry":{"type":"Point","coordinates":[77.5943823,12.9703459]},"properties":{"name":"Mallya Hospital","operator":"BMTC","osm_id":2468903219}},{"type":"Feature","geometry":{"type":"Point","coordinates":[77.6826061,13.0810966]},"properties":{"name":"Bande Bommasandra Cross","operator":"BMTC","osm_id":2468952721}},{"type":"Feature","geometry":{"type":"Point","coordinates":[77.6916643,13.0806006]},"properties":{"name":"Kada Agrahara","operator":"BMTC","osm_id":2468954093}},{"type":"Feature","geometry":{"type":"Point","coordinates":[77.7262058,13.1415385]},"properties":{"name":"Manchappanahalli","operator":"BMTC","osm_id":2470156206}},{"type":"Feature","geometry":{"type":"Point","coordinates":[77.6720692,13.1310415]},"properties":{"name":"Vijaya School","operator":"BMTC","osm_id":2470185322}},{"type":"Feature","geometry":{"type":"Point","coordinates":[77.6504617,13.037817]},"properties":{"name":"Shilpa Bakery","operator":"BMTC","osm_id":2470684786}},{"type":"Feature","geometry":{"type":"Point","coordinates":[77.6537754,13.032517]},"properties":{"name":"Jyothi Nagara","operator":"BMTC","osm_id":2470687146}},{"type":"Feature","geometry":{"type":"Point","coordinates":[77.6344298,13.0164987]},"properties":{"name":"KSFC Layout Cross","operator":"BMTC","osm_id":2470763267}},{"type":"Feature","geometry":{"type":"Point","coordinates":[77.5725198,13.1057411]},"properties":{"name":"5th Phase Yelahanka New Town","operator":"BMTC","osm_id":2470768042}},{"type":"Feature","geometry":{"type":"Point","coordinates":[77.5769869,13.1036863]},"properties":{"name":"Yelahanka Bakery","operator":"BMTC","osm_id":2470768309}},{"type":"Feature","geometry":{"type":"Point","coordinates":[77.6284402,13.0210928]},"properties":{"name":"Kacharakanahalli","operator":"BMTC","osm_id":2470770311}},{"type":"Feature","geometry":{"type":"Point","coordinates":[77.6279384,13.0258624]},"properties":{"name":"HBR Layout BDA Complex","operator":"BMTC","osm_id":2470775462}},{"type":"Feature","geometry":{"type":"Point","coordinates":[77.6205855,12.9201929]},"properties":{"name":"Madiwala","operator":"BMTC","osm_id":2472146600}},{"type":"Feature","geometry":{"type":"Point","coordinates":[77.6152539,12.9288983]},"properties":{"name":"St. Johns Hospital","operator":"BMTC","osm_id":2472146601}},{"type":"Feature","geometry":{"type":"Point","coordinates":[77.6097002,12.9389789]},"properties":{"name":"Adugodi Police Station","operator":"BMTC","osm_id":2472174924}},{"type":"Feature","geometry":{"type":"Point","coordinates":[77.6095574,12.9398233]},"properties":{"name":"Adugodi Police Station","operator":"BMTC","osm_id":2472174934}},{"type":"Feature","geometry":{"type":"Point","coordinates":[77.6409491,13.0077208]},"properties":{"name":"Subbayanapalya","operator":"BMTC","osm_id":2473222991}},{"type":"Feature","geometry":{"type":"Point","coordinates":[77.6509289,13.0144163]},"properties":{"name":"Banasawadi (Towards B Channasandra)","operator":"BMTC","osm_id":2473234384}},{"type":"Feature","geometry":{"type":"Point","coordinates":[77.640842,13.0060438]},"properties":{"name":"Ayyappa Temple","operator":"BMTC","osm_id":2473237970}},{"type":"Feature","geometry":{"type":"Point","coordinates":[77.6479074,13.0062388]},"properties":{"name":"Ayyappa Bakery","operator":"BMTC","osm_id":2473241048}},{"type":"Feature","geometry":{"type":"Point","coordinates":[77.652392,13.0082078]},"properties":{"name":"OMBR Layout","operator":"BMTC","osm_id":2473246690}},{"type":"Feature","geometry":{"type":"Point","coordinates":[77.6546714,13.0075155]},"properties":{"name":"SRR Kalyana Mantapa","operator":"BMTC","osm_id":2473247710}},{"type":"Feature","geometry":{"type":"Point","coordinates":[77.6576206,13.010227]},"properties":{"name":"B Channasandra","operator":"BMTC","osm_id":2473253416}},{"type":"Feature","geometry":{"type":"Point","coordinates":[77.6497417,13.0133522]},"properties":{"name":"Steel Factory Banaswadi","operator":"BMTC","osm_id":2473255696}},{"type":"Feature","geometry":{"type":"Point","coordinates":[77.6582688,13.0144053]},"properties":{"name":"New Baldwin School","operator":"BMTC","osm_id":2473260898}},{"type":"Feature","geometry":{"type":"Point","coordinates":[77.6679705,13.0120908]},"properties":{"name":"Ramamurthy Nagara Police Station","operator":"BMTC","osm_id":2473262290}},{"type":"Feature","geometry":{"type":"Point","coordinates":[77.6766774,13.0114777]},"properties":{"name":"Ramamurthy Nagara Alada Mara","operator":"BMTC","osm_id":2473263723}},{"type":"Feature","geometry":{"type":"Point","coordinates":[77.7002059,13.0061898]},"properties":{"name":"Devasandra","operator":"BMTC","osm_id":2473280543}},{"type":"Feature","geometry":{"type":"Point","coordinates":[77.7099467,13.0042884]},"properties":{"name":"Ayyappa Nagara","operator":"BMTC","osm_id":2473283562}},{"type":"Feature","geometry":{"type":"Point","coordinates":[77.6618469,13.0011341]},"properties":{"name":"Kasturinagara 2nd Stage","operator":"BMTC","osm_id":2473290896}},{"type":"Feature","geometry":{"type":"Point","coordinates":[77.6782257,13.0193199]},"properties":{"name":"Koudenahalli Cross","operator":"BMTC","osm_id":2473292309}},{"type":"Feature","geometry":{"type":"Point","coordinates":[77.6839896,13.0206774]},"properties":{"name":"Akshaya Nagara","operator":"BMTC","osm_id":2473294117}},{"type":"Feature","geometry":{"type":"Point","coordinates":[77.6834304,13.0167674]},"properties":{"name":"Shanthi Layout","operator":"BMTC","osm_id":2473294971}},{"type":"Feature","geometry":{"type":"Point","coordinates":[77.7194339,12.9961901]},"properties":{"name":"Kodigehalli Cross","operator":"BMTC","osm_id":2473495917}},{"type":"Feature","geometry":{"type":"Point","coordinates":[77.7582828,12.9957158]},"properties":{"name":"Kadugodi","operator":"BMTC","osm_id":2473499700}},{"type":"Feature","geometry":{"type":"Point","coordinates":[77.7580713,12.995729]},"properties":{"name":"Kadugodi","operator":"BMTC","osm_id":2473502206}},{"type":"Feature","geometry":{"type":"Point","coordinates":[77.7681278,12.983495]},"properties":{"name":"Channasandra","operator":"BMTC","osm_id":2473513230}},{"type":"Feature","geometry":{"type":"Point","coordinates":[77.6160059,12.9295407]},"properties":{"name":"St. John's Hospital","operator":"BMTC","osm_id":2473602003}},{"type":"Feature","geometry":{"type":"Point","coordinates":[77.6607702,13.0264172]},"properties":{"name":"Horamavu","operator":"BMTC","osm_id":2474812944}},{"type":"Feature","geometry":{"type":"Point","coordinates":[77.7357104,13.0358933]},"properties":{"name":"Avalahalli","operator":"BMTC","osm_id":2474965699}},{"type":"Feature","geometry":{"type":"Point","coordinates":[77.7358993,13.0356039]},"properties":{"name":"Avalahalli","operator":"BMTC","osm_id":2474965701}},{"type":"Feature","geometry":{"type":"Point","coordinates":[77.6744514,13.0199614]},"properties":{"name":"Raghavendra Circle","operator":"BMTC","osm_id":2474969289}},{"type":"Feature","geometry":{"type":"Point","coordinates":[77.6791051,13.0212554]},"properties":{"name":"Koudenahalli Cross","operator":"BMTC","osm_id":2474972481}},{"type":"Feature","geometry":{"type":"Point","coordinates":[77.692733,13.0241924]},"properties":{"name":"Ananda Nagara","operator":"BMTC","osm_id":2474972482}},{"type":"Feature","geometry":{"type":"Point","coordinates":[77.6867831,13.0618479]},"properties":{"name":"Annagalpura Cross","operator":"BMTC","osm_id":2474986112}},{"type":"Feature","geometry":{"type":"Point","coordinates":[77.6010257,13.0438124]},"properties":{"name":"Kempapura","operator":"BMTC","osm_id":2475089433}},{"type":"Feature","geometry":{"type":"Point","coordinates":[77.6246913,13.0401032]},"properties":{"name":"Nagavara Junction","operator":"BMTC","osm_id":2475093900}},{"type":"Feature","geometry":{"type":"Point","coordinates":[77.6241033,13.0400746]},"properties":{"name":"Nagavara Junction","operator":"BMTC","osm_id":2475093904}},{"type":"Feature","geometry":{"type":"Point","coordinates":[77.6431407,13.0246415]},"properties":{"name":"80 Feet Road Kalyan Nagara","operator":"BMTC","osm_id":2475096588}},{"type":"Feature","geometry":{"type":"Point","coordinates":[77.6432169,13.0240735]},"properties":{"name":"HRBR Layout Cross","operator":"BMTC","osm_id":2475096591}},{"type":"Feature","geometry":{"type":"Point","coordinates":[77.6484372,13.0222011]},"properties":{"name":"Babusab Palya","operator":"BMTC","osm_id":2475100700}},{"type":"Feature","geometry":{"type":"Point","coordinates":[77.6483293,13.0219613]},"properties":{"name":"Babusab Palya","operator":"BMTC","osm_id":2475100702}},{"type":"Feature","geometry":{"type":"Point","coordinates":[77.6602146,13.0169587]},"properties":{"name":"Vijaya Bank Colony","operator":"BMTC","osm_id":2475270831}},{"type":"Feature","geometry":{"type":"Point","coordinates":[77.6691307,12.997038]},"properties":{"name":"Tin Factory","operator":"BMTC","osm_id":2475275940}},{"type":"Feature","geometry":{"type":"Point","coordinates":[77.6697902,12.9966231]},"properties":{"name":"Tin Factory","operator":"BMTC","osm_id":2475275941}},{"type":"Feature","geometry":{"type":"Point","coordinates":[77.6952928,13.0084392]},"properties":{"name":"KR Pura Market","operator":"BMTC","osm_id":2475286424}},{"type":"Feature","geometry":{"type":"Point","coordinates":[77.6987282,13.0119226]},"properties":{"name":"KR Puram New Layout","operator":"BMTC","osm_id":2475287984}},{"type":"Feature","geometry":{"type":"Point","coordinates":[77.6990457,13.0119031]},"properties":{"name":"KR Puram New Layout","operator":"BMTC","osm_id":2475287987}},{"type":"Feature","geometry":{"type":"Point","coordinates":[77.7095085,13.0202265]},"properties":{"name":"Bhattarahalli","operator":"BMTC","osm_id":2475297664}},{"type":"Feature","geometry":{"type":"Point","coordinates":[77.7097161,13.0199672]},"properties":{"name":"Bhattarahalli","operator":"BMTC","osm_id":2475297667}},{"type":"Feature","geometry":{"type":"Point","coordinates":[77.7203227,13.026334]},"properties":{"name":"Medahalli","operator":"BMTC","osm_id":2475300566}},{"type":"Feature","geometry":{"type":"Point","coordinates":[77.7203199,13.0259667]},"properties":{"name":"Medahalli","operator":"BMTC","osm_id":2475300569}},{"type":"Feature","geometry":{"type":"Point","coordinates":[77.73094,13.0324751]},"properties":{"name":"Sheni Mahatma Temple","operator":"BMTC","osm_id":2475301927}},{"type":"Feature","geometry":{"type":"Point","coordinates":[77.7312142,13.0322444]},"properties":{"name":"Sheni Mahatma Temple","operator":"BMTC","osm_id":2475301932}},{"type":"Feature","geometry":{"type":"Point","coordinates":[77.6367948,13.0047953]},"properties":{"name":"Indian Oil Sevanagar","operator":"BMTC","osm_id":2475344867}},{"type":"Feature","geometry":{"type":"Point","coordinates":[77.6352983,13.0096843]},"properties":{"name":"Ramaswamypalya","operator":"BMTC","osm_id":2475344868}},{"type":"Feature","geometry":{"type":"Point","coordinates":[77.6428522,13.0160331]},"properties":{"name":"Banasawadi 80ft Road","operator":"BMTC","osm_id":2475354325}},{"type":"Feature","geometry":{"type":"Point","coordinates":[77.6473034,13.018155]},"properties":{"name":"Jn of 9th Main and 3rd Cross","operator":"BMTC","osm_id":2475354533}},{"type":"Feature","geometry":{"type":"Point","coordinates":[77.6474158,13.0223417]},"properties":{"name":"Babusab Palya","operator":"BMTC","osm_id":2475356639}},{"type":"Feature","geometry":{"type":"Point","coordinates":[77.636933,13.0213775]},"properties":{"name":"Jalavayu Vihara","operator":"BMTC","osm_id":2475364073}},{"type":"Feature","geometry":{"type":"Point","coordinates":[77.6394237,13.0140537]},"properties":{"name":"Kullappa Circle","operator":"BMTC","osm_id":2475364074}},{"type":"Feature","geometry":{"type":"Point","coordinates":[77.6412496,13.027538]},"properties":{"name":"Chalekere","operator":"BMTC","osm_id":2475368554}},{"type":"Feature","geometry":{"type":"Point","coordinates":[77.6352633,13.0127579]},"properties":{"name":"Jn of Oil Mill Road","operator":"BMTC","osm_id":2475373754}},{"type":"Feature","geometry":{"type":"Point","coordinates":[77.6317639,13.0113519]},"properties":{"name":"Lingarajapuram KHB Colony","operator":"BMTC","osm_id":2475373755}},{"type":"Feature","geometry":{"type":"Point","coordinates":[77.6499411,13.0259839]},"properties":{"name":"Mariyamma Layout","operator":"BMTC","osm_id":2475389488}},{"type":"Feature","geometry":{"type":"Point","coordinates":[77.6346248,12.9822832]},"properties":{"name":"Indiranagar BMTC Depot","operator":"BMTC","osm_id":2475413784}},{"type":"Feature","geometry":{"type":"Point","coordinates":[77.6394849,12.9835653]},"properties":{"name":"Binnamangala","operator":"BMTC","osm_id":2475421199}},{"type":"Feature","geometry":{"type":"Point","coordinates":[77.6431751,12.984982]},"properties":{"name":"Isolation Hospital","operator":"BMTC","osm_id":2475421200}},{"type":"Feature","geometry":{"type":"Point","coordinates":[77.6431664,12.9850895]},"properties":{"name":"Isolation Hospital","operator":"BMTC","osm_id":2475421201}},{"type":"Feature","geometry":{"type":"Point","coordinates":[77.6499495,12.9877354]},"properties":{"name":"NGEF","operator":"BMTC","osm_id":2475421202}},{"type":"Feature","geometry":{"type":"Point","coordinates":[77.6549626,12.9900459]},"properties":{"name":"Srinivasapura","operator":"BMTC","osm_id":2475421204}},{"type":"Feature","geometry":{"type":"Point","coordinates":[77.6836415,13.0004333]},"properties":{"name":"B Narayanapura","operator":"BMTC","osm_id":2475437347}},{"type":"Feature","geometry":{"type":"Point","coordinates":[77.6836813,13.0002517]},"properties":{"name":"B Narayanapura","operator":"BMTC","osm_id":2475437350}},{"type":"Feature","geometry":{"type":"Point","coordinates":[77.6907362,12.9971871]},"properties":{"name":"Mahadevapura","operator":"BMTC","osm_id":2475453587}},{"type":"Feature","geometry":{"type":"Point","coordinates":[77.6949399,12.9957625]},"properties":{"name":"Singayyana Palya","operator":"BMTC","osm_id":2475453590}},{"type":"Feature","geometry":{"type":"Point","coordinates":[77.6947489,12.9956027]},"properties":{"name":"Singayyana Palya","operator":"BMTC","osm_id":2475453593}},{"type":"Feature","geometry":{"type":"Point","coordinates":[77.7016203,12.9940416]},"properties":{"name":"Garudachar Palya","operator":"BMTC","osm_id":2475465250}},{"type":"Feature","geometry":{"type":"Point","coordinates":[77.705904,12.9930772]},"properties":{"name":"Bhorkua Steel","operator":"BMTC","osm_id":2475466365}},{"type":"Feature","geometry":{"type":"Point","coordinates":[77.7211626,12.9913858]},"properties":{"name":"Rajapalya","operator":"BMTC","osm_id":2475468378}},{"type":"Feature","geometry":{"type":"Point","coordinates":[77.7210815,12.9911963]},"properties":{"name":"Rajapalya","operator":"BMTC","osm_id":2475468379}},{"type":"Feature","geometry":{"type":"Point","coordinates":[77.7342371,12.9879449]},"properties":{"name":"Pattandur Agrahara Gate","operator":"BMTC","osm_id":2475469391}},{"type":"Feature","geometry":{"type":"Point","coordinates":[77.7342664,12.9877141]},"properties":{"name":"Pattandur Agrahara Gate","operator":"BMTC","osm_id":2475469392}},{"type":"Feature","geometry":{"type":"Point","coordinates":[77.7369166,12.9877152]},"properties":{"name":"ITPL","operator":"BMTC","osm_id":2475474263}},{"type":"Feature","geometry":{"type":"Point","coordinates":[77.7483356,12.9852735]},"properties":{"name":"B P L Whitefield","operator":"BMTC","osm_id":2475474264}},{"type":"Feature","geometry":{"type":"Point","coordinates":[77.7480845,12.9851088]},"properties":{"name":"B P L Whitefield","operator":"BMTC","osm_id":2475474266}},{"type":"Feature","geometry":{"type":"Point","coordinates":[77.7124547,12.9706827]},"properties":{"name":"Kundalahalli Colony","operator":"BMTC","osm_id":2476115582}},{"type":"Feature","geometry":{"type":"Point","coordinates":[77.7126289,12.9697674]},"properties":{"name":"Kundalahalli Colony","operator":"BMTC","osm_id":2476115583}},{"type":"Feature","geometry":{"type":"Point","coordinates":[77.5729,12.9782608]},"properties":{"name":"Platform 12","operator":"BMTC","osm_id":2476128053}},{"type":"Feature","geometry":{"type":"Point","coordinates":[77.7281361,12.9824526]},"properties":{"name":"Sai Baba Hospital","operator":"BMTC","osm_id":2477322278}},{"type":"Feature","geometry":{"type":"Point","coordinates":[77.7272748,12.9805104]},"properties":{"name":"SJR Park ITPL","operator":"BMTC","osm_id":2477322389}},{"type":"Feature","geometry":{"type":"Point","coordinates":[77.7275164,12.9804194]},"properties":{"name":"SJR Park ITPL","operator":"BMTC","osm_id":2477322390}},{"type":"Feature","geometry":{"type":"Point","coordinates":[77.7214789,12.9771521]},"properties":{"name":"KTPO","operator":"BMTC","osm_id":2477327038}},{"type":"Feature","geometry":{"type":"Point","coordinates":[77.7149595,12.9777295]},"properties":{"name":"SAP ITPL","operator":"BMTC","osm_id":2477328112}},{"type":"Feature","geometry":{"type":"Point","coordinates":[77.7088804,12.9562995]},"properties":{"name":"Spice Garden","operator":"BMTC","osm_id":2477336839}},{"type":"Feature","geometry":{"type":"Point","coordinates":[77.7023862,12.957007]},"properties":{"name":"Marathahalli Bridge","operator":"BMTC","osm_id":2477336840}},{"type":"Feature","geometry":{"type":"Point","coordinates":[77.6749294,12.9896281]},"properties":{"name":"Udayanagara","operator":"BMTC","osm_id":2477432046}},{"type":"Feature","geometry":{"type":"Point","coordinates":[77.657986,12.9944028]},"properties":{"name":"Sadananda Nagara","operator":"BMTC","osm_id":2477432049}},{"type":"Feature","geometry":{"type":"Point","coordinates":[77.7061954,13.0231346]},"properties":{"name":"Garden City College","operator":"BMTC","osm_id":2477436167}},{"type":"Feature","geometry":{"type":"Point","coordinates":[77.7104943,13.0373116]},"properties":{"name":"Kittaganuru","operator":"BMTC","osm_id":2477436172}},{"type":"Feature","geometry":{"type":"Point","coordinates":[77.6678609,13.0032009]},"properties":{"name":"Vijanapura","operator":"BMTC","osm_id":2477475436}},{"type":"Feature","geometry":{"type":"Point","coordinates":[77.7169486,13.016085]},"properties":{"name":"Sigehalli","operator":"BMTC","osm_id":2477486440}},{"type":"Feature","geometry":{"type":"Point","coordinates":[77.6850518,13.0301146]},"properties":{"name":"Varanasi","operator":"BMTC","osm_id":2477505096}},{"type":"Feature","geometry":{"type":"Point","coordinates":[77.6540641,12.972144]},"properties":{"name":"Thippasandra Ganesha Temple","operator":"BMTC","osm_id":2477611141}},{"type":"Feature","geometry":{"type":"Point","coordinates":[77.6575969,12.9673297]},"properties":{"name":"Jeevan Bheema Nagar","operator":"BMTC","osm_id":2477611144}},{"type":"Feature","geometry":{"type":"Point","coordinates":[77.6727858,12.9854999]},"properties":{"name":"Dare","operator":"BMTC","osm_id":2477611147}},{"type":"Feature","geometry":{"type":"Point","coordinates":[77.6790908,12.9859152]},"properties":{"name":"DRDO 2ND Phase","operator":"BMTC","osm_id":2477612824}},{"type":"Feature","geometry":{"type":"Point","coordinates":[77.6703784,12.9748505]},"properties":{"name":"Mallesh Palya","operator":"BMTC","osm_id":2477626253}},{"type":"Feature","geometry":{"type":"Point","coordinates":[77.6777588,12.9728481]},"properties":{"name":"Mallesh Palya New Bus Stand","operator":"BMTC","osm_id":2477628424}},{"type":"Feature","geometry":{"type":"Point","coordinates":[77.6808575,12.9793688]},"properties":{"name":"Abbaiah Layout","operator":"BMTC","osm_id":2477654587}},{"type":"Feature","geometry":{"type":"Point","coordinates":[77.7434476,13.0992458]},"properties":{"name":"Shringarapura","operator":"BMTC","osm_id":2477698030}},{"type":"Feature","geometry":{"type":"Point","coordinates":[77.7399628,13.0389419]},"properties":{"name":"Chimmasandra Cross","operator":"BMTC","osm_id":2477706708}},{"type":"Feature","geometry":{"type":"Point","coordinates":[77.7356396,13.0945321]},"properties":{"name":"Kattugollahalli","operator":"BMTC","osm_id":2477785927}},{"type":"Feature","geometry":{"type":"Point","coordinates":[77.7701635,13.0346009]},"properties":{"name":"Kajisonnena halli","operator":"BMTC","osm_id":2480115033}},{"type":"Feature","geometry":{"type":"Point","coordinates":[77.7559258,13.0584698]},"properties":{"name":"Nimbekayipura","operator":"BMTC","osm_id":2481231858}},{"type":"Feature","geometry":{"type":"Point","coordinates":[77.7533825,13.1112668]},"properties":{"name":"Thirumenahalli","operator":"BMTC","osm_id":2481235515}},{"type":"Feature","geometry":{"type":"Point","coordinates":[77.7585724,13.0321029]},"properties":{"name":"Kannamangala Gate","operator":"BMTC","osm_id":2481241853}},{"type":"Feature","geometry":{"type":"Point","coordinates":[77.7611913,13.0134059]},"properties":{"name":"Seegehalli Gate","operator":"BMTC","osm_id":2481241856}},{"type":"Feature","geometry":{"type":"Point","coordinates":[77.7594874,13.010372]},"properties":{"name":"Sai Garden","operator":"BMTC","osm_id":2481241859}},{"type":"Feature","geometry":{"type":"Point","coordinates":[77.7339188,12.9782986]},"properties":{"name":"Pattanduru Agrahara","operator":"BMTC","osm_id":2481247740}},{"type":"Feature","geometry":{"type":"Point","coordinates":[77.7506939,12.9744422]},"properties":{"name":"Saibaba General Hospital","operator":"BMTC","osm_id":2482304662}},{"type":"Feature","geometry":{"type":"Point","coordinates":[77.7504051,12.9740103]},"properties":{"name":"Saibaba General Hospital","operator":"BMTC","osm_id":2482304663}},{"type":"Feature","geometry":{"type":"Point","coordinates":[77.7528005,12.969662]},"properties":{"name":"Gandhipura","operator":"BMTC","osm_id":2482304665}},{"type":"Feature","geometry":{"type":"Point","coordinates":[77.7560498,12.9684666]},"properties":{"name":"Hagadur Cross","operator":"BMTC","osm_id":2482304666}},{"type":"Feature","geometry":{"type":"Point","coordinates":[77.7630225,12.9667571]},"properties":{"name":"Immadihalli","operator":"BMTC","osm_id":2482304667}},{"type":"Feature","geometry":{"type":"Point","coordinates":[77.7713656,12.9752095]},"properties":{"name":"Nagagondanahalli","operator":"BMTC","osm_id":2482394814}},{"type":"Feature","geometry":{"type":"Point","coordinates":[77.7647816,13.0120097]},"properties":{"name":"Seegehalli","operator":"BMTC","osm_id":2482504889}},{"type":"Feature","geometry":{"type":"Point","coordinates":[77.7012458,12.9600427]},"properties":{"name":"Kalamandir","operator":"BMTC","osm_id":2483704196}},{"type":"Feature","geometry":{"type":"Point","coordinates":[77.7001144,12.9522828]},"properties":{"name":"Marathahalli","operator":"BMTC","osm_id":2483704198}},{"type":"Feature","geometry":{"type":"Point","coordinates":[77.7134677,12.9558487]},"properties":{"name":"Kundalahalli Gate","operator":"BMTC","osm_id":2485090588}},{"type":"Feature","geometry":{"type":"Point","coordinates":[77.7215365,12.9559247]},"properties":{"name":"Thubarahalli","operator":"BMTC","osm_id":2485090589}},{"type":"Feature","geometry":{"type":"Point","coordinates":[77.7205556,12.9557287]},"properties":{"name":"Thubarahalli","operator":"BMTC","osm_id":2485090590}},{"type":"Feature","geometry":{"type":"Point","coordinates":[77.7308717,12.9560945]},"properties":{"name":"Siddapura (towards Kundalahalli Gate)","operator":"BMTC","osm_id":2485090592}},{"type":"Feature","geometry":{"type":"Point","coordinates":[77.7413745,12.9569031]},"properties":{"name":"Ramagondanahalli Varthuru","operator":"BMTC","osm_id":2485090593}},{"type":"Feature","geometry":{"type":"Point","coordinates":[77.7446448,12.956597]},"properties":{"name":"Varthuru Kodi","operator":"BMTC","osm_id":2485090594}},{"type":"Feature","geometry":{"type":"Point","coordinates":[77.7452244,12.956952]},"properties":{"name":"Varthuru Kodi","operator":"BMTC","osm_id":2485090595}},{"type":"Feature","geometry":{"type":"Point","coordinates":[77.7393805,12.9286181]},"properties":{"name":"Vinayak Nagara,Gunjuru","operator":"BMTC","osm_id":2485111401}},{"type":"Feature","geometry":{"type":"Point","coordinates":[77.7543508,12.9182432]},"properties":{"name":"Thippasandra Gate, Aralimara","operator":"BMTC","osm_id":2485111402}},{"type":"Feature","geometry":{"type":"Point","coordinates":[77.7758643,12.9278458]},"properties":{"name":"Nekkundi Dommasandra","operator":"BMTC","osm_id":2485116984}},{"type":"Feature","geometry":{"type":"Point","coordinates":[77.7581777,12.932963]},"properties":{"name":"Halasa Halli Cross","operator":"BMTC","osm_id":2485126509}},{"type":"Feature","geometry":{"type":"Point","coordinates":[77.7462676,12.9375303]},"properties":{"name":"Varthuru Police Station","operator":"BMTC","osm_id":2485126510}},{"type":"Feature","geometry":{"type":"Point","coordinates":[77.7549653,12.9100152]},"properties":{"name":"Ramanayakanahalli","operator":"BMTC","osm_id":2485147624}},{"type":"Feature","geometry":{"type":"Point","coordinates":[77.6702113,12.9231407]},"properties":{"name":"Bellandur Petrol Bunk","operator":"BMTC","osm_id":2485933288}},{"type":"Feature","geometry":{"type":"Point","coordinates":[77.6701247,12.9228369]},"properties":{"name":"Bellandur Petrol Bunk","operator":"BMTC","osm_id":2485933289}},{"type":"Feature","geometry":{"type":"Point","coordinates":[77.7484119,12.9642618]},"properties":{"name":"Brooke Bond","operator":"BMTC","osm_id":2486617758}},{"type":"Feature","geometry":{"type":"Point","coordinates":[77.7484733,12.9640683]},"properties":{"name":"Brooke Bond","operator":"BMTC","osm_id":2486617759}},{"type":"Feature","geometry":{"type":"Point","coordinates":[77.7553608,12.9647288]},"properties":{"name":"Vinayakanagar","operator":"BMTC","osm_id":2486617760}},{"type":"Feature","geometry":{"type":"Point","coordinates":[77.7568837,12.9659294]},"properties":{"name":"Hagaduru","operator":"BMTC","osm_id":2486617763}},{"type":"Feature","geometry":{"type":"Point","coordinates":[77.7546005,12.9753566]},"properties":{"name":"Vijayanagar","operator":"BMTC","osm_id":2486622025}},{"type":"Feature","geometry":{"type":"Point","coordinates":[77.7544752,12.9474841]},"properties":{"name":"Sorahunase Temple","operator":"BMTC","osm_id":2486626922}},{"type":"Feature","geometry":{"type":"Point","coordinates":[77.6212842,12.9168542]},"properties":{"name":"Bus Stop","operator":"BMTC","osm_id":2509428534}},{"type":"Feature","geometry":{"type":"Point","coordinates":[77.617142,12.9259398]},"properties":{"name":"Ayyappa Temple","operator":"BMTC","osm_id":2509428536}},{"type":"Feature","geometry":{"type":"Point","coordinates":[77.6214094,12.9167139]},"properties":{"name":"Silk Board","operator":"BMTC","osm_id":2509428538}},{"type":"Feature","geometry":{"type":"Point","coordinates":[77.613095,12.932264]},"properties":{"name":"Hosur Junction","operator":"BMTC","osm_id":2509433159}},{"type":"Feature","geometry":{"type":"Point","coordinates":[77.6131003,12.9320718]},"properties":{"name":"Hosur Junction","operator":"BMTC","osm_id":2509433182}},{"type":"Feature","geometry":{"type":"Point","coordinates":[77.6068612,12.9167172]},"properties":{"name":"BTM Water Tank","operator":"BMTC","osm_id":2510395000}},{"type":"Feature","geometry":{"type":"Point","coordinates":[77.6067295,12.9165179]},"properties":{"name":"BTM Nagar Layout Water Tank","operator":"BMTC","osm_id":2510395007}},{"type":"Feature","geometry":{"type":"Point","coordinates":[77.6165577,12.9163631]},"properties":{"name":"BTM Layout Kuvempu Nagara","operator":"BMTC","osm_id":2510395023}},{"type":"Feature","geometry":{"type":"Point","coordinates":[77.6032645,12.916802]},"properties":{"name":"MICO Layout","operator":"BMTC","osm_id":2511399368}},{"type":"Feature","geometry":{"type":"Point","coordinates":[77.600285,12.9078336]},"properties":{"name":"JP Nagar 3rd Phase","operator":"BMTC","osm_id":2512566325}},{"type":"Feature","geometry":{"type":"Point","coordinates":[77.6041279,12.9165498]},"properties":{"name":"MICO Layout","operator":"BMTC","osm_id":2512617705}},{"type":"Feature","geometry":{"type":"Point","coordinates":[77.5999571,12.9072491]},"properties":{"name":"JP Nagar 3rd Phase","operator":"BMTC","osm_id":2512642820}},{"type":"Feature","geometry":{"type":"Point","coordinates":[77.6000242,12.9070374]},"properties":{"name":"JP Nagar 3rd Phase","operator":"BMTC","osm_id":2512642823}},{"type":"Feature","geometry":{"type":"Point","coordinates":[77.577628,12.906363]},"properties":{"name":"J P Nagar 6th Phase","operator":"BMTC","osm_id":2513608689}},{"type":"Feature","geometry":{"type":"Point","coordinates":[77.580895,12.9062976]},"properties":{"name":"J P Nagar Powerhouse","operator":"BMTC","osm_id":2513608690}},{"type":"Feature","geometry":{"type":"Point","coordinates":[77.5776167,12.9065613]},"properties":{"name":"J P Nagar 6th Phase Terminus","operator":"BMTC Route number 2 to Majestic, Route number 29 to Shivaji Nagar, KIA-5 to Airport","osm_id":2513608693}},{"type":"Feature","geometry":{"type":"Point","coordinates":[77.5591558,12.9218592]},"properties":{"name":"Devegowda Petrol Bunk","operator":"BMTC","osm_id":2513834593}},{"type":"Feature","geometry":{"type":"Point","coordinates":[77.5536389,12.9237541]},"properties":{"name":"Kamakhya Talkies","operator":"BMTC","osm_id":2513845212}},{"type":"Feature","geometry":{"type":"Point","coordinates":[77.5460155,12.9284015]},"properties":{"name":"Janatha Bazaar","operator":"BMTC","osm_id":2515008619}},{"type":"Feature","geometry":{"type":"Point","coordinates":[77.5458707,12.92827]},"properties":{"name":"Janatha Bazaar","operator":"BMTC","osm_id":2515008623}},{"type":"Feature","geometry":{"type":"Point","coordinates":[77.549609,12.9255015]},"properties":{"name":"Katriguppe","operator":"BMTC","osm_id":2515008626}},{"type":"Feature","geometry":{"type":"Point","coordinates":[77.5326098,13.022661]},"properties":{"name":"Kanteerava Studio","operator":"BMTC","osm_id":2518359884}},{"type":"Feature","geometry":{"type":"Point","coordinates":[77.5339349,13.024926]},"properties":{"name":"Modern Food Goraguntepalya","operator":"BMTC","osm_id":2518359885}},{"type":"Feature","geometry":{"type":"Point","coordinates":[77.5315886,13.0181896]},"properties":{"name":"Rajkumar Samadhi","operator":"BMTC","osm_id":2518359887}},{"type":"Feature","geometry":{"type":"Point","coordinates":[77.5289456,13.012176]},"properties":{"name":"Nandini Layout Ring Road","operator":"BMTC","osm_id":2518854761}},{"type":"Feature","geometry":{"type":"Point","coordinates":[77.5266205,13.0084989]},"properties":{"name":"Laggere Bridge","operator":"BMTC","osm_id":2518861140}},{"type":"Feature","geometry":{"type":"Point","coordinates":[77.7114064,12.9781942]},"properties":{"name":"Graphite India","operator":"BMTC","osm_id":2600915519}},{"type":"Feature","geometry":{"type":"Point","coordinates":[77.5526294,12.999958]},"properties":{"name":"Navrang Private Bus Stop","operator":"BMTC","osm_id":2613357230}},{"type":"Feature","geometry":{"type":"Point","coordinates":[77.7317832,12.987908]},"properties":{"name":"Big Bazaar","operator":"BMTC","osm_id":2614647527}},{"type":"Feature","geometry":{"type":"Point","coordinates":[77.7531644,12.9837782]},"properties":{"name":"Hope Farm","operator":"BMTC","osm_id":2619331800}},{"type":"Feature","geometry":{"type":"Point","coordinates":[77.670661,12.8476007]},"properties":{"name":"Electronic City Depot No: 19 Gate","operator":"BMTC","osm_id":2623047212}},{"type":"Feature","geometry":{"type":"Point","coordinates":[77.6327758,13.0275783]},"properties":{"name":"Hennur Cross","operator":"BMTC","osm_id":2623144513}},{"type":"Feature","geometry":{"type":"Point","coordinates":[77.6937078,12.9560471]},"properties":{"name":"Marathahalli Market","operator":"BMTC","osm_id":2623640650}},{"type":"Feature","geometry":{"type":"Point","coordinates":[77.6948921,12.9564201]},"properties":{"name":"Marathahalli Market","operator":"BMTC","osm_id":2623640654}},{"type":"Feature","geometry":{"type":"Point","coordinates":[77.7472205,12.9401978]},"properties":{"name":"Gandhi Circle","operator":"BMTC","osm_id":2634995044}},{"type":"Feature","geometry":{"type":"Point","coordinates":[77.6011827,12.9007941]},"properties":{"name":"Bilekahalli","operator":"BMTC","osm_id":2639216659}},{"type":"Feature","geometry":{"type":"Point","coordinates":[77.6008782,12.9002893]},"properties":{"name":"Bilekahalli","operator":"BMTC","osm_id":2639216672}},{"type":"Feature","geometry":{"type":"Point","coordinates":[77.6517192,12.8406381]},"properties":{"name":"Concord Apartment Electronic City","operator":"BMTC","osm_id":2647643918}},{"type":"Feature","geometry":{"type":"Point","coordinates":[77.6581866,12.8475946]},"properties":{"name":"HP","operator":"BMTC","osm_id":2647643919}},{"type":"Feature","geometry":{"type":"Point","coordinates":[77.6600659,12.8449776]},"properties":{"name":"Siemens","operator":"BMTC","osm_id":2647643922}},{"type":"Feature","geometry":{"type":"Point","coordinates":[77.6621117,12.8455057]},"properties":{"name":"Siemens","operator":"BMTC","osm_id":2647643923}},{"type":"Feature","geometry":{"type":"Point","coordinates":[77.6577483,12.8510779]},"properties":{"name":"Velankani","operator":"BMTC","osm_id":2647643924}},{"type":"Feature","geometry":{"type":"Point","coordinates":[77.6585846,12.8390686]},"properties":{"name":"Wipro Gate","operator":"BMTC","osm_id":2647643925}},{"type":"Feature","geometry":{"type":"Point","coordinates":[77.6786401,12.837131]},"properties":{"name":"Huskur Gate","operator":"BMTC","osm_id":2647774009}},{"type":"Feature","geometry":{"type":"Point","coordinates":[77.6789864,12.8372622]},"properties":{"name":"Huskur Gate","operator":"BMTC","osm_id":2647774010}},{"type":"Feature","geometry":{"type":"Point","coordinates":[77.5838469,12.9319304]},"properties":{"name":"Jayanagar 3rd Block","operator":"BMTC","osm_id":2649085501}},{"type":"Feature","geometry":{"type":"Point","coordinates":[77.5532574,13.0192211]},"properties":{"name":"Yeshwanthpur Railway Station","operator":"BMTC","osm_id":2668453928}},{"type":"Feature","geometry":{"type":"Point","coordinates":[77.5805791,12.919976]},"properties":{"name":"Jayanagar 5th Block 40th Cross","operator":"BMTC","osm_id":2677362269}},{"type":"Feature","geometry":{"type":"Point","coordinates":[77.6164758,13.0028323]},"properties":{"name":"Clarence School","operator":"BMTC","osm_id":2696304678}},{"type":"Feature","geometry":{"type":"Point","coordinates":[77.5749596,13.0148441]},"properties":{"name":"CPRI","operator":"BMTC","osm_id":2703669972}},{"type":"Feature","geometry":{"type":"Point","coordinates":[77.5920943,12.9479281]},"properties":{"name":"Mallige Hospital","operator":"BMTC","osm_id":2723747022}},{"type":"Feature","geometry":{"type":"Point","coordinates":[77.5851229,12.9424578]},"properties":{"name":"Ashoka Pillar","operator":"BMTC","osm_id":2727229634}},{"type":"Feature","geometry":{"type":"Point","coordinates":[77.5852032,12.9381103]},"properties":{"name":"Rani Saraladevi","operator":"BMTC","osm_id":2727229638}},{"type":"Feature","geometry":{"type":"Point","coordinates":[77.5849914,12.9376335]},"properties":{"name":"Jayanagar 2nd Block","operator":"BMTC","osm_id":2727229639}},{"type":"Feature","geometry":{"type":"Point","coordinates":[77.5930047,13.0255639]},"properties":{"name":"RT Nagar Police Station","operator":"BMTC","osm_id":2872411593}},{"type":"Feature","geometry":{"type":"Point","coordinates":[77.6257894,12.8739338]},"properties":{"name":"Begur","operator":"BMTC","osm_id":2908681030}},{"type":"Feature","geometry":{"type":"Point","coordinates":[77.6180258,12.8982379]},"properties":{"name":"Kodichikkanahalli","operator":"BMTC","osm_id":2938998578}},{"type":"Feature","geometry":{"type":"Point","coordinates":[77.5998603,12.896274]},"properties":{"name":"IIM Apollo","operator":"BMTC","osm_id":2939016466}},{"type":"Feature","geometry":{"type":"Point","coordinates":[77.5996317,12.8959965]},"properties":{"name":"IIM","operator":"BMTC","osm_id":2939016472}},{"type":"Feature","geometry":{"type":"Point","coordinates":[77.6121482,12.9349503]},"properties":{"name":"Forum Mall Koramangala","operator":"BMTC","osm_id":2945920002}},{"type":"Feature","geometry":{"type":"Point","coordinates":[77.6213512,12.9727703]},"properties":{"name":"Lido Talkies","operator":"BMTC","osm_id":2949043344}},{"type":"Feature","geometry":{"type":"Point","coordinates":[77.537631,12.971996]},"properties":{"name":"Vijayanagara","operator":"BMTC","osm_id":2975331591}},{"type":"Feature","geometry":{"type":"Point","coordinates":[77.6975391,12.8343858]},"properties":{"name":"Sampige Nagara","operator":"Bangalore Metropolitan Transport Corporation","osm_id":2989201198}},{"type":"Feature","geometry":{"type":"Point","coordinates":[77.6197262,12.9707657]},"properties":{"name":"Trinity Circle","operator":"BMTC","osm_id":3003967142}},{"type":"Feature","geometry":{"type":"Point","coordinates":[77.6331228,12.9386361]},"properties":{"name":"Ejipura Junction","operator":"BMTC","osm_id":3016052461}},{"type":"Feature","geometry":{"type":"Point","coordinates":[77.6280491,12.9381615]},"properties":{"name":"Koramangala Sony World","operator":"BMTC","osm_id":3016052463}},{"type":"Feature","geometry":{"type":"Point","coordinates":[77.6281909,12.9382139]},"properties":{"name":"Koramangala Sony World","operator":"BMTC","osm_id":3016052464}},{"type":"Feature","geometry":{"type":"Point","coordinates":[77.5601377,12.8917429]},"properties":{"name":"Ragi Machine","operator":"BMTC","osm_id":3149435087}},{"type":"Feature","geometry":{"type":"Point","coordinates":[77.716543,12.9604848]},"properties":{"name":"BEML Layout","operator":"BMTC","osm_id":3151701188}},{"type":"Feature","geometry":{"type":"Point","coordinates":[77.637922,12.9247454]},"properties":{"name":"Jakkasandra","operator":"Bengaluru Metropolitan Tranport Corporation","osm_id":3161120723}},{"type":"Feature","geometry":{"type":"Point","coordinates":[77.6968662,12.9418765]},"properties":{"name":"Kaadubeesanahalli","operator":"BMTC","osm_id":3170006932}},{"type":"Feature","geometry":{"type":"Point","coordinates":[77.697055,12.9426361]},"properties":{"name":"Kaadubeesanahalli","operator":"BMTC","osm_id":3170006933}},{"type":"Feature","geometry":{"type":"Point","coordinates":[77.6278944,12.9777027]},"properties":{"name":"Halasuru","operator":"BMTC","osm_id":3170033034}},{"type":"Feature","geometry":{"type":"Point","coordinates":[77.6909776,12.9354523]},"properties":{"name":"New Horizon College","operator":"BMTC","osm_id":3170437443}},{"type":"Feature","geometry":{"type":"Point","coordinates":[77.6871127,12.931626]},"properties":{"name":"Devarabeesanahalli","operator":"BMTC","osm_id":3170450633}},{"type":"Feature","geometry":{"type":"Point","coordinates":[77.6871801,12.9320446]},"properties":{"name":"Deverabeesanahalli","operator":"BMTC","osm_id":3170450634}},{"type":"Feature","geometry":{"type":"Point","coordinates":[77.681132,12.9280142]},"properties":{"name":"Ecospace","operator":"BMTC","osm_id":3170452368}},{"type":"Feature","geometry":{"type":"Point","coordinates":[77.6811574,12.9283411]},"properties":{"name":"Ecospace","operator":"BMTC","osm_id":3170452369}},{"type":"Feature","geometry":{"type":"Point","coordinates":[77.673846,12.9245096]},"properties":{"name":"Bellandur Central","operator":"BMTC","osm_id":3170454889}},{"type":"Feature","geometry":{"type":"Point","coordinates":[77.5789251,12.9869097]},"properties":{"name":"Shivananda Stores","operator":"BMTC","osm_id":3198633191}},{"type":"Feature","geometry":{"type":"Point","coordinates":[77.5788262,12.9872315]},"properties":{"name":"Shivananda Stores","operator":"BMTC","osm_id":3198633192}},{"type":"Feature","geometry":{"type":"Point","coordinates":[77.5747566,12.9889866]},"properties":{"name":"Swastik Sheshadripuram College","operator":"BMTC","osm_id":3198633193}},{"type":"Feature","geometry":{"type":"Point","coordinates":[77.5242358,13.0227517]},"properties":{"name":"Laggere Cross Bus Stop","operator":"BMTC","osm_id":3199052003}},{"type":"Feature","geometry":{"type":"Point","coordinates":[77.5506837,12.9898028]},"properties":{"name":"ESI Hospital (towards Vijayanagara)","operator":"BMTC","osm_id":3201223544}},{"type":"Feature","geometry":{"type":"Point","coordinates":[77.6473286,13.0227949]},"properties":{"name":"Babusabpalya","operator":"BMTC","osm_id":3207060490}},{"type":"Feature","geometry":{"type":"Point","coordinates":[77.5210794,12.9098411]},"properties":{"name":"Kuvempu Circle","operator":"BMTC","osm_id":3207937729}},{"type":"Feature","geometry":{"type":"Point","coordinates":[77.5693282,13.1350681]},"properties":{"name":"Avalahalli","operator":"BMTC","osm_id":3209552514}},{"type":"Feature","geometry":{"type":"Point","coordinates":[77.5690259,13.1353822]},"properties":{"name":"Avalahalli","operator":"BMTC","osm_id":3209556469}},{"type":"Feature","geometry":{"type":"Point","coordinates":[77.6239517,12.926159]},"properties":{"name":"Bus Stop","operator":"BMTC","osm_id":3240631520}},{"type":"Feature","geometry":{"type":"Point","coordinates":[77.6324478,12.9155668]},"properties":{"name":"HSR Sector 7","operator":"BMTC","osm_id":3240677950}},{"type":"Feature","geometry":{"type":"Point","coordinates":[77.6417018,12.9634855]},"properties":{"name":"HAL 2nd Stage","operator":"BMTC","osm_id":3276659128}},{"type":"Feature","geometry":{"type":"Point","coordinates":[77.5706793,12.9217893]},"properties":{"name":"Monotype","operator":"BMTC","osm_id":3279479269}},{"type":"Feature","geometry":{"type":"Point","coordinates":[77.6580632,12.9592797]},"properties":{"name":"Murugeshpalaya","operator":"BMTC","osm_id":3298916256}},{"type":"Feature","geometry":{"type":"Point","coordinates":[77.6379762,12.9611661]},"properties":{"name":"Domlur (Towards HAL)","operator":"BMTC","osm_id":3299039166}},{"type":"Feature","geometry":{"type":"Point","coordinates":[77.6151697,12.9290362]},"properties":{"name":"St. Johns Hospital","operator":"BMTC","osm_id":3302507154}},{"type":"Feature","geometry":{"type":"Point","coordinates":[77.6472308,12.9600954]},"properties":{"name":"Kodihalli","operator":"BMTC","osm_id":3304100394}},{"type":"Feature","geometry":{"type":"Point","coordinates":[77.642214,12.9604285]},"properties":{"name":"Domlur Bridge","operator":"BMTC","osm_id":3304142858}},{"type":"Feature","geometry":{"type":"Point","coordinates":[77.6106553,12.9807183]},"properties":{"name":"Dickenson Road","operator":"BMTC","osm_id":3304155383}},{"type":"Feature","geometry":{"type":"Point","coordinates":[77.6056066,12.9551331]},"properties":{"name":"Elgin Floor Mill,Langford Town","operator":"BMTC","osm_id":3306213861}},{"type":"Feature","geometry":{"type":"Point","coordinates":[77.5518295,13.0214]},"properties":{"name":"Private Bus Yeshwanthpur Pick up Point","operator":"BMTC","osm_id":3307011001}},{"type":"Feature","geometry":{"type":"Point","coordinates":[77.6467794,12.9775953]},"properties":{"name":"CMH Hospital","operator":"BMTC","osm_id":3310413267}},{"type":"Feature","geometry":{"type":"Point","coordinates":[77.646593,12.9777156]},"properties":{"name":"CMH Hospital","operator":"BMTC","osm_id":3310413268}},{"type":"Feature","geometry":{"type":"Point","coordinates":[77.572065,12.990012]},"properties":{"name":"Central","operator":"BMTC","osm_id":3320950142}},{"type":"Feature","geometry":{"type":"Point","coordinates":[77.5721105,12.9900294]},"properties":{"name":"Central","operator":"BMTC","osm_id":3320950152}},{"type":"Feature","geometry":{"type":"Point","coordinates":[77.6099619,12.9734314]},"properties":{"name":"Mayo Hall","operator":"BMTC","osm_id":3344494904}},{"type":"Feature","geometry":{"type":"Point","coordinates":[77.5305272,12.9463164]},"properties":{"name":"Mysore Road Metro","operator":"BMTC","osm_id":3351054477}},{"type":"Feature","geometry":{"type":"Point","coordinates":[77.5879442,12.9647847]},"properties":{"name":"Corporation, Mission Road (Towards Subbiah Circle)","operator":"BMTC","osm_id":3356616803}},{"type":"Feature","geometry":{"type":"Point","coordinates":[77.5994195,12.9674327]},"properties":{"name":"Richmond Circle","operator":"BMTC","osm_id":3356616804}},{"type":"Feature","geometry":{"type":"Point","coordinates":[77.6004284,12.9082011]},"properties":{"name":"JP Nagara 3rd Phase","operator":"BMTC","osm_id":3368083327}},{"type":"Feature","geometry":{"type":"Point","coordinates":[77.6402106,12.9782853]},"properties":{"name":"Indiranagar Police Station","operator":"BMTC","osm_id":3370102638}},{"type":"Feature","geometry":{"type":"Point","coordinates":[77.4999894,12.9520859]},"properties":{"name":"Bangalore University Bus stop","operator":"BMTC","osm_id":3371451049}},{"type":"Feature","geometry":{"type":"Point","coordinates":[77.5000678,12.9528321]},"properties":{"name":"Quarters stop","operator":"BMTC","osm_id":3371451050}},{"type":"Feature","geometry":{"type":"Point","coordinates":[77.5857901,12.9097306]},"properties":{"name":"RV Dental College","operator":"BMTC","osm_id":3393509903}},{"type":"Feature","geometry":{"type":"Point","coordinates":[77.5856482,12.90972]},"properties":{"name":"JP Nagar IInd Phase","operator":"BMTC","osm_id":3393509904}},{"type":"Feature","geometry":{"type":"Point","coordinates":[77.6575012,12.9672692]},"properties":{"name":"Jeevan Bheema Nagar","operator":"BMTC","osm_id":3396658476}},{"type":"Feature","geometry":{"type":"Point","coordinates":[77.6495726,12.9685656]},"properties":{"name":"Kodihalli","operator":"BMTC","osm_id":3396658477}},{"type":"Feature","geometry":{"type":"Point","coordinates":[77.5689234,12.9969253]},"properties":{"name":"Malleshwaram Circle","operator":"BMTC","osm_id":3401990796}},{"type":"Feature","geometry":{"type":"Point","coordinates":[77.5711904,13.0028324]},"properties":{"name":"Malleshwaram 11th Cross","operator":"BMTC","osm_id":3401990805}},{"type":"Feature","geometry":{"type":"Point","coordinates":[77.583689,12.9282918]},"properties":{"name":"Jayanagara 4th Block","operator":"BMTC","osm_id":3401997313}},{"type":"Feature","geometry":{"type":"Point","coordinates":[77.6053903,12.9532975]},"properties":{"name":"Hosur Road Cemetery","operator":"BMTC","osm_id":3406880173}},{"type":"Feature","geometry":{"type":"Point","coordinates":[77.6052049,12.9535712]},"properties":{"name":"Anepalya","operator":"BMTC","osm_id":3406880174}},{"type":"Feature","geometry":{"type":"Point","coordinates":[77.606853,12.9656622]},"properties":{"name":"Johnson Market","operator":"BMTC","osm_id":3406880175}},{"type":"Feature","geometry":{"type":"Point","coordinates":[77.6069207,12.9657687]},"properties":{"name":"Johnson Market","operator":"BMTC","osm_id":3406880176}},{"type":"Feature","geometry":{"type":"Point","coordinates":[77.6023325,12.93989]},"properties":{"name":"Dairy Circle","operator":"BMTC","osm_id":3407345220}},{"type":"Feature","geometry":{"type":"Point","coordinates":[77.6020358,12.9391403]},"properties":{"name":"Dairy Circle","operator":"BMTC","osm_id":3407345221}},{"type":"Feature","geometry":{"type":"Point","coordinates":[77.7672007,12.8677052]},"properties":{"name":"Kristal Apartments","operator":"BMTC","osm_id":3412179397}},{"type":"Feature","geometry":{"type":"Point","coordinates":[77.5523834,12.9117883]},"properties":{"name":"Chikkallasandra Aralimara","operator":"BMTC","osm_id":3417157376}},{"type":"Feature","geometry":{"type":"Point","coordinates":[77.6632229,12.9939821]},"properties":{"name":"Nagavaarapalya Bus Stop","operator":"BMTC","osm_id":3451666930}},{"type":"Feature","geometry":{"type":"Point","coordinates":[77.6633147,12.9943134]},"properties":{"name":"Nagavaarapalya Bus Stop","operator":"BMTC","osm_id":3451668566}},{"type":"Feature","geometry":{"type":"Point","coordinates":[77.6161243,12.9694471]},"properties":{"name":"Hosmat Hospital","operator":"BMTC","osm_id":3476877517}},{"type":"Feature","geometry":{"type":"Point","coordinates":[77.6125856,13.00711]},"properties":{"name":"Canara Bank Tannery Road","operator":"BMTC","osm_id":3527330475}},{"type":"Feature","geometry":{"type":"Point","coordinates":[77.5957685,12.9502508]},"properties":{"name":"Wilson Garden Police Station","operator":"BMTC","osm_id":3535554100}},{"type":"Feature","geometry":{"type":"Point","coordinates":[77.624602,12.879753]},"properties":{"name":"Aralekatte Bus Stop","operator":"BMTC","osm_id":3558431084}},{"type":"Feature","geometry":{"type":"Point","coordinates":[77.5924708,13.0218684]},"properties":{"name":"Post Office RT Nagar","operator":"BMTC","osm_id":3591575624}},{"type":"Feature","geometry":{"type":"Point","coordinates":[77.5928044,13.0243059]},"properties":{"name":"Police Station RT Nagar","operator":"BMTC","osm_id":3591575671}},{"type":"Feature","geometry":{"type":"Point","coordinates":[77.5925068,13.0226753]},"properties":{"name":"RT Nagar Post Office","operator":"BMTC","osm_id":3591576043}},{"type":"Feature","geometry":{"type":"Point","coordinates":[77.7164738,12.9611099]},"properties":{"name":"BEML Layout","operator":"BMTC","osm_id":3592142912}},{"type":"Feature","geometry":{"type":"Point","coordinates":[77.6654779,12.958393]},"properties":{"name":"HAL Main Gate KIA Bus Stop","operator":"BMTC","osm_id":3606930258}},{"type":"Feature","geometry":{"type":"Point","coordinates":[77.473046,13.0566825]},"properties":{"name":"Madavara","operator":"BMTC","osm_id":3639546839}},{"type":"Feature","geometry":{"type":"Point","coordinates":[77.5723755,12.9397098]},"properties":{"name":"Nettakallappa Circle","operator":"BMTC","osm_id":3656290925}},{"type":"Feature","geometry":{"type":"Point","coordinates":[77.519829,12.9601806]},"properties":{"name":"Nagarabhavi Circle/Coconut Garden Layout","operator":"BMTC","osm_id":3660230490}},{"type":"Feature","geometry":{"type":"Point","coordinates":[77.6631418,13.0038491]},"properties":{"name":"Kasturi Nagar","operator":"BMTC","osm_id":3666262561}},{"type":"Feature","geometry":{"type":"Point","coordinates":[77.5354777,12.9322341]},"properties":{"name":"Shri Vidhyanagara","operator":"BMTC","osm_id":3681741461}},{"type":"Feature","geometry":{"type":"Point","coordinates":[77.6407507,12.9788178]},"properties":{"name":"Indiranagar Police Station","operator":"BMTC","osm_id":3725667313}},{"type":"Feature","geometry":{"type":"Point","coordinates":[77.6124135,12.9741854]},"properties":{"name":"MG Road","operator":"BMRC","osm_id":3730961538}},{"type":"Feature","geometry":{"type":"Point","coordinates":[77.6008442,13.1040708]},"properties":{"name":"Kogilu Cross","operator":"BMTC","osm_id":3732415798}},{"type":"Feature","geometry":{"type":"Point","coordinates":[77.6009436,13.1040872]},"properties":{"name":"Kogilu Cross","operator":"BMTC","osm_id":3738821164}},{"type":"Feature","geometry":{"type":"Point","coordinates":[77.5936645,13.0569897]},"properties":{"name":"Kodigehalli Gate","operator":"BMTC","osm_id":3739173908}},{"type":"Feature","geometry":{"type":"Point","coordinates":[77.5930068,13.0731009]},"properties":{"name":"GKVK Gate","operator":"BMTC","osm_id":3739201965}},{"type":"Feature","geometry":{"type":"Point","coordinates":[77.5930303,13.0772262]},"properties":{"name":"Aerodrome","operator":"BMTC","osm_id":3739201968}},{"type":"Feature","geometry":{"type":"Point","coordinates":[77.5931668,13.0576735]},"properties":{"name":"Kodigehalli Gate","operator":"BMTC","osm_id":3739207821}},{"type":"Feature","geometry":{"type":"Point","coordinates":[77.5925763,13.0771131]},"properties":{"name":"Aerodrome","operator":"BMTC","osm_id":3739207822}},{"type":"Feature","geometry":{"type":"Point","coordinates":[77.6004842,13.1045782]},"properties":{"name":"Kogilu Cross","operator":"BMTC","osm_id":3739218590}},{"type":"Feature","geometry":{"type":"Point","coordinates":[77.6176906,13.1376154]},"properties":{"name":"Bharathi Nagara","operator":"BMTC","osm_id":3739999528}},{"type":"Feature","geometry":{"type":"Point","coordinates":[77.6174559,13.1378373]},"properties":{"name":"Bharathi Nagara","operator":"BMTC","osm_id":3739999529}},{"type":"Feature","geometry":{"type":"Point","coordinates":[77.6079378,12.9775677]},"properties":{"name":"Manikshaw Parade Ground","operator":"BMTC","osm_id":3740957800}},{"type":"Feature","geometry":{"type":"Point","coordinates":[77.5956184,12.9740494]},"properties":{"name":"Kasturba Road","operator":"BMTC","osm_id":3741208081}},{"type":"Feature","geometry":{"type":"Point","coordinates":[77.5725521,12.9786086]},"properties":{"name":"Platform 21","operator":"BMTC","osm_id":3755608905}},{"type":"Feature","geometry":{"type":"Point","coordinates":[77.5620528,12.9824156]},"properties":{"name":"Sujatha Talkies","operator":"BMTC","osm_id":3756218734}},{"type":"Feature","geometry":{"type":"Point","coordinates":[77.5622502,12.9827615]},"properties":{"name":"Sujatha Talkies","operator":"BMTC","osm_id":3756218736}},{"type":"Feature","geometry":{"type":"Point","coordinates":[77.6537096,12.9573591]},"properties":{"name":"Wind Tunnel Road","operator":"BMTC","osm_id":3772207461}},{"type":"Feature","geometry":{"type":"Point","coordinates":[77.6539884,12.9580892]},"properties":{"name":"Wind Tunnel Road","operator":"BMTC","osm_id":3772207462}},{"type":"Feature","geometry":{"type":"Point","coordinates":[77.6542277,12.9433803]},"properties":{"name":"Belur Nagasandra","operator":"BMTC","osm_id":3772208370}},{"type":"Feature","geometry":{"type":"Point","coordinates":[77.6819773,12.954626]},"properties":{"name":"HAL Kalyanamantapa","operator":"BMTC","osm_id":3778460853}},{"type":"Feature","geometry":{"type":"Point","coordinates":[77.6764724,12.9261304]},"properties":{"name":"Bellandur Bus Stop","operator":"BMTC","osm_id":3779509364}},{"type":"Feature","geometry":{"type":"Point","coordinates":[77.5062185,12.93119]},"properties":{"name":"Bus Stop","operator":"BMTC","osm_id":3799002967}},{"type":"Feature","geometry":{"type":"Point","coordinates":[77.663299,13.0041314]},"properties":{"name":"Kasturi Nagara","operator":"BMTC","osm_id":3799455215}},{"type":"Feature","geometry":{"type":"Point","coordinates":[77.6237596,12.9159764]},"properties":{"name":"Silk Board Junction","operator":"BMTC","osm_id":3804880032}},{"type":"Feature","geometry":{"type":"Point","coordinates":[77.5820008,13.0145543]},"properties":{"name":"Mekhri Circle","operator":"BMTC","osm_id":3812372719}},{"type":"Feature","geometry":{"type":"Point","coordinates":[77.5690717,13.0468941]},"properties":{"name":"Devi Nagara","operator":"BMTC","osm_id":3830928514}},{"type":"Feature","geometry":{"type":"Point","coordinates":[77.5584517,13.0434865]},"properties":{"name":"BEL Circle","operator":"BMTC","osm_id":3830928536}},{"type":"Feature","geometry":{"type":"Point","coordinates":[77.5418272,13.0375906]},"properties":{"name":"Alisda","operator":"BMTC","osm_id":3830964315}},{"type":"Feature","geometry":{"type":"Point","coordinates":[77.5402163,13.0294164]},"properties":{"name":"Guragunte Palya Cross","operator":"BMTC","osm_id":3830964327}},{"type":"Feature","geometry":{"type":"Point","coordinates":[77.5817339,12.936589]},"properties":{"name":"Vijaya High School","operator":"BMTC","osm_id":3832803857}},{"type":"Feature","geometry":{"type":"Point","coordinates":[77.5184458,13.0397865]},"properties":{"name":"Jalahalli Cross","operator":"BMTC","osm_id":3833691730}},{"type":"Feature","geometry":{"type":"Point","coordinates":[77.673475,12.9246308]},"properties":{"name":"Bellandur Central","operator":"BMTC","osm_id":3840278215}},{"type":"Feature","geometry":{"type":"Point","coordinates":[77.5728494,12.9777644]},"properties":{"name":"Platform 1","operator":"BMTC","osm_id":3875744057}},{"type":"Feature","geometry":{"type":"Point","coordinates":[77.5727259,12.9779442]},"properties":{"name":"Platform 2","operator":"BMTC","osm_id":3875744058}},{"type":"Feature","geometry":{"type":"Point","coordinates":[77.5725348,12.9780562]},"properties":{"name":"Platform 3","operator":"BMTC","osm_id":3875768038}},{"type":"Feature","geometry":{"type":"Point","coordinates":[77.5722489,12.9780653]},"properties":{"name":"Platform 3A","operator":"BMTC","osm_id":3875768039}},{"type":"Feature","geometry":{"type":"Point","coordinates":[77.571813,12.9779148]},"properties":{"name":"Platform 5","operator":"BMTC","osm_id":3875768040}},{"type":"Feature","geometry":{"type":"Point","coordinates":[77.5719149,12.9780458]},"properties":{"name":"Platform 6","operator":"BMTC","osm_id":3875790066}},{"type":"Feature","geometry":{"type":"Point","coordinates":[77.5720401,12.9781429]},"properties":{"name":"Platform 6A","operator":"BMTC","osm_id":3875790067}},{"type":"Feature","geometry":{"type":"Point","coordinates":[77.5721632,12.9781992]},"properties":{"name":"Platform 7","operator":"BMTC","osm_id":3875790068}},{"type":"Feature","geometry":{"type":"Point","coordinates":[77.5722952,12.9782295]},"properties":{"name":"Platform 8","operator":"BMTC","osm_id":3875790069}},{"type":"Feature","geometry":{"type":"Point","coordinates":[77.5725112,12.9782221]},"properties":{"name":"Platform 8A","operator":"BMTC","osm_id":3875790070}},{"type":"Feature","geometry":{"type":"Point","coordinates":[77.568951,13.0086882]},"properties":{"name":"Malleswaram 18th Cross","operator":"BMTC","osm_id":3969029499}},{"type":"Feature","geometry":{"type":"Point","coordinates":[77.539448,12.9871322]},"properties":{"name":"Havanur Circle Bus Stop","operator":"BMTC","osm_id":4004490041}},{"type":"Feature","geometry":{"type":"Point","coordinates":[77.501634,13.0469642]},"properties":{"name":"Deepak Factory","operator":"BMTC","osm_id":4016362864}},{"type":"Feature","geometry":{"type":"Point","coordinates":[77.5836806,13.0103991]},"properties":{"name":"Palace Ground","operator":"BMTC","osm_id":4029938934}},{"type":"Feature","geometry":{"type":"Point","coordinates":[77.5840378,13.0104965]},"properties":{"name":"Palace Ground","operator":"BMTC","osm_id":4029938935}},{"type":"Feature","geometry":{"type":"Point","coordinates":[77.708807,12.9564862]},"properties":{"name":"Spice Garden","operator":"BMTC","osm_id":4040044244}},{"type":"Feature","geometry":{"type":"Point","coordinates":[77.5797646,13.0059813]},"properties":{"name":"Bashayam Circle","operator":"BMTC","osm_id":4044342168}},{"type":"Feature","geometry":{"type":"Point","coordinates":[77.5398855,12.9958011]},"properties":{"name":"Kamalanagar Water Tank","operator":"BMTC","osm_id":4073215040}},{"type":"Feature","geometry":{"type":"Point","coordinates":[77.5344983,12.9921882]},"properties":{"name":"Sharada Colony , Old Bus Stop","operator":"BMTC","osm_id":4073215041}},{"type":"Feature","geometry":{"type":"Point","coordinates":[77.5331941,12.9952849]},"properties":{"name":"Gudde Devastana Kamalanagara","operator":"BMTC","osm_id":4073224911}},{"type":"Feature","geometry":{"type":"Point","coordinates":[77.5304167,12.9926916]},"properties":{"name":"Kamalanagar BEML layout","operator":"BMTC","osm_id":4073230949}},{"type":"Feature","geometry":{"type":"Point","coordinates":[77.5355275,12.9956563]},"properties":{"name":"Maruthi Temple Kamalanagara","operator":"BMTC","osm_id":4073243459}},{"type":"Feature","geometry":{"type":"Point","coordinates":[77.5267989,12.9946168]},"properties":{"name":"Shankararnag Bus Stop","operator":"BMTC","osm_id":4073319923}},{"type":"Feature","geometry":{"type":"Point","coordinates":[77.6414337,12.9784912]},"properties":{"name":"Indiranagar Police Station","operator":"BMTC","osm_id":4101455408}},{"type":"Feature","geometry":{"type":"Point","coordinates":[77.5533244,13.0218559]},"properties":{"name":"Railway Station Yeshwanthapura","operator":"BMTC","osm_id":4108381700}},{"type":"Feature","geometry":{"type":"Point","coordinates":[77.622314,12.9875688]},"properties":{"name":"Ulsoor","operator":"BMTC","osm_id":4117248472}},{"type":"Feature","geometry":{"type":"Point","coordinates":[77.7202236,12.8967184]},"properties":{"name":"Kodathi Gate","operator":"BMTC","osm_id":4117248473}},{"type":"Feature","geometry":{"type":"Point","coordinates":[77.6774245,12.9139438]},"properties":{"name":"Kaikondrahalli","operator":"Bengaluru Metropolitan Transport Corporation","osm_id":4117248474}},{"type":"Feature","geometry":{"type":"Point","coordinates":[77.6238886,12.9819775]},"properties":{"name":"The Millenia","operator":"BMTC","osm_id":4117249190}},{"type":"Feature","geometry":{"type":"Point","coordinates":[77.6225414,12.9872664]},"properties":{"name":"Halasuru","operator":"BMTC","osm_id":4117249649}},{"type":"Feature","geometry":{"type":"Point","coordinates":[77.5844881,13.0980485]},"properties":{"name":"Sharavathi Hotel Bus Stop","operator":"BMTC","osm_id":4142367866}},{"type":"Feature","geometry":{"type":"Point","coordinates":[77.5987904,12.9773958]},"properties":{"name":"Chinnaswamy Stadium","operator":"BMTC","osm_id":4144220197}},{"type":"Feature","geometry":{"type":"Point","coordinates":[77.5999592,12.9767485]},"properties":{"name":"MG Statue","operator":"BMTC","osm_id":4144220198}},{"type":"Feature","geometry":{"type":"Point","coordinates":[77.5991943,12.9772163]},"properties":{"name":"Chinnaswamy Stadium","operator":"BMTC","osm_id":4144224291}},{"type":"Feature","geometry":{"type":"Point","coordinates":[77.5376121,12.9719284]},"properties":{"name":"Vijayanagara","operator":"BMTC","osm_id":4159540539}},{"type":"Feature","geometry":{"type":"Point","coordinates":[77.5376656,12.9720931]},"properties":{"name":"Vijayanagara","operator":"BMTC","osm_id":4159540541}},{"type":"Feature","geometry":{"type":"Point","coordinates":[77.5377126,12.9721781]},"properties":{"name":"Vijayanagara","operator":"BMTC","osm_id":4159540542}},{"type":"Feature","geometry":{"type":"Point","coordinates":[77.537777,12.9722604]},"properties":{"name":"Vijayanagara","operator":"BMTC","osm_id":4159540543}},{"type":"Feature","geometry":{"type":"Point","coordinates":[77.6469645,12.9743857]},"properties":{"name":"New Tippasandra Main Road","operator":"BMTC","osm_id":4173145025}},{"type":"Feature","geometry":{"type":"Point","coordinates":[77.6331975,12.9781046]},"properties":{"name":"Bus Stop","operator":"BMTC","osm_id":4223265259}},{"type":"Feature","geometry":{"type":"Point","coordinates":[77.6223664,12.9844792]},"properties":{"name":"Ulsoor Park","operator":"BMTC","osm_id":4252709510}},{"type":"Feature","geometry":{"type":"Point","coordinates":[77.6073119,12.9447266]},"properties":{"name":"Adugodi","operator":"BMTC","osm_id":4294201108}},{"type":"Feature","geometry":{"type":"Point","coordinates":[77.6060784,12.9588006]},"properties":{"name":"Elgin Flour Mill","operator":"BMTC","osm_id":4294218096}},{"type":"Feature","geometry":{"type":"Point","coordinates":[77.5557448,12.8857355]},"properties":{"name":"Doddakallasandra","operator":"BMTC","osm_id":4306277879}},{"type":"Feature","geometry":{"type":"Point","coordinates":[77.65052,12.9597158]},"properties":{"name":"NAL Manipal Hospital","operator":"BMTC","osm_id":4307391440}},{"type":"Feature","geometry":{"type":"Point","coordinates":[77.6911387,12.955837]},"properties":{"name":"Bus Stop","operator":"BMTC","osm_id":4307423565}},{"type":"Feature","geometry":{"type":"Point","coordinates":[77.6101101,12.9648942]},"properties":{"name":"Philomenas Hospital","operator":"BMTC","osm_id":4307590416}},{"type":"Feature","geometry":{"type":"Point","coordinates":[77.6510959,12.959651]},"properties":{"name":"ISRO","operator":"BMTC","osm_id":4310175869}},{"type":"Feature","geometry":{"type":"Point","coordinates":[77.6805505,12.9454643]},"properties":{"name":"Yemalur","operator":"BMTC","osm_id":4332530092}},{"type":"Feature","geometry":{"type":"Point","coordinates":[77.5918595,12.9508797]},"properties":{"name":"Lalbagh HOPCOMS","operator":"BMTC","osm_id":4349257795}},{"type":"Feature","geometry":{"type":"Point","coordinates":[77.5916371,12.951206]},"properties":{"name":"Lalbagh HOPCOMS","operator":"BMTC","osm_id":4349360994}},{"type":"Feature","geometry":{"type":"Point","coordinates":[77.5799698,12.9342846]},"properties":{"name":"Bus Stop","operator":"BMTC","osm_id":4362765796}},{"type":"Feature","geometry":{"type":"Point","coordinates":[77.6015627,12.9356132]},"properties":{"name":"Bengaluru Dairy Circle","operator":"BMTC","osm_id":4369751599}},{"type":"Feature","geometry":{"type":"Point","coordinates":[77.5944286,13.0018848]},"properties":{"name":"Jayamahal","operator":"BMTC","osm_id":4371078995}},{"type":"Feature","geometry":{"type":"Point","coordinates":[77.5961061,13.0197723]},"properties":{"name":"RT Nagar","operator":"BMTC","osm_id":4422272110}},{"type":"Feature","geometry":{"type":"Point","coordinates":[77.6760002,12.9254608]},"properties":{"name":"Bellanduru Bus Stop","operator":"BMTC","osm_id":4447398132}},{"type":"Feature","geometry":{"type":"Point","coordinates":[77.65883,12.9713269]},"properties":{"name":"BEML Gate","operator":"BMTC","osm_id":4448126589}},{"type":"Feature","geometry":{"type":"Point","coordinates":[77.5166301,13.0413227]},"properties":{"name":"KSRTC Pickup Point","operator":"KSRTC","osm_id":4476081690}},{"type":"Feature","geometry":{"type":"Point","coordinates":[77.5808539,12.8661088]},"properties":{"name":"Jambu Savari Bus Stop","operator":"BMTC","osm_id":4529626639}},{"type":"Feature","geometry":{"type":"Point","coordinates":[77.5563325,12.9987017]},"properties":{"name":"Mariyappanapalya","operator":"BMTC","osm_id":4544407101}},{"type":"Feature","geometry":{"type":"Point","coordinates":[77.5605489,12.9973205]},"properties":{"name":"Harishchandra Ghat","operator":"BMTC","osm_id":4544407102}},{"type":"Feature","geometry":{"type":"Point","coordinates":[77.5641444,12.9964744]},"properties":{"name":"Devaiah Park","operator":"BMTC","osm_id":4544407103}},{"type":"Feature","geometry":{"type":"Point","coordinates":[77.5439239,12.9065651]},"properties":{"name":"Uttarahalli Bus Stop","operator":"BMTC","osm_id":4546027020}},{"type":"Feature","geometry":{"type":"Point","coordinates":[77.5434579,12.9540706]},"properties":{"name":"MCTC Bus Stand","operator":"BMTC","osm_id":4546441991}},{"type":"Feature","geometry":{"type":"Point","coordinates":[77.6148215,13.0267836]},"properties":{"name":"Shampura","operator":"BMTC","osm_id":4561048055}},{"type":"Feature","geometry":{"type":"Point","coordinates":[77.6399034,12.9459816]},"properties":{"name":"Military Bridge","operator":"BMTC","osm_id":4595656668}},{"type":"Feature","geometry":{"type":"Point","coordinates":[77.6252988,12.9749342]},"properties":{"name":"Halasur Police Station","operator":"BMTC","osm_id":4595656669}},{"type":"Feature","geometry":{"type":"Point","coordinates":[77.5945057,13.0009891]},"properties":{"name":"Jayamahal","operator":"BMTC","osm_id":4597940321}},{"type":"Feature","geometry":{"type":"Point","coordinates":[77.5936153,13.0039917]},"properties":{"name":"JC Nagara","operator":"BMTC","osm_id":4597940322}},{"type":"Feature","geometry":{"type":"Point","coordinates":[77.5909431,13.0093395]},"properties":{"name":"TV Tower","operator":"BMTC","osm_id":4597940323}},{"type":"Feature","geometry":{"type":"Point","coordinates":[77.5853285,13.0144232]},"properties":{"name":"Mekhri Circle","operator":"BMTC","osm_id":4597940324}},{"type":"Feature","geometry":{"type":"Point","coordinates":[77.5556415,13.0860471]},"properties":{"name":"Jelly Machine Yalahanka","operator":"BMTC","osm_id":4601120856}},{"type":"Feature","geometry":{"type":"Point","coordinates":[77.5491147,12.9785419]},"properties":{"name":"Aralimara Industrial Area Rajajinagara","operator":"BMTC","osm_id":4601343008}},{"type":"Feature","geometry":{"type":"Point","coordinates":[77.4867183,12.9284785]},"properties":{"name":"Kengeri Church","operator":"BMTC","osm_id":4601343009}},{"type":"Feature","geometry":{"type":"Point","coordinates":[77.5790095,13.0956488]},"properties":{"name":"Yelahanka New Town","operator":"BMTC","osm_id":4601356662}},{"type":"Feature","geometry":{"type":"Point","coordinates":[77.5333112,12.9528]},"properties":{"name":"Netaji layout","operator":"BMTC","osm_id":4620010689}},{"type":"Feature","geometry":{"type":"Point","coordinates":[77.486315,12.9855649]},"properties":{"name":"East West College Cross","operator":"BMTC","osm_id":4692323122}},{"type":"Feature","geometry":{"type":"Point","coordinates":[77.5973772,12.9168983]},"properties":{"name":"East end Jayanagara","operator":"BMTC","osm_id":4701346477}},{"type":"Feature","geometry":{"type":"Point","coordinates":[77.6025003,12.8774812]},"properties":{"name":"Hulimavu Bus Stop","operator":"BMTC","osm_id":4702679392}},{"type":"Feature","geometry":{"type":"Point","coordinates":[77.6583704,12.9716813]},"properties":{"name":"BEML Gate","operator":"BMTC","osm_id":4703733899}},{"type":"Feature","geometry":{"type":"Point","coordinates":[77.5630417,13.0213924]},"properties":{"name":"Yeshwanthapura Ayyappa Temple","operator":"BMTC","osm_id":4746793598}},{"type":"Feature","geometry":{"type":"Point","coordinates":[77.641275,12.9055448]},"properties":{"name":"Yellukunte","operator":"BMTC","osm_id":4746793599}},{"type":"Feature","geometry":{"type":"Point","coordinates":[77.7150498,12.9380638]},"properties":{"name":"Yellappa Reddy House Panathur","operator":"BMTC","osm_id":4746793600}},{"type":"Feature","geometry":{"type":"Point","coordinates":[77.644363,13.0098408]},"properties":{"name":"Maruthi School","operator":"BMTC","osm_id":4782442005}},{"type":"Feature","geometry":{"type":"Point","coordinates":[77.4998133,12.9523032]},"properties":{"name":"University Quarters","operator":"BMTC","osm_id":4792982256}},{"type":"Feature","geometry":{"type":"Point","coordinates":[77.6342557,12.9164426]},"properties":{"name":"HSR Layout BDA Complex","operator":"BMTC","osm_id":4817968340}},{"type":"Feature","geometry":{"type":"Point","coordinates":[77.6349949,12.9161591]},"properties":{"name":"HSR Layout BDA Complex","operator":"BMTC","osm_id":4817968427}},{"type":"Feature","geometry":{"type":"Point","coordinates":[77.5929482,12.9576303]},"properties":{"name":"KH Road","operator":"BMTC","osm_id":4843099635}},{"type":"Feature","geometry":{"type":"Point","coordinates":[77.6106288,12.9717925]},"properties":{"name":"Mayo Hall","operator":"BMTC","osm_id":4846787925}},{"type":"Feature","geometry":{"type":"Point","coordinates":[77.6149468,12.9687541]},"properties":{"name":"D. I. G. Office","operator":"BMTC","osm_id":4846789823}},{"type":"Feature","geometry":{"type":"Point","coordinates":[77.5498201,12.9737848]},"properties":{"name":"Magadi Road Tollgate","operator":"BMTC","osm_id":4877306421}},{"type":"Feature","geometry":{"type":"Point","coordinates":[77.5541859,13.0330976]},"properties":{"name":"Chowdeshwari Bus Stand JP Park","operator":"BMTC","osm_id":4905822413}},{"type":"Feature","geometry":{"type":"Point","coordinates":[77.597601,12.9842095]},"properties":{"name":"Indian Express","operator":"BMTC","osm_id":4905837941}},{"type":"Feature","geometry":{"type":"Point","coordinates":[77.6685494,12.9963228]},"properties":{"name":"Tin Factory","operator":"BMTC","osm_id":4931120486}},{"type":"Feature","geometry":{"type":"Point","coordinates":[77.5540526,12.9836286]},"properties":{"name":"Bhasyam Circle (Towards Magadi Road Toll Gate)","operator":"BMTC","osm_id":4935019449}},{"type":"Feature","geometry":{"type":"Point","coordinates":[77.6077057,13.0197859]},"properties":{"name":"Kaval Byrasandra","operator":"BMTC","osm_id":4936398410}},{"type":"Feature","geometry":{"type":"Point","coordinates":[77.5931584,13.0249689]},"properties":{"name":"Rabindranath Tagore Nagar Police Station","operator":"BMTC","osm_id":4936398411}},{"type":"Feature","geometry":{"type":"Point","coordinates":[77.5432757,13.0096257]},"properties":{"name":"Ganesha Temple","operator":"BMTC","osm_id":4937191685}},{"type":"Feature","geometry":{"type":"Point","coordinates":[77.5689657,12.9967644]},"properties":{"name":"Malleshwaram Circle","operator":"BMTC","osm_id":4937191686}},{"type":"Feature","geometry":{"type":"Point","coordinates":[77.5074495,12.9606356]},"properties":{"name":"Vinayaka Layout Nagarbhavi","operator":"BMTC","osm_id":4937207721}},{"type":"Feature","geometry":{"type":"Point","coordinates":[77.5099767,12.9609998]},"properties":{"name":"NGEF Layout Nagarbhavi","operator":"BMTC","osm_id":4937207722}},{"type":"Feature","geometry":{"type":"Point","coordinates":[77.5712229,13.0049922]},"properties":{"name":"Malleshwaram 15th Cross","operator":"BMTC","osm_id":4937863371}},{"type":"Feature","geometry":{"type":"Point","coordinates":[77.5712723,13.00285]},"properties":{"name":"Bus Stop","operator":"BMTC","osm_id":4937863372}},{"type":"Feature","geometry":{"type":"Point","coordinates":[77.5713903,12.9977319]},"properties":{"name":"Malleswaram Circle","operator":"BMTC","osm_id":4937863375}},{"type":"Feature","geometry":{"type":"Point","coordinates":[77.6422736,13.0632906]},"properties":{"name":"K Narayanapura","operator":"BMTC","osm_id":4973098307}},{"type":"Feature","geometry":{"type":"Point","coordinates":[77.4896129,12.9266638]},"properties":{"name":"Kaniminike","operator":"BMTC","osm_id":5114101551}},{"type":"Feature","geometry":{"type":"Point","coordinates":[77.4956586,12.9361821]},"properties":{"name":"Pepsi Gate","operator":"BMTC","osm_id":5114101553}},{"type":"Feature","geometry":{"type":"Point","coordinates":[77.4925848,12.930044]},"properties":{"name":"Swaminarayana Gurukul","operator":"BMTC","osm_id":5114101557}},{"type":"Feature","geometry":{"type":"Point","coordinates":[77.4845731,12.9212627]},"properties":{"name":"Kanaminaki Colony","operator":"BMTC","osm_id":5114101564}},{"type":"Feature","geometry":{"type":"Point","coordinates":[77.5595422,12.8924991]},"properties":{"name":"Sharadanagara","operator":"BMTC","osm_id":5115834852}},{"type":"Feature","geometry":{"type":"Point","coordinates":[77.6933397,12.9677471]},"properties":{"name":"Doddanekkundi Main Bus Stop","operator":"BMTC","osm_id":5123966866}},{"type":"Feature","geometry":{"type":"Point","coordinates":[77.6019903,12.9918654]},"properties":{"name":"Bamboo Bazar","operator":"BMTC","osm_id":5174903786}},{"type":"Feature","geometry":{"type":"Point","coordinates":[77.5597173,13.0175732]},"properties":{"name":"Yeshwanthpura Circle","operator":"BMTC","osm_id":5174994722}},{"type":"Feature","geometry":{"type":"Point","coordinates":[77.5821894,12.936571]},"properties":{"name":"Bus Stop","operator":"BMTC","osm_id":5234741873}},{"type":"Feature","geometry":{"type":"Point","coordinates":[77.5929282,12.9269688]},"properties":{"name":"Sanjay Gandhi Hospital","operator":"BMTC","osm_id":5234788060}},{"type":"Feature","geometry":{"type":"Point","coordinates":[77.5628811,12.9489537]},"properties":{"name":"Gavigangadeshwara Temple","operator":"BMTC","osm_id":5250142963}},{"type":"Feature","geometry":{"type":"Point","coordinates":[77.5681771,12.9655782]},"properties":{"name":"Binny Mill","operator":"BMTC","osm_id":5256079585}},{"type":"Feature","geometry":{"type":"Point","coordinates":[77.4879509,12.9044751]},"properties":{"name":"Kodipalya","operator":"BMTC","osm_id":5256079588}},{"type":"Feature","geometry":{"type":"Point","coordinates":[77.4856871,12.8897814]},"properties":{"name":"Konasandra","operator":"BMTC","osm_id":5256079589}},{"type":"Feature","geometry":{"type":"Point","coordinates":[77.5680457,12.9604106]},"properties":{"name":"Royan Circle","operator":"BMTC","osm_id":5265674077}},{"type":"Feature","geometry":{"type":"Point","coordinates":[77.5837175,13.020308]},"properties":{"name":"Mekhri Circle","operator":"BMTC","osm_id":5269791606}},{"type":"Feature","geometry":{"type":"Point","coordinates":[77.5891333,13.0383119]},"properties":{"name":"Hebbala","operator":"BMTC","osm_id":5269791616}},{"type":"Feature","geometry":{"type":"Point","coordinates":[77.6571688,12.8359981]},"properties":{"name":"Electronic City Wipro Main Gate","operator":"BMTC","osm_id":5279552026}},{"type":"Feature","geometry":{"type":"Point","coordinates":[77.5428551,12.9433231]},"properties":{"name":"Avalahalli B.D.A. Park","operator":"BMTC","osm_id":5303068062}},{"type":"Feature","geometry":{"type":"Point","coordinates":[77.5840184,13.0200459]},"properties":{"name":"Mekhri Circle","operator":"BMTC","osm_id":5303347171}},{"type":"Feature","geometry":{"type":"Point","coordinates":[77.5890628,13.0383248]},"properties":{"name":"Hebbala","operator":"BMTC","osm_id":5303349399}},{"type":"Feature","geometry":{"type":"Point","coordinates":[77.5896159,13.0388971]},"properties":{"name":"Hebbala","operator":"BMTC","osm_id":5303349404}},{"type":"Feature","geometry":{"type":"Point","coordinates":[77.6775679,12.9646789]},"properties":{"name":"Vibhuthipura Samudaya Bhavana","operator":"BMTC","osm_id":5318035151}},{"type":"Feature","geometry":{"type":"Point","coordinates":[77.6040339,13.0264895]},"properties":{"name":"Shaji Stores","operator":"BMTC","osm_id":5329386293}},{"type":"Feature","geometry":{"type":"Point","coordinates":[77.5717391,12.9897994]},"properties":{"name":"Central","operator":"BMTC","osm_id":5331055872}},{"type":"Feature","geometry":{"type":"Point","coordinates":[77.5857758,12.9771006]},"properties":{"name":"Maharani College, KR Circle","operator":"BMTC","osm_id":5335240455}},{"type":"Feature","geometry":{"type":"Point","coordinates":[77.585937,12.9770355]},"properties":{"name":"Maharani College, KR Circle","operator":"BMTC","osm_id":5335240457}},{"type":"Feature","geometry":{"type":"Point","coordinates":[77.5858067,12.97713]},"properties":{"name":"Maharani College, KR Circle","operator":"BMTC","osm_id":5335240458}},{"type":"Feature","geometry":{"type":"Point","coordinates":[77.5856838,12.9772091]},"properties":{"name":"Maharani College, KR Circle","operator":"BMTC","osm_id":5335240459}},{"type":"Feature","geometry":{"type":"Point","coordinates":[77.660299,12.9593064]},"properties":{"name":"Konena Agrahara","operator":"BMTC","osm_id":5338944222}},{"type":"Feature","geometry":{"type":"Point","coordinates":[77.6423972,13.0138]},"properties":{"name":"Patel Public School Kalyananagar","operator":"BMTC","osm_id":5346830755}},{"type":"Feature","geometry":{"type":"Point","coordinates":[77.6382402,12.9832999]},"properties":{"name":"Binnamangala","operator":"BMTC","osm_id":5349452121}},{"type":"Feature","geometry":{"type":"Point","coordinates":[77.7286194,12.892395]},"properties":{"name":"Sulikunte","operator":"BMTC","osm_id":5357243618}},{"type":"Feature","geometry":{"type":"Point","coordinates":[77.5676519,12.9488622]},"properties":{"name":"Ramakrishna Ashrama, Gavipuram Extention","operator":"BMTC","osm_id":5358355670}},{"type":"Feature","geometry":{"type":"Point","coordinates":[77.6336571,13.0277371]},"properties":{"name":"Hennur Cross","operator":"BMTC","osm_id":5358365861}},{"type":"Feature","geometry":{"type":"Point","coordinates":[77.7578876,12.9944997]},"properties":{"name":"Kadugodi Bridge","operator":"BMTC","osm_id":5423028222}},{"type":"Feature","geometry":{"type":"Point","coordinates":[77.5544693,13.0070245]},"properties":{"name":"St. Theresa Hospital","operator":"BMTC","osm_id":5443311197}},{"type":"Feature","geometry":{"type":"Point","coordinates":[77.6431454,12.985161]},"properties":{"name":"Isolation Hospital","operator":"BMTC","osm_id":5484216821}},{"type":"Feature","geometry":{"type":"Point","coordinates":[77.643204,12.9849152]},"properties":{"name":"Isolation Hospital","operator":"BMTC","osm_id":5484216822}},{"type":"Feature","geometry":{"type":"Point","coordinates":[77.6450173,12.9859219]},"properties":{"name":"Swami Vivekananda Road","operator":"BMTC","osm_id":5484245021}},{"type":"Feature","geometry":{"type":"Point","coordinates":[77.6942632,12.9715778]},"properties":{"name":"Doddanekundi Bus Stand","operator":"BMTC","osm_id":5503164663}},{"type":"Feature","geometry":{"type":"Point","coordinates":[77.5541668,13.0330842]},"properties":{"name":"Bus Stop","operator":"BMTC","osm_id":5558663784}},{"type":"Feature","geometry":{"type":"Point","coordinates":[77.5797426,13.0059264]},"properties":{"name":"Bashayam Circle","operator":"BMTC","osm_id":5558663785}},{"type":"Feature","geometry":{"type":"Point","coordinates":[77.5689512,13.0086309]},"properties":{"name":"Bus Stop","operator":"BMTC","osm_id":5558663787}},{"type":"Feature","geometry":{"type":"Point","coordinates":[77.5204655,12.9521645]},"properties":{"name":"Bus Stop","operator":"BMTC","osm_id":5558663803}},{"type":"Feature","geometry":{"type":"Point","coordinates":[77.4842292,12.9104347]},"properties":{"name":"Kengeri Police Station","operator":"BMTC","osm_id":5558684064}},{"type":"Feature","geometry":{"type":"Point","coordinates":[77.4995152,12.925426]},"properties":{"name":"RV College","operator":"BMTC","osm_id":5558684066}},{"type":"Feature","geometry":{"type":"Point","coordinates":[77.5056286,12.9298249]},"properties":{"name":"Jayaram Das Factory","operator":"BMTC","osm_id":5558684067}},{"type":"Feature","geometry":{"type":"Point","coordinates":[77.6638418,12.9856584]},"properties":{"name":"CV Raman Nagara","operator":"BMTC","osm_id":5558684072}},{"type":"Feature","geometry":{"type":"Point","coordinates":[77.510692,12.9796252]},"properties":{"name":"Nagarabhavi BDA Complex","operator":"BMTC","osm_id":5558684081}},{"type":"Feature","geometry":{"type":"Point","coordinates":[77.5107812,12.9796016]},"properties":{"name":"Nagarabhavi BDA Complex","operator":"BMTC","osm_id":5558684082}},{"type":"Feature","geometry":{"type":"Point","coordinates":[77.5186287,12.958108]},"properties":{"name":"Nagarbhavi Circle","operator":"BMTC","osm_id":5558684085}},{"type":"Feature","geometry":{"type":"Point","coordinates":[77.5566758,13.0178271]},"properties":{"name":"Yeshwanthapura TTMC","operator":"BMTC","osm_id":5558684091}},{"type":"Feature","geometry":{"type":"Point","coordinates":[77.5750888,12.9612109]},"properties":{"name":"KR Market","operator":"BMTC","osm_id":5558684094}},{"type":"Feature","geometry":{"type":"Point","coordinates":[77.5923304,12.9195745]},"properties":{"name":"Jayanagar 9th Block","operator":"BMTC","osm_id":5558684099}},{"type":"Feature","geometry":{"type":"Point","coordinates":[77.5923385,12.919785]},"properties":{"name":"Jayanagar 9th Block","operator":"BMTC","osm_id":5558684100}},{"type":"Feature","geometry":{"type":"Point","coordinates":[77.5504068,13.0231404]},"properties":{"name":"Yeshwanthapura Railway Station","operator":"BMTC","osm_id":5558684101}},{"type":"Feature","geometry":{"type":"Point","coordinates":[77.6212546,12.9169444]},"properties":{"name":"Central Silk Board (Towards Madivala)","operator":"BMTC","osm_id":5558684110}},{"type":"Feature","geometry":{"type":"Point","coordinates":[77.5068223,13.0108926]},"properties":{"name":"Peenya 2nd Stage","operator":"BMTC","osm_id":5558684122}},{"type":"Feature","geometry":{"type":"Point","coordinates":[77.607685,13.0196871]},"properties":{"name":"Kaval Byrasandra","operator":"BMTC","osm_id":5559151361}},{"type":"Feature","geometry":{"type":"Point","coordinates":[77.6076981,13.019702]},"properties":{"name":"Kaval Byrasandra","operator":"BMTC","osm_id":5559151362}},{"type":"Feature","geometry":{"type":"Point","coordinates":[77.5354816,12.9590718]},"properties":{"name":"Hampinagara Bus Stand","operator":"BMTC","osm_id":5559151375}},{"type":"Feature","geometry":{"type":"Point","coordinates":[77.5356684,12.9586983]},"properties":{"name":"Hampinagara Bus Stand","operator":"BMTC","osm_id":5559151376}},{"type":"Feature","geometry":{"type":"Point","coordinates":[77.7520314,12.9839364]},"properties":{"name":"Hope Farm","operator":"BMTC","osm_id":5559661186}},{"type":"Feature","geometry":{"type":"Point","coordinates":[77.5906692,12.9678731]},"properties":{"name":"Hudson Circle","operator":"BMTC","osm_id":5560544561}},{"type":"Feature","geometry":{"type":"Point","coordinates":[77.5924578,12.95445]},"properties":{"name":"Shantinagara TTMC","operator":"BMTC","osm_id":5560544562}},{"type":"Feature","geometry":{"type":"Point","coordinates":[77.6664747,12.9752858]},"properties":{"name":"GM Palya","operator":"BMTC","osm_id":5581917472}},{"type":"Feature","geometry":{"type":"Point","coordinates":[77.5568187,12.98458]},"properties":{"name":"Rajajinagar Entrance","operator":"BMTC","osm_id":5623433279}},{"type":"Feature","geometry":{"type":"Point","coordinates":[77.5630839,12.9964592]},"properties":{"name":"Devaiah Park","operator":"BMTC","osm_id":5631070486}},{"type":"Feature","geometry":{"type":"Point","coordinates":[77.5564195,12.9984707]},"properties":{"name":"Mariyappanapalya","operator":"BMTC","osm_id":5631070487}},{"type":"Feature","geometry":{"type":"Point","coordinates":[77.5261972,13.0155385]},"properties":{"name":"Lakshmidevi Nagara","operator":"BMTC","osm_id":5631070488}},{"type":"Feature","geometry":{"type":"Point","coordinates":[77.560085,12.9973239]},"properties":{"name":"Harishchandra Ghat","operator":"BMTC","osm_id":5631070489}},{"type":"Feature","geometry":{"type":"Point","coordinates":[77.5270556,13.0213819]},"properties":{"name":"Kanteerava Nagar","operator":"BMTC","osm_id":5631070490}},{"type":"Feature","geometry":{"type":"Point","coordinates":[77.5237107,13.0155714]},"properties":{"name":"Vidhanasoudha Layout","operator":"BMTC","osm_id":5631070491}},{"type":"Feature","geometry":{"type":"Point","coordinates":[77.54878,13.005145]},"properties":{"name":"Rajaji Nagar 1st Block","operator":"BMTC","osm_id":5631070492}},{"type":"Feature","geometry":{"type":"Point","coordinates":[77.5974026,12.9838702]},"properties":{"name":"Indian Express","operator":"BMTC","osm_id":5631070493}},{"type":"Feature","geometry":{"type":"Point","coordinates":[77.5432274,13.0096341]},"properties":{"name":"Ganesha Temple","operator":"BMTC","osm_id":5631070494}},{"type":"Feature","geometry":{"type":"Point","coordinates":[77.5789129,12.9868763]},"properties":{"name":"Shivananda Stores","operator":"BMTC","osm_id":5631070495}},{"type":"Feature","geometry":{"type":"Point","coordinates":[77.5689626,12.996754]},"properties":{"name":"Malleshwaram Circle","operator":"BMTC","osm_id":5631070496}},{"type":"Feature","geometry":{"type":"Point","coordinates":[77.5261915,13.0188496]},"properties":{"name":"Sanjay Gandhi Nagar","operator":"BMTC","osm_id":5631070497}},{"type":"Feature","geometry":{"type":"Point","coordinates":[77.5438333,13.0119095]},"properties":{"name":"Mahalakshmi Layout","operator":"BMTC","osm_id":5631070498}},{"type":"Feature","geometry":{"type":"Point","coordinates":[77.5743237,12.9878013]},"properties":{"name":"Swastik Sheshadripuram College","operator":"BMTC","osm_id":5631070500}},{"type":"Feature","geometry":{"type":"Point","coordinates":[77.5808479,13.0425659]},"properties":{"name":"Bhoopasandra","operator":"BMTC","osm_id":5631085170}},{"type":"Feature","geometry":{"type":"Point","coordinates":[77.5774226,13.0308677]},"properties":{"name":"Geddalahalli","operator":"BMTC","osm_id":5631085171}},{"type":"Feature","geometry":{"type":"Point","coordinates":[77.5796828,13.0270943]},"properties":{"name":"Ashwath Nagar","operator":"BMTC","osm_id":5631085172}},{"type":"Feature","geometry":{"type":"Point","coordinates":[77.5731723,13.0425171]},"properties":{"name":"Nagashettyhalli","operator":"BMTC","osm_id":5631085173}},{"type":"Feature","geometry":{"type":"Point","coordinates":[77.5378334,12.9717228]},"properties":{"name":"Vijaynagara","operator":"BMTC","osm_id":5631085174}},{"type":"Feature","geometry":{"type":"Point","coordinates":[77.5728595,13.0149314]},"properties":{"name":"Sadashivanagara Police Station","operator":"BMTC","osm_id":5631085175}},{"type":"Feature","geometry":{"type":"Point","coordinates":[77.5384824,12.9919357]},"properties":{"name":"Kamalanagar 8th Main","operator":"BMTC","osm_id":5631085176}},{"type":"Feature","geometry":{"type":"Point","coordinates":[77.575649,13.0344079]},"properties":{"name":"Sanjay Nagara","operator":"BMTC","osm_id":5631085177}},{"type":"Feature","geometry":{"type":"Point","coordinates":[77.5416176,12.9990352]},"properties":{"name":"Shankar Mutt","operator":"BMTC","osm_id":5631085178}},{"type":"Feature","geometry":{"type":"Point","coordinates":[77.5489491,12.9974984]},"properties":{"name":"Navarang Theatre","operator":"BMTC","osm_id":5631085179}},{"type":"Feature","geometry":{"type":"Point","coordinates":[77.5458814,12.9973955]},"properties":{"name":"Modi Hospital","operator":"BMTC","osm_id":5631085180}},{"type":"Feature","geometry":{"type":"Point","coordinates":[77.5743977,13.0375322]},"properties":{"name":"RMS Sanjaynagara","operator":"BMTC","osm_id":5631085182}},{"type":"Feature","geometry":{"type":"Point","coordinates":[77.5363051,12.9676387]},"properties":{"name":"Maruthi Mandira","operator":"BMTC","osm_id":5631085183}},{"type":"Feature","geometry":{"type":"Point","coordinates":[77.5406823,12.9790631]},"properties":{"name":"Agrahara Dasarahalli","operator":"BMTC","osm_id":5631085184}},{"type":"Feature","geometry":{"type":"Point","coordinates":[77.5716435,13.0271914]},"properties":{"name":"MS Ramaiah Hospital","operator":"BMTC","osm_id":5631085185}},{"type":"Feature","geometry":{"type":"Point","coordinates":[77.6630102,12.849798]},"properties":{"name":"Bus Stop","operator":"BMTC","osm_id":5631135849}},{"type":"Feature","geometry":{"type":"Point","coordinates":[77.6649677,12.8455152]},"properties":{"name":"State Bank of India","operator":"BMTC","osm_id":5631135851}},{"type":"Feature","geometry":{"type":"Point","coordinates":[77.6762556,12.9998249]},"properties":{"name":"KR Puram Railway Station","operator":"BMTC","osm_id":5631135853}},{"type":"Feature","geometry":{"type":"Point","coordinates":[77.6431797,13.0242046]},"properties":{"name":"HRBR Layout Cross","operator":"BMTC","osm_id":5631135854}},{"type":"Feature","geometry":{"type":"Point","coordinates":[77.5734953,12.9014789]},"properties":{"name":"Jaraganahalli Cross","operator":"BMTC","osm_id":5631196660}},{"type":"Feature","geometry":{"type":"Point","coordinates":[77.5669172,12.8854267]},"properties":{"name":"Konanakunte","operator":"BMTC","osm_id":5631196661}},{"type":"Feature","geometry":{"type":"Point","coordinates":[77.5664556,12.8728036]},"properties":{"name":"Avalahalli","operator":"BMTC","osm_id":5631196662}},{"type":"Feature","geometry":{"type":"Point","coordinates":[77.7151783,12.9918889]},"properties":{"name":"Hoodi Circle","operator":"BMTC","osm_id":5631196665}},{"type":"Feature","geometry":{"type":"Point","coordinates":[77.7017324,12.9938399]},"properties":{"name":"Garudachar Palya","operator":"BMTC","osm_id":5631196666}},{"type":"Feature","geometry":{"type":"Point","coordinates":[77.5670399,12.8763324]},"properties":{"name":"Glass Factory","operator":"BMTC","osm_id":5631196667}},{"type":"Feature","geometry":{"type":"Point","coordinates":[77.5687665,12.8944811]},"properties":{"name":"Metro Konanakunte","operator":"BMTC","osm_id":5631196668}},{"type":"Feature","geometry":{"type":"Point","coordinates":[77.5714561,12.8973375]},"properties":{"name":"Yelachenahalli","operator":"BMTC","osm_id":5631196669}},{"type":"Feature","geometry":{"type":"Point","coordinates":[77.5643128,12.8902129]},"properties":{"name":"Konanakunte Cross","operator":"BMTC","osm_id":5631196670}},{"type":"Feature","geometry":{"type":"Point","coordinates":[77.5612276,12.8739977]},"properties":{"name":"Avalahalli BDA Layout Cross","operator":"BMTC","osm_id":5631196671}},{"type":"Feature","geometry":{"type":"Point","coordinates":[77.5660649,12.8828951]},"properties":{"name":"Konanakunte Reliance Fresh","operator":"BMTC","osm_id":5631196672}},{"type":"Feature","geometry":{"type":"Point","coordinates":[77.5673463,12.879171]},"properties":{"name":"Hari Nagara Cross","operator":"BMTC","osm_id":5631196673}},{"type":"Feature","geometry":{"type":"Point","coordinates":[77.5729938,12.9109221]},"properties":{"name":"Sarakki","operator":"BMTC","osm_id":5631196674}},{"type":"Feature","geometry":{"type":"Point","coordinates":[77.5384272,12.9650329]},"properties":{"name":"Park","operator":"BMTC","osm_id":5678058123}},{"type":"Feature","geometry":{"type":"Point","coordinates":[77.5418338,12.9642587]},"properties":{"name":"Devsathanam","operator":"BMTC","osm_id":5678058125}},{"type":"Feature","geometry":{"type":"Point","coordinates":[77.6561681,13.0648862]},"properties":{"name":"Bus Stop","operator":"BMTC","osm_id":5678967721}},{"type":"Feature","geometry":{"type":"Point","coordinates":[77.6112422,12.973855]},"properties":{"name":"Mayo Hall","operator":"BMTC","osm_id":5727066678}},{"type":"Feature","geometry":{"type":"Point","coordinates":[77.5881153,12.9965031]},"properties":{"name":"Forum City Apartment","operator":"BMTC","osm_id":5758590388}},{"type":"Feature","geometry":{"type":"Point","coordinates":[77.5776936,12.999259]},"properties":{"name":"Vyalikaval","operator":"BMTC","osm_id":5758648716}},{"type":"Feature","geometry":{"type":"Point","coordinates":[77.5590301,12.9601734]},"properties":{"name":"Sirsi Circle","operator":"BMTC","osm_id":5759778551}},{"type":"Feature","geometry":{"type":"Point","coordinates":[77.5772027,12.9601936]},"properties":{"name":"Krishnarajendra Market (Kalasipalya)","operator":"Bengaluru Metropolitan Transport Corporation","osm_id":5759793056}},{"type":"Feature","geometry":{"type":"Point","coordinates":[77.6215009,12.9514792]},"properties":{"name":"Ravi Tent","operator":"BMTC","osm_id":5772182583}},{"type":"Feature","geometry":{"type":"Point","coordinates":[77.6840894,12.9108329]},"properties":{"name":"Moori Gate","operator":"BMTC","osm_id":5776596084}},{"type":"Feature","geometry":{"type":"Point","coordinates":[77.6777603,12.9140233]},"properties":{"name":"Kaikondrahalli","operator":"BMTC","osm_id":5776678179}},{"type":"Feature","geometry":{"type":"Point","coordinates":[77.6845265,12.9108921]},"properties":{"name":"Moori Gate","operator":"BMTC","osm_id":5776699920}},{"type":"Feature","geometry":{"type":"Point","coordinates":[77.695445,12.9071179]},"properties":{"name":"Doddakannali","operator":"BMTC","osm_id":5777277380}},{"type":"Feature","geometry":{"type":"Point","coordinates":[77.6954731,12.9073774]},"properties":{"name":"Doddakannali","operator":"BMTC","osm_id":5777277381}},{"type":"Feature","geometry":{"type":"Point","coordinates":[77.6630914,12.9212928]},"properties":{"name":"Ibbaluru","operator":"Bengaluru Metro Transport Corporation","osm_id":5778351796}},{"type":"Feature","geometry":{"type":"Point","coordinates":[77.6201392,12.9487326]},"properties":{"name":"National Games","operator":"BMTC","osm_id":5803875104}},{"type":"Feature","geometry":{"type":"Point","coordinates":[77.6247519,12.9407094]},"properties":{"name":"Koramangala Depot","operator":"BMTC","osm_id":5803896296}},{"type":"Feature","geometry":{"type":"Point","coordinates":[77.5380702,12.995269]},"properties":{"name":"Kamalanagar Water Tank","operator":"BMTC","osm_id":5825299919}},{"type":"Feature","geometry":{"type":"Point","coordinates":[77.5299195,12.9464096]},"properties":{"name":"Mysore Road Metro","operator":"BMTC","osm_id":5855543777}},{"type":"Feature","geometry":{"type":"Point","coordinates":[77.6325545,12.9069208]},"properties":{"name":"Salarpuria Serenity","operator":"BMTC","osm_id":5928050269}},{"type":"Feature","geometry":{"type":"Point","coordinates":[77.6028013,12.8768645]},"properties":{"name":"Hulimavu Bus Stop","operator":"BMTC","osm_id":5948662290}},{"type":"Feature","geometry":{"type":"Point","coordinates":[77.6250809,12.8851411]},"properties":{"name":"Canara Bank Bus Stop","operator":"BMTC","osm_id":5954958473}},{"type":"Feature","geometry":{"type":"Point","coordinates":[77.6251035,12.8851471]},"properties":{"name":"Canara Bank Bus Stop","operator":"BMTC","osm_id":5954958474}},{"type":"Feature","geometry":{"type":"Point","coordinates":[77.6258799,12.8918009]},"properties":{"name":"Tent Bus Stop","operator":"BMTC","osm_id":5955006496}},{"type":"Feature","geometry":{"type":"Point","coordinates":[77.6259154,12.8917728]},"properties":{"name":"Tent Bus Stop","operator":"BMTC","osm_id":5955006497}},{"type":"Feature","geometry":{"type":"Point","coordinates":[77.624724,12.8820078]},"properties":{"name":"Vishwapriyanagar Bus Stop","operator":"BMTC","osm_id":5958980596}},{"type":"Feature","geometry":{"type":"Point","coordinates":[77.6247555,12.8820137]},"properties":{"name":"Vishwapriyanagar Bus Stop","operator":"BMTC","osm_id":5958980597}},{"type":"Feature","geometry":{"type":"Point","coordinates":[77.6274121,12.9027599]},"properties":{"name":"Deccan Bus Stop","operator":"BMTC","osm_id":5959651955}},{"type":"Feature","geometry":{"type":"Point","coordinates":[77.6273648,12.9027726]},"properties":{"name":"Deccan Bus Stop","operator":"BMTC","osm_id":5959651956}},{"type":"Feature","geometry":{"type":"Point","coordinates":[77.6265661,12.8982875]},"properties":{"name":"Kalyana Mantapa Bus Stop","operator":"BMTC","osm_id":5959651957}},{"type":"Feature","geometry":{"type":"Point","coordinates":[77.6264158,12.8982918]},"properties":{"name":"Kalyana Mantapa Bus Stop","operator":"BMTC","osm_id":5959651958}},{"type":"Feature","geometry":{"type":"Point","coordinates":[77.6517261,12.919574]},"properties":{"name":"Bus Stop","operator":"BMTC","osm_id":5961215399}},{"type":"Feature","geometry":{"type":"Point","coordinates":[77.6482304,13.0571707]},"properties":{"name":"Byrathi Cross","operator":"BMTC","osm_id":5966255505}},{"type":"Feature","geometry":{"type":"Point","coordinates":[77.6459505,13.0525889]},"properties":{"name":"K Narayanapura Cross","operator":"BMTC","osm_id":5966255506}},{"type":"Feature","geometry":{"type":"Point","coordinates":[77.6452772,13.0483573]},"properties":{"name":"Geddalahalli","operator":"BMTC","osm_id":5966255508}},{"type":"Feature","geometry":{"type":"Point","coordinates":[77.6246174,12.9261729]},"properties":{"name":"Koramangala CPWD Quarters","operator":"BMTC","osm_id":5983491272}},{"type":"Feature","geometry":{"type":"Point","coordinates":[77.6622127,12.9212489]},"properties":{"name":"Ibbaluru","operator":"BMTC","osm_id":5984858247}},{"type":"Feature","geometry":{"type":"Point","coordinates":[77.6270757,12.9371627]},"properties":{"name":"Sony World Signal","operator":"BMTC","osm_id":5993280674}},{"type":"Feature","geometry":{"type":"Point","coordinates":[77.6332701,12.9288024]},"properties":{"name":"Wipro Park","operator":"BMTC","osm_id":5993280677}},{"type":"Feature","geometry":{"type":"Point","coordinates":[77.7039978,12.9036289]},"properties":{"name":"Carmelaram Gate","operator":"BMTC","osm_id":5993281794}},{"type":"Feature","geometry":{"type":"Point","coordinates":[77.7059123,12.9089415]},"properties":{"name":"Carmelaram Railway Gate","operator":"BMTC","osm_id":5993281795}},{"type":"Feature","geometry":{"type":"Point","coordinates":[77.7509689,12.9770467]},"properties":{"name":"Ambedkar Nagar","operator":"BMTC","osm_id":5993281796}},{"type":"Feature","geometry":{"type":"Point","coordinates":[77.7132074,12.8991824]},"properties":{"name":"Ambedkar Nagara","operator":"BMTC","osm_id":5993281800}},{"type":"Feature","geometry":{"type":"Point","coordinates":[77.7520795,12.8834621]},"properties":{"name":"Dommasandra Circle","operator":"BMTC","osm_id":5993281813}},{"type":"Feature","geometry":{"type":"Point","coordinates":[77.7383009,12.8875188]},"properties":{"name":"Chandrapura Cross","operator":"BMTC","osm_id":5993281822}},{"type":"Feature","geometry":{"type":"Point","coordinates":[77.7615986,12.8794525]},"properties":{"name":"Chambenahalli Gate","operator":"BMTC","osm_id":5993281823}},{"type":"Feature","geometry":{"type":"Point","coordinates":[77.7590264,12.8808096]},"properties":{"name":"Chudenahalli","operator":"BMTC","osm_id":5993281824}},{"type":"Feature","geometry":{"type":"Point","coordinates":[77.7666186,12.8718101]},"properties":{"name":"Yamare","operator":"BMTC","osm_id":5993281825}},{"type":"Feature","geometry":{"type":"Point","coordinates":[77.7833272,12.8609579]},"properties":{"name":"Sarjapura Road Police Station","operator":"BMTC","osm_id":5993281827}},{"type":"Feature","geometry":{"type":"Point","coordinates":[77.7832623,12.8607642]},"properties":{"name":"Sarjapura Road Police Station","operator":"BMTC","osm_id":6017833785}},{"type":"Feature","geometry":{"type":"Point","coordinates":[77.7717946,12.862134]},"properties":{"name":"Somapura Gate","operator":"BMTC","osm_id":6017833786}},{"type":"Feature","geometry":{"type":"Point","coordinates":[77.7669184,12.8676932]},"properties":{"name":"Kristal Apartments","operator":"BMTC","osm_id":6017833787}},{"type":"Feature","geometry":{"type":"Point","coordinates":[77.7664552,12.8718349]},"properties":{"name":"Yamare","operator":"BMTC","osm_id":6017833788}},{"type":"Feature","geometry":{"type":"Point","coordinates":[77.7614654,12.8792035]},"properties":{"name":"Chambenahalli Gate","operator":"BMTC","osm_id":6017833789}},{"type":"Feature","geometry":{"type":"Point","coordinates":[77.7589147,12.880673]},"properties":{"name":"Chowdadevanahalli","operator":"BMTC","osm_id":6017833790}},{"type":"Feature","geometry":{"type":"Point","coordinates":[77.7521448,12.8831988]},"properties":{"name":"Dommasandra Circle","operator":"BMTC","osm_id":6017833791}},{"type":"Feature","geometry":{"type":"Point","coordinates":[77.7537112,12.8794231]},"properties":{"name":"Dommasandra","operator":"BMTC","osm_id":6017833792}},{"type":"Feature","geometry":{"type":"Point","coordinates":[77.7284877,12.8922637]},"properties":{"name":"Sulikunte","operator":"BMTC","osm_id":6017833794}},{"type":"Feature","geometry":{"type":"Point","coordinates":[77.7201192,12.8965674]},"properties":{"name":"Kodathi Gate","operator":"BMTC","osm_id":6017833795}},{"type":"Feature","geometry":{"type":"Point","coordinates":[77.71266,12.8991369]},"properties":{"name":"Ambedkar Nagara","operator":"BMTC","osm_id":6017833796}},{"type":"Feature","geometry":{"type":"Point","coordinates":[77.7039508,12.9034095]},"properties":{"name":"Carmelaram Gate","operator":"BMTC","osm_id":6017833797}},{"type":"Feature","geometry":{"type":"Point","coordinates":[77.7079872,12.9012706]},"properties":{"name":"Railway Gate","operator":"BMTC","osm_id":6017833798}},{"type":"Feature","geometry":{"type":"Point","coordinates":[77.6692843,12.9186297]},"properties":{"name":"Bellanduru Gate","operator":"BMTC","osm_id":6017833799}},{"type":"Feature","geometry":{"type":"Point","coordinates":[77.6507985,12.9243729]},"properties":{"name":"Agara","operator":"Bengaluru Metropolitan Transport Corporation","osm_id":6017833801}},{"type":"Feature","geometry":{"type":"Point","coordinates":[77.6331242,12.9288339]},"properties":{"name":"Wipro Park","operator":"BMTC","osm_id":6017833810}},{"type":"Feature","geometry":{"type":"Point","coordinates":[77.629689,12.934309]},"properties":{"name":"Maharaja Hotel","operator":"BMTC","osm_id":6017833811}},{"type":"Feature","geometry":{"type":"Point","coordinates":[77.6269756,12.9370632]},"properties":{"name":"Sony World Signal","operator":"BMTC","osm_id":6017833817}},{"type":"Feature","geometry":{"type":"Point","coordinates":[77.6241999,12.9410352]},"properties":{"name":"Koramangala Depot","operator":"BMTC","osm_id":6017833818}},{"type":"Feature","geometry":{"type":"Point","coordinates":[77.6205521,12.9443093]},"properties":{"name":"NDDA Koramangala","operator":"BMTC","osm_id":6017833819}},{"type":"Feature","geometry":{"type":"Point","coordinates":[77.6198203,12.9485137]},"properties":{"name":"Rajendranagar","operator":"BMTC","osm_id":6017833820}},{"type":"Feature","geometry":{"type":"Point","coordinates":[77.6213248,12.9515758]},"properties":{"name":"Ravi Tent","operator":"BMTC","osm_id":6017833821}},{"type":"Feature","geometry":{"type":"Point","coordinates":[77.6209726,12.9564029]},"properties":{"name":"Vannarapete","operator":"BMTC","osm_id":6017833822}},{"type":"Feature","geometry":{"type":"Point","coordinates":[77.6189542,12.9622462]},"properties":{"name":"ASC Center","operator":"BMTC","osm_id":6017833823}},{"type":"Feature","geometry":{"type":"Point","coordinates":[77.617609,12.9651914]},"properties":{"name":"Military Accounts Office","operator":"BMTC","osm_id":6017833825}},{"type":"Feature","geometry":{"type":"Point","coordinates":[77.6201638,12.9674547]},"properties":{"name":"Military Accounts Office","operator":"BMTC","osm_id":6017833826}},{"type":"Feature","geometry":{"type":"Point","coordinates":[77.5925974,12.9543826]},"properties":{"name":"Shanthi Nagara Bus Station","operator":"BMTC","osm_id":6019408108}},{"type":"Feature","geometry":{"type":"Point","coordinates":[77.5952172,12.9513296]},"properties":{"name":"Wilson Garden Police Station","operator":"BMTC","osm_id":6019408109}},{"type":"Feature","geometry":{"type":"Point","coordinates":[77.5978676,12.9470745]},"properties":{"name":"Wilson Garden 12th Cross","operator":"BMTC","osm_id":6019408110}},{"type":"Feature","geometry":{"type":"Point","coordinates":[77.6067276,12.9366126]},"properties":{"name":"Muneshwara Devasthana","operator":"BMTC","osm_id":6019408115}},{"type":"Feature","geometry":{"type":"Point","coordinates":[77.6225982,12.9269396]},"properties":{"name":"Koramangala Water Tank","operator":"BMTC","osm_id":6019408126}},{"type":"Feature","geometry":{"type":"Point","coordinates":[77.6349571,12.9251488]},"properties":{"name":"1st Block Koramangala","operator":"BMTC","osm_id":6019408129}},{"type":"Feature","geometry":{"type":"Point","coordinates":[77.7537542,12.8796214]},"properties":{"name":"Dommasandra","operator":"BMTC","osm_id":6021175565}},{"type":"Feature","geometry":{"type":"Point","coordinates":[77.6205992,12.9275643]},"properties":{"name":"Koramangala Water Tank","operator":"BMTC","osm_id":6021739947}},{"type":"Feature","geometry":{"type":"Point","coordinates":[77.56015,12.9993544]},"properties":{"name":"SBM Gayathri Nagara","operator":"BMTC","osm_id":6035864547}},{"type":"Feature","geometry":{"type":"Point","coordinates":[77.560217,12.9993492]},"properties":{"name":"SBM Gayathri Nagara","operator":"BMTC","osm_id":6035864548}},{"type":"Feature","geometry":{"type":"Point","coordinates":[77.5605496,13.0006565]},"properties":{"name":"Kodandarama","operator":"BMTC","osm_id":6035864549}},{"type":"Feature","geometry":{"type":"Point","coordinates":[77.5605992,13.0006337]},"properties":{"name":"Kodandarama","operator":"BMTC","osm_id":6035864550}},{"type":"Feature","geometry":{"type":"Point","coordinates":[77.5612959,13.0043604]},"properties":{"name":"Subramanyanagara","operator":"BMTC","osm_id":6035864551}},{"type":"Feature","geometry":{"type":"Point","coordinates":[77.5594546,13.0048243]},"properties":{"name":"Canara Bank Subramanyanagara","operator":"BMTC","osm_id":6035864552}},{"type":"Feature","geometry":{"type":"Point","coordinates":[77.5599387,13.0047903]},"properties":{"name":"Subramanya Nagar","operator":"BMTC","osm_id":6035864553}},{"type":"Feature","geometry":{"type":"Point","coordinates":[77.5566698,13.0054855]},"properties":{"name":"East West Public School","operator":"BMTC","osm_id":6035864554}},{"type":"Feature","geometry":{"type":"Point","coordinates":[77.5566839,13.0055456]},"properties":{"name":"East West Public School","operator":"BMTC","osm_id":6035864555}},{"type":"Feature","geometry":{"type":"Point","coordinates":[77.5536221,13.0034098]},"properties":{"name":"Police Station Subramanyanagara","operator":"BMTC","osm_id":6035864556}},{"type":"Feature","geometry":{"type":"Point","coordinates":[77.5525048,12.9760905]},"properties":{"name":"Prasanna Theatre","operator":"BMTC","osm_id":6078107786}},{"type":"Feature","geometry":{"type":"Point","coordinates":[77.7160837,12.9675956]},"properties":{"name":"Brookfields","operator":"BMTC","osm_id":6088214824}},{"type":"Feature","geometry":{"type":"Point","coordinates":[77.6999407,12.9569766]},"properties":{"name":"Marathahalli","operator":"BMTC","osm_id":6095249003}},{"type":"Feature","geometry":{"type":"Point","coordinates":[77.5717616,12.9784514]},"properties":{"name":"Platform 19D","operator":"BMTC","osm_id":6095308677}},{"type":"Feature","geometry":{"type":"Point","coordinates":[77.6191553,12.9455523]},"properties":{"name":"Passport Office","operator":"BMTC","osm_id":6132411337}},{"type":"Feature","geometry":{"type":"Point","coordinates":[77.6504337,12.9241919]},"properties":{"name":"Agara","operator":"BMTC","osm_id":6137283850}},{"type":"Feature","geometry":{"type":"Point","coordinates":[77.6158565,12.9295966]},"properties":{"name":"St. John's Hospital","operator":"BMTC","osm_id":6140712974}},{"type":"Feature","geometry":{"type":"Point","coordinates":[77.5739897,12.9768103]},"properties":{"name":"Platform 16","operator":"BMTC","osm_id":6140792126}},{"type":"Feature","geometry":{"type":"Point","coordinates":[77.4791883,12.9383153]},"properties":{"name":"Maruthi Nagara","operator":"BMTC","osm_id":6143206885}},{"type":"Feature","geometry":{"type":"Point","coordinates":[77.5982694,12.8906648]},"properties":{"name":"Arakere Gate","operator":"BMTC","osm_id":6152900007}},{"type":"Feature","geometry":{"type":"Point","coordinates":[77.7606414,13.0479162]},"properties":{"name":"Sannathammanahalli","operator":"BMTC","osm_id":6168012417}},{"type":"Feature","geometry":{"type":"Point","coordinates":[77.6402096,12.9783131]},"properties":{"name":"Indiranagar Police Station","operator":"BMTC","osm_id":6182576273}},{"type":"Feature","geometry":{"type":"Point","coordinates":[77.6517568,12.9920274]},"properties":{"name":"Baiyappanahalli Metro Station Back Gate","operator":"BMTC","osm_id":6195241716}},{"type":"Feature","geometry":{"type":"Point","coordinates":[77.5434236,12.930753]},"properties":{"name":"Hosakerehalli Junction","operator":"BMTC","osm_id":6210612231}},{"type":"Feature","geometry":{"type":"Point","coordinates":[77.5391681,12.933909]},"properties":{"name":"Dwaraka Nagara Hoskerehalli","operator":"BMTC","osm_id":6210612233}},{"type":"Feature","geometry":{"type":"Point","coordinates":[77.505114,12.9630231]},"properties":{"name":"Ambedkar Institute of Technology","operator":"BMTC","osm_id":6210612235}},{"type":"Feature","geometry":{"type":"Point","coordinates":[77.5329712,13.0225851]},"properties":{"name":"Kanteerva Studio","operator":"BMTC","osm_id":6210612237}},{"type":"Feature","geometry":{"type":"Point","coordinates":[77.5341117,13.0248514]},"properties":{"name":"Modern Food Goraguntepalya","operator":"BMTC","osm_id":6210612238}},{"type":"Feature","geometry":{"type":"Point","coordinates":[77.5531728,13.0437494]},"properties":{"name":"Muthyala Nagara","operator":"BMTC","osm_id":6210612240}},{"type":"Feature","geometry":{"type":"Point","coordinates":[77.5896831,13.0425879]},"properties":{"name":"Hebbala Bridge","operator":"BMTC","osm_id":6210612241}},{"type":"Feature","geometry":{"type":"Point","coordinates":[77.6623119,13.0111605]},"properties":{"name":"Channasandra","operator":"BMTC","osm_id":6210612242}},{"type":"Feature","geometry":{"type":"Point","coordinates":[77.6838192,12.9963436]},"properties":{"name":"B Narayanapura Ring Road","operator":"BMTC","osm_id":6210612243}},{"type":"Feature","geometry":{"type":"Point","coordinates":[77.687507,12.9914411]},"properties":{"name":"Mahadevapura Ring Road","operator":"BMTC","osm_id":6210612244}},{"type":"Feature","geometry":{"type":"Point","coordinates":[77.7015963,12.9606799]},"properties":{"name":"Marathahalli Bridge","operator":"BMTC","osm_id":6210612246}},{"type":"Feature","geometry":{"type":"Point","coordinates":[77.6437712,12.9205484]},"properties":{"name":"HSR Bus Depot","operator":"BMTC","osm_id":6210612247}},{"type":"Feature","geometry":{"type":"Point","coordinates":[77.6293825,12.9168099]},"properties":{"name":"SI Apartment HSR Layout","operator":"BMTC","osm_id":6210612248}},{"type":"Feature","geometry":{"type":"Point","coordinates":[77.5737412,12.9764963]},"properties":{"name":"Platform 15","operator":"BMTC","osm_id":6210695750}},{"type":"Feature","geometry":{"type":"Point","coordinates":[77.5737131,12.9768183]},"properties":{"name":"Platform 16","operator":"BMTC","osm_id":6210697297}},{"type":"Feature","geometry":{"type":"Point","coordinates":[77.5733177,12.9769999]},"properties":{"name":"Platform 17","operator":"BMTC","osm_id":6210725080}},{"type":"Feature","geometry":{"type":"Point","coordinates":[77.5733156,12.9767623]},"properties":{"name":"Platform 18","operator":"BMTC","osm_id":6210729648}},{"type":"Feature","geometry":{"type":"Point","coordinates":[77.4907404,12.9283964]},"properties":{"name":"Shivanahalli","operator":"BMTC","osm_id":6216500726}},{"type":"Feature","geometry":{"type":"Point","coordinates":[77.488887,12.9234894]},"properties":{"name":"Police Quarters","operator":"BMTC","osm_id":6216500727}},{"type":"Feature","geometry":{"type":"Point","coordinates":[77.5693238,12.9220542]},"properties":{"name":"Monotype","operator":"BMTC","osm_id":6216556032}},{"type":"Feature","geometry":{"type":"Point","coordinates":[77.4768412,12.9430303]},"properties":{"name":"Dhananayakanahalli","operator":"BMTC","osm_id":6219011932}},{"type":"Feature","geometry":{"type":"Point","coordinates":[77.5660917,12.9746166]},"properties":{"name":"Angalaparameshwari Temple","operator":"BMTC","osm_id":6222268365}},{"type":"Feature","geometry":{"type":"Point","coordinates":[77.5651529,12.9752477]},"properties":{"name":"Hunasemara","operator":"BMTC","osm_id":6222268366}},{"type":"Feature","geometry":{"type":"Point","coordinates":[77.5357796,13.0114534]},"properties":{"name":"Nandini Layout","operator":"BMTC","osm_id":6222268367}},{"type":"Feature","geometry":{"type":"Point","coordinates":[77.5309876,12.9959683]},"properties":{"name":"Kamala Nagar Market","operator":"BMTC","osm_id":6222272732}},{"type":"Feature","geometry":{"type":"Point","coordinates":[77.4993812,12.9254906]},"properties":{"name":"RV College","operator":"BMTC","osm_id":6226329977}},{"type":"Feature","geometry":{"type":"Point","coordinates":[77.5564492,13.045261]},"properties":{"name":"BEL Circle","operator":"BMTC","osm_id":6227539121}},{"type":"Feature","geometry":{"type":"Point","coordinates":[77.5537308,13.0179551]},"properties":{"name":"Govardhan Talkies","operator":"BMTC","osm_id":6227539122}},{"type":"Feature","geometry":{"type":"Point","coordinates":[77.5487941,12.9784222]},"properties":{"name":"Aralimara Industrial Area Rajajinagara","operator":"BMTC","osm_id":6227539123}},{"type":"Feature","geometry":{"type":"Point","coordinates":[77.5372343,12.9510776]},"properties":{"name":"Deepanjalinagara","operator":"BMTC","osm_id":6227539126}},{"type":"Feature","geometry":{"type":"Point","coordinates":[77.5536547,12.9970678]},"properties":{"name":"Navarang Theatre","operator":"BMTC","osm_id":6329060970}},{"type":"Feature","geometry":{"type":"Point","coordinates":[77.5516305,12.9979947]},"properties":{"name":"Navarang Theatre","operator":"BMTC","osm_id":6329060972}},{"type":"Feature","geometry":{"type":"Point","coordinates":[77.5858729,12.9026711]},"properties":{"name":"Inchara Hotel JP Nagara","operator":"BMTC","osm_id":6338071471}},{"type":"Feature","geometry":{"type":"Point","coordinates":[77.7014179,12.9599597]},"properties":{"name":"Bus Stop","operator":"BMTC","osm_id":6342124090}},{"type":"Feature","geometry":{"type":"Point","coordinates":[77.5516543,12.9979471]},"properties":{"name":"Navarang Theatre","operator":"BMTC","osm_id":6342882646}},{"type":"Feature","geometry":{"type":"Point","coordinates":[77.5489437,12.9975227]},"properties":{"name":"Navarang Theatre","operator":"BMTC","osm_id":6342882647}},{"type":"Feature","geometry":{"type":"Point","coordinates":[77.5536245,12.9971317]},"properties":{"name":"Navarang Theatre","operator":"BMTC","osm_id":6342882648}},{"type":"Feature","geometry":{"type":"Point","coordinates":[77.5498266,12.9994242]},"properties":{"name":"Navarang Theatre","operator":"BMTC","osm_id":6342882650}},{"type":"Feature","geometry":{"type":"Point","coordinates":[77.5507306,12.9958322]},"properties":{"name":"Manjunatha Nagara","operator":"BMTC","osm_id":6342882651}},{"type":"Feature","geometry":{"type":"Point","coordinates":[77.5506849,12.9956042]},"properties":{"name":"Manjunatha Nagara","operator":"BMTC","osm_id":6342882652}},{"type":"Feature","geometry":{"type":"Point","coordinates":[77.5527036,12.9943801]},"properties":{"name":"Basaveshwara College","operator":"BMTC","osm_id":6342915005}},{"type":"Feature","geometry":{"type":"Point","coordinates":[77.5525396,12.9911754]},"properties":{"name":"ESI Hospital Rajajinagara (Towards Navarang)","operator":"BMTC","osm_id":6345481226}},{"type":"Feature","geometry":{"type":"Point","coordinates":[77.5525504,12.9915725]},"properties":{"name":"ESI Hospital Rajajinagara (Towards Old Police Station)","operator":"BMTC","osm_id":6345520795}},{"type":"Feature","geometry":{"type":"Point","coordinates":[77.5525895,12.9917373]},"properties":{"name":"ESI Hospital Rajajinagara (Towards Old Police Station)","operator":"BMTC","osm_id":6345520796}},{"type":"Feature","geometry":{"type":"Point","coordinates":[77.5508819,12.9916523]},"properties":{"name":"ESI Hospital Rajajinagara (towards Yashawanthapura)","operator":"BMTC","osm_id":6345534243}},{"type":"Feature","geometry":{"type":"Point","coordinates":[77.5564611,12.9985461]},"properties":{"name":"Mariyappanapalya","operator":"BMTC","osm_id":6347562414}},{"type":"Feature","geometry":{"type":"Point","coordinates":[77.5563292,12.9986797]},"properties":{"name":"Mariyappanapalya","operator":"BMTC","osm_id":6347562415}},{"type":"Feature","geometry":{"type":"Point","coordinates":[77.5514458,12.9960617]},"properties":{"name":"2nd Block Rajajinagara","operator":"BMTC","osm_id":6347562416}},{"type":"Feature","geometry":{"type":"Point","coordinates":[77.5514241,12.9960576]},"properties":{"name":"2nd Block Rajajinagara","operator":"BMTC","osm_id":6347562417}},{"type":"Feature","geometry":{"type":"Point","coordinates":[77.5460945,12.997504]},"properties":{"name":"Modi Hospital","operator":"BMTC","osm_id":6347562418}},{"type":"Feature","geometry":{"type":"Point","coordinates":[77.546095,12.997554]},"properties":{"name":"Modi Hospital","operator":"BMTC","osm_id":6347562419}},{"type":"Feature","geometry":{"type":"Point","coordinates":[77.5504807,13.0008811]},"properties":{"name":"Canara Bank","operator":"BMTC","osm_id":6347562420}},{"type":"Feature","geometry":{"type":"Point","coordinates":[77.5506634,12.9897558]},"properties":{"name":"ESI Hospital (towards Vijayanagara)","operator":"BMTC","osm_id":6347562421}},{"type":"Feature","geometry":{"type":"Point","coordinates":[77.5563836,12.986105]},"properties":{"name":"Rama Mandira Rajajinagara","operator":"BMTC","osm_id":6347624110}},{"type":"Feature","geometry":{"type":"Point","coordinates":[77.5497264,12.9866499]},"properties":{"name":"Dhobi Ghat Rajajinagara","operator":"BMTC","osm_id":6347624111}},{"type":"Feature","geometry":{"type":"Point","coordinates":[77.5491096,12.9855619]},"properties":{"name":"Dhobi Ghat Rajajinagara","operator":"BMTC","osm_id":6347624113}},{"type":"Feature","geometry":{"type":"Point","coordinates":[77.5511003,12.9876702]},"properties":{"name":"Dhobi Ghat Rajajinagara","operator":"BMTC","osm_id":6347624115}},{"type":"Feature","geometry":{"type":"Point","coordinates":[77.5508625,12.9871177]},"properties":{"name":"Dhobi Ghat Rajajinagara","operator":"BMTC","osm_id":6347624116}},{"type":"Feature","geometry":{"type":"Point","coordinates":[77.5511008,12.9877189]},"properties":{"name":"Dhobi Ghat Rajajinagara","operator":"BMTC","osm_id":6347624117}},{"type":"Feature","geometry":{"type":"Point","coordinates":[77.546862,12.9889458]},"properties":{"name":"Shivanahalli 4th Main","operator":"BMTC","osm_id":6347624118}},{"type":"Feature","geometry":{"type":"Point","coordinates":[77.5468723,12.9889735]},"properties":{"name":"Shivanahalli 4th Main","operator":"BMTC","osm_id":6347624119}},{"type":"Feature","geometry":{"type":"Point","coordinates":[77.546065,12.9913642]},"properties":{"name":"Pushpanjali Talkies","operator":"BMTC","osm_id":6347624120}},{"type":"Feature","geometry":{"type":"Point","coordinates":[77.54612,12.9913479]},"properties":{"name":"Pushpanjali Talkies","operator":"BMTC","osm_id":6347624121}},{"type":"Feature","geometry":{"type":"Point","coordinates":[77.5577555,12.9910966]},"properties":{"name":"Navarang Bar","operator":"BMTC","osm_id":6347624123}},{"type":"Feature","geometry":{"type":"Point","coordinates":[77.557746,12.9910904]},"properties":{"name":"Navarang Bar","operator":"BMTC","osm_id":6347624124}},{"type":"Feature","geometry":{"type":"Point","coordinates":[77.5551042,12.9899301]},"properties":{"name":"Old Police Station Rajajinagara","operator":"BMTC","osm_id":6347624125}},{"type":"Feature","geometry":{"type":"Point","coordinates":[77.5543801,12.9893348]},"properties":{"name":"Old Police Station Rajajinagara","operator":"BMTC","osm_id":6347624126}},{"type":"Feature","geometry":{"type":"Point","coordinates":[77.5535855,13.0034192]},"properties":{"name":"Police Station Subramanyanagara","operator":"BMTC","osm_id":6347654322}},{"type":"Feature","geometry":{"type":"Point","coordinates":[77.5500267,13.0037774]},"properties":{"name":"Diacon Hospital","operator":"BMTC","osm_id":6347654323}},{"type":"Feature","geometry":{"type":"Point","coordinates":[77.5500211,13.0038081]},"properties":{"name":"1st Block Rajajinagara Diacon Hospital","operator":"BMTC","osm_id":6347654324}},{"type":"Feature","geometry":{"type":"Point","coordinates":[77.5500662,13.0038152]},"properties":{"name":"1st Block Rajajinagara Diacon Hospital","operator":"BMTC","osm_id":6347654325}},{"type":"Feature","geometry":{"type":"Point","coordinates":[77.5490908,13.0036653]},"properties":{"name":"Rajaji Nagar 1st Block","operator":"BMTC","osm_id":6347654326}},{"type":"Feature","geometry":{"type":"Point","coordinates":[77.5490651,13.0036633]},"properties":{"name":"Rajaji Nagar 1st Block","operator":"BMTC","osm_id":6347654327}},{"type":"Feature","geometry":{"type":"Point","coordinates":[77.5488297,13.0051543]},"properties":{"name":"Rajaji Nagar 1st Block","operator":"BMTC","osm_id":6347654328}},{"type":"Feature","geometry":{"type":"Point","coordinates":[77.5488669,13.0059118]},"properties":{"name":"1st Block Rajajinagara","operator":"BMTC","osm_id":6347654329}},{"type":"Feature","geometry":{"type":"Point","coordinates":[77.5487745,13.0085371]},"properties":{"name":"Mahalakshmi Layout Entrance","operator":"BMTC","osm_id":6347654330}},{"type":"Feature","geometry":{"type":"Point","coordinates":[77.5487284,13.0085507]},"properties":{"name":"Mahalakshmi Layout Entrance","operator":"BMTC","osm_id":6347654331}},{"type":"Feature","geometry":{"type":"Point","coordinates":[77.5487687,13.0073711]},"properties":{"name":"Mahalakshmi Layout Entrance","operator":"BMTC","osm_id":6347654332}},{"type":"Feature","geometry":{"type":"Point","coordinates":[77.5481561,13.0078148]},"properties":{"name":"Mahalakshmi Layout Entrance","operator":"BMTC","osm_id":6347654333}},{"type":"Feature","geometry":{"type":"Point","coordinates":[77.5515223,13.0118343]},"properties":{"name":"ISKCON Temple","operator":"BMTC","osm_id":6347654334}},{"type":"Feature","geometry":{"type":"Point","coordinates":[77.5516172,13.01174]},"properties":{"name":"ISKCON Temple","operator":"BMTC","osm_id":6347654335}},{"type":"Feature","geometry":{"type":"Point","coordinates":[77.5544165,13.0131149]},"properties":{"name":"Government Soap Factory","operator":"BMTC","osm_id":6347654336}},{"type":"Feature","geometry":{"type":"Point","coordinates":[77.5538218,13.0132449]},"properties":{"name":"Government Soap Factory","operator":"BMTC","osm_id":6347654337}},{"type":"Feature","geometry":{"type":"Point","coordinates":[77.53473,12.9655101]},"properties":{"name":"Vijayanagara TTMC","operator":"BMTC","osm_id":6350045534}},{"type":"Feature","geometry":{"type":"Point","coordinates":[77.5299362,12.9463724]},"properties":{"name":"Mysore Road Metro","operator":"BMTC","osm_id":6350081833}},{"type":"Feature","geometry":{"type":"Point","coordinates":[77.5305899,12.9463805]},"properties":{"name":"Mysore Road Metro","operator":"BMTC","osm_id":6350081835}},{"type":"Feature","geometry":{"type":"Point","coordinates":[77.6061478,12.9090308]},"properties":{"name":"Vidhyasagar House","operator":"BMTC","osm_id":6359499486}},{"type":"Feature","geometry":{"type":"Point","coordinates":[77.6284051,12.906732]},"properties":{"name":"Bommanahalli bus stop","operator":"BMTC","osm_id":6380944186}},{"type":"Feature","geometry":{"type":"Point","coordinates":[77.6024059,13.0221282]},"properties":{"name":"Bus Stop","operator":"BMTC","osm_id":6390283400}},{"type":"Feature","geometry":{"type":"Point","coordinates":[77.599648,13.0005352]},"properties":{"name":"Bus Stop","operator":"BMTC","osm_id":6390283409}},{"type":"Feature","geometry":{"type":"Point","coordinates":[77.6540261,12.9898189]},"properties":{"name":"Byappanahalli","operator":"BMTC","osm_id":6422456385}},{"type":"Feature","geometry":{"type":"Point","coordinates":[77.6318637,13.0258112]},"properties":{"name":"Hennur Depot","operator":"BMTC","osm_id":6441427327}},{"type":"Feature","geometry":{"type":"Point","coordinates":[77.6882695,12.9014441]},"properties":{"name":"Halanayakanahalli","operator":"Bengaluru Metropolitan Transport Corporation","osm_id":6460878111}},{"type":"Feature","geometry":{"type":"Point","coordinates":[77.6848698,12.8995668]},"properties":{"name":"Kodandaramanagara","operator":"BMTC","osm_id":6460878140}},{"type":"Feature","geometry":{"type":"Point","coordinates":[77.5846776,12.9541486]},"properties":{"name":"Lalbagh Main Gate","operator":"BMTC","osm_id":6460998309}},{"type":"Feature","geometry":{"type":"Point","coordinates":[77.5774463,12.9635939]},"properties":{"name":"KR Market","operator":"BMTC","osm_id":6460998320}},{"type":"Feature","geometry":{"type":"Point","coordinates":[77.5772532,12.9565027]},"properties":{"name":"Basappa Circle","operator":"BMTC","osm_id":6461616258}},{"type":"Feature","geometry":{"type":"Point","coordinates":[77.5856828,12.9541476]},"properties":{"name":"Lalbagh Main Gate","operator":"BMTC","osm_id":6461616259}},{"type":"Feature","geometry":{"type":"Point","coordinates":[77.6883792,12.9014631]},"properties":{"name":"Halanayakanahalli","operator":"Bengaluru Metropolitan Transport Corporation","osm_id":6461616260}},{"type":"Feature","geometry":{"type":"Point","coordinates":[77.6848816,12.8993768]},"properties":{"name":"Kodandaramanagara","operator":"Bengaluru Metropolitan Transport Corporation","osm_id":6461616261}},{"type":"Feature","geometry":{"type":"Point","coordinates":[77.5261831,12.9430273]},"properties":{"name":"Nayandahalli","operator":"BMTC","osm_id":6474719557}},{"type":"Feature","geometry":{"type":"Point","coordinates":[77.5277688,12.9453248]},"properties":{"name":"Nayandahalli","operator":"BMTC","osm_id":6474747104}},{"type":"Feature","geometry":{"type":"Point","coordinates":[77.5678231,12.9822494]},"properties":{"name":"Okalipura","operator":"BMTC","osm_id":6487165549}},{"type":"Feature","geometry":{"type":"Point","coordinates":[77.662203,12.9212048]},"properties":{"name":"Ibbaluru","operator":"BMTC","osm_id":6494474199}},{"type":"Feature","geometry":{"type":"Point","coordinates":[77.7569445,12.8818631]},"properties":{"name":"Thiagalara Chowdenahalli Cross","operator":"BMTC","osm_id":6494970745}},{"type":"Feature","geometry":{"type":"Point","coordinates":[77.7568763,12.8816103]},"properties":{"name":"Thiagalara Chowdenahalli Cross","operator":"BMTC","osm_id":6495482445}},{"type":"Feature","geometry":{"type":"Point","coordinates":[77.6427129,12.9190044]},"properties":{"name":"Depot-25","operator":"BMTC","osm_id":6495482455}},{"type":"Feature","geometry":{"type":"Point","coordinates":[77.6292687,12.916641]},"properties":{"name":"SI Apartment HSR Layout","operator":"BMTC","osm_id":6495482456}},{"type":"Feature","geometry":{"type":"Point","coordinates":[77.6159675,12.9161615]},"properties":{"name":"Kuvempunagara Bus Station","operator":"BMTC","osm_id":6495482457}},{"type":"Feature","geometry":{"type":"Point","coordinates":[77.6094561,12.9163075]},"properties":{"name":"16th Main BTM Layout","operator":"BMTC","osm_id":6495482458}},{"type":"Feature","geometry":{"type":"Point","coordinates":[77.5989916,12.9166251]},"properties":{"name":"East end Jayanagara","operator":"BMTC","osm_id":6495482463}},{"type":"Feature","geometry":{"type":"Point","coordinates":[77.5963351,12.916721]},"properties":{"name":"East End Jayanagara (Towards Banashankari)","operator":"BMTC","osm_id":6495482464}},{"type":"Feature","geometry":{"type":"Point","coordinates":[77.5933846,12.9167987]},"properties":{"name":"Ragigudda","operator":"BMTC","osm_id":6495482465}},{"type":"Feature","geometry":{"type":"Point","coordinates":[77.5888329,12.916904]},"properties":{"name":"Marenahalli Petrol Bunk","operator":"BMTC","osm_id":6495482468}},{"type":"Feature","geometry":{"type":"Point","coordinates":[77.5846936,12.9169876]},"properties":{"name":"Jayanagara 5th Block","operator":"BMTC","osm_id":6495482470}},{"type":"Feature","geometry":{"type":"Point","coordinates":[77.6159496,12.9164394]},"properties":{"name":"Kuvempu Nagar","operator":"BMTC","osm_id":6497456085}},{"type":"Feature","geometry":{"type":"Point","coordinates":[77.6424755,12.919248]},"properties":{"name":"Depot-25 Gate","operator":"BMTC","osm_id":6497456138}},{"type":"Feature","geometry":{"type":"Point","coordinates":[77.5676212,13.013001]},"properties":{"name":"Tata Institute","operator":"BMTC","osm_id":6535374154}},{"type":"Feature","geometry":{"type":"Point","coordinates":[77.5683119,13.0144149]},"properties":{"name":"Tata Institute","operator":"BMTC","osm_id":6535374155}},{"type":"Feature","geometry":{"type":"Point","coordinates":[77.5638987,13.0151498]},"properties":{"name":"Tata Institute","operator":"BMTC","osm_id":6535374156}},{"type":"Feature","geometry":{"type":"Point","coordinates":[77.5676286,13.0130381]},"properties":{"name":"Tata Institute","operator":"BMTC","osm_id":6535374157}},{"type":"Feature","geometry":{"type":"Point","coordinates":[77.6517642,13.0649211]},"properties":{"name":"Gubbi Cross (Towards Byrathi Bande)","operator":"BMTC","osm_id":6535450002}},{"type":"Feature","geometry":{"type":"Point","coordinates":[77.6517266,13.0649229]},"properties":{"name":"Gubbi Cross (Towards Byrathi Bande)","operator":"BMTC","osm_id":6535450003}},{"type":"Feature","geometry":{"type":"Point","coordinates":[77.6422364,13.0632341]},"properties":{"name":"K Narayanapura","operator":"BMTC","osm_id":6535450004}},{"type":"Feature","geometry":{"type":"Point","coordinates":[77.642619,13.070251]},"properties":{"name":"Nagareshwara Nagenahalli","operator":"BMTC","osm_id":6535450005}},{"type":"Feature","geometry":{"type":"Point","coordinates":[77.6425172,13.0702817]},"properties":{"name":"Nagareshwara Nagenahalli","operator":"BMTC","osm_id":6535450006}},{"type":"Feature","geometry":{"type":"Point","coordinates":[77.6407094,13.0664318]},"properties":{"name":"K Narayanapura Main Bus Stand","operator":"BMTC","osm_id":6535450007}},{"type":"Feature","geometry":{"type":"Point","coordinates":[77.6433213,13.0656837]},"properties":{"name":"BDS Nagara","operator":"BMTC","osm_id":6535450008}},{"type":"Feature","geometry":{"type":"Point","coordinates":[77.6433286,13.0657851]},"properties":{"name":"BDS Nagara","operator":"BMTC","osm_id":6535450009}},{"type":"Feature","geometry":{"type":"Point","coordinates":[77.6489587,13.061939]},"properties":{"name":"Kothanuru","operator":"BMTC","osm_id":6535450010}},{"type":"Feature","geometry":{"type":"Point","coordinates":[77.648917,13.0620593]},"properties":{"name":"Kothanuru","operator":"BMTC","osm_id":6535450011}},{"type":"Feature","geometry":{"type":"Point","coordinates":[77.6428852,13.0590677]},"properties":{"name":"Kristu Jayanti College","operator":"BMTC","osm_id":6535450012}},{"type":"Feature","geometry":{"type":"Point","coordinates":[77.642862,13.0590376]},"properties":{"name":"Kristu Jayanti College","operator":"BMTC","osm_id":6535450013}},{"type":"Feature","geometry":{"type":"Point","coordinates":[77.6031048,12.9835206]},"properties":{"name":"Platform 7","operator":"BMTC","osm_id":6584009979}},{"type":"Feature","geometry":{"type":"Point","coordinates":[77.6050679,12.9701739]},"properties":{"name":"St Patrick's Church","operator":"BMTC","osm_id":6584009983}},{"type":"Feature","geometry":{"type":"Point","coordinates":[77.641363,12.9569623]},"properties":{"name":"Domlur Flyover","operator":"BMTC","osm_id":6631824071}},{"type":"Feature","geometry":{"type":"Point","coordinates":[77.5364479,13.0306945]},"properties":{"name":"CMTI Goragunte Palya","operator":"BMTC","osm_id":6631824073}},{"type":"Feature","geometry":{"type":"Point","coordinates":[77.5256143,13.0358537]},"properties":{"name":"Peenya Metro Station","operator":"BMTC","osm_id":6631824075}},{"type":"Feature","geometry":{"type":"Point","coordinates":[77.5255837,13.0358031]},"properties":{"name":"Peenya Metro Station","operator":"BMTC","osm_id":6631824076}},{"type":"Feature","geometry":{"type":"Point","coordinates":[77.5299784,13.0344766]},"properties":{"name":"SRS Peenya","operator":"BMTC","osm_id":6631824077}},{"type":"Feature","geometry":{"type":"Point","coordinates":[77.5299516,13.0344195]},"properties":{"name":"SRS Peenya","operator":"BMTC","osm_id":6631824078}},{"type":"Feature","geometry":{"type":"Point","coordinates":[77.539552,13.0289918]},"properties":{"name":"Goraguntepalya","operator":"BMTC","osm_id":6631824081}},{"type":"Feature","geometry":{"type":"Point","coordinates":[77.5441183,13.0266639]},"properties":{"name":"MEI Factory","operator":"BMTC","osm_id":6631824083}},{"type":"Feature","geometry":{"type":"Point","coordinates":[77.543985,13.0265791]},"properties":{"name":"MEI Factory","operator":"BMTC","osm_id":6631824084}},{"type":"Feature","geometry":{"type":"Point","coordinates":[77.5488482,13.0236427]},"properties":{"name":"RMC Yard","operator":"BMTC","osm_id":6631828585}},{"type":"Feature","geometry":{"type":"Point","coordinates":[77.5526048,13.0202955]},"properties":{"name":"Govardhan Theater","operator":"BMTC","osm_id":6631828586}},{"type":"Feature","geometry":{"type":"Point","coordinates":[77.5482645,13.0243119]},"properties":{"name":"RMC Yard","operator":"BMTC","osm_id":6631828588}},{"type":"Feature","geometry":{"type":"Point","coordinates":[77.5482953,13.0243692]},"properties":{"name":"RMC Yard","operator":"BMTC","osm_id":6631828589}},{"type":"Feature","geometry":{"type":"Point","coordinates":[77.7583014,12.9957137]},"properties":{"name":"Kadugodi","operator":"BMTC","osm_id":6645712419}},{"type":"Feature","geometry":{"type":"Point","coordinates":[77.5942959,12.9703358]},"properties":{"name":"Mallya Hospital","operator":"BMTC","osm_id":6645712420}},{"type":"Feature","geometry":{"type":"Point","coordinates":[77.637966,12.9610913]},"properties":{"name":"Domlur (Towards HAL)","operator":"BMTC","osm_id":6645712421}},{"type":"Feature","geometry":{"type":"Point","coordinates":[77.537061,12.9349047]},"properties":{"name":"PES College","operator":"BMTC","osm_id":6645712423}},{"type":"Feature","geometry":{"type":"Point","coordinates":[77.5520278,12.9150617]},"properties":{"name":"Chikkallasandra","operator":"BMTC","osm_id":6645712424}},{"type":"Feature","geometry":{"type":"Point","coordinates":[77.5611634,13.0182391]},"properties":{"name":"Yeshwanthpura Tollgate","operator":"BMTC","osm_id":6645712427}},{"type":"Feature","geometry":{"type":"Point","coordinates":[77.5611061,13.018267]},"properties":{"name":"Yeshwanthpura Tollgate","operator":"BMTC","osm_id":6645712428}},{"type":"Feature","geometry":{"type":"Point","coordinates":[77.5613079,13.0185202]},"properties":{"name":"Yeshwanthpura Tollgate","operator":"BMTC","osm_id":6646343713}},{"type":"Feature","geometry":{"type":"Point","coordinates":[77.5631782,13.0217304]},"properties":{"name":"Yeshwanthapura Ayyappa Temple","operator":"BMTC","osm_id":6646343714}},{"type":"Feature","geometry":{"type":"Point","coordinates":[77.5632224,13.0217257]},"properties":{"name":"Yeshwanthapura Ayyappa Temple","operator":"BMTC","osm_id":6646343715}},{"type":"Feature","geometry":{"type":"Point","coordinates":[77.5630988,13.0213714]},"properties":{"name":"Yeshwanthapura Ayyappa Temple","operator":"BMTC","osm_id":6646343716}},{"type":"Feature","geometry":{"type":"Point","coordinates":[77.5618639,13.0262498]},"properties":{"name":"Diwanarapalya","operator":"BMTC","osm_id":6646343717}},{"type":"Feature","geometry":{"type":"Point","coordinates":[77.5614859,13.0289212]},"properties":{"name":"MS Ramaiah College","operator":"BMTC","osm_id":6646343718}},{"type":"Feature","geometry":{"type":"Point","coordinates":[77.5557531,13.0198944]},"properties":{"name":"Yeshwanthpura Market","operator":"BMTC","osm_id":6646343719}},{"type":"Feature","geometry":{"type":"Point","coordinates":[77.5574321,13.0249225]},"properties":{"name":"Bombay Dyeing, Yeshwanthapura","operator":"BMTC","osm_id":6646343720}},{"type":"Feature","geometry":{"type":"Point","coordinates":[77.5590697,13.028941]},"properties":{"name":"Post Office Mattikere","operator":"BMTC","osm_id":6646343722}},{"type":"Feature","geometry":{"type":"Point","coordinates":[77.5415254,13.0281337]},"properties":{"name":"Goraguntepalya","operator":"BMTC","osm_id":6654524766}},{"type":"Feature","geometry":{"type":"Point","coordinates":[77.554209,13.0063003]},"properties":{"name":"St. Theresa Hospital","operator":"BMTC","osm_id":6654537557}},{"type":"Feature","geometry":{"type":"Point","coordinates":[77.5822789,12.9723378]},"properties":{"name":"Mysore Bank","operator":"BMTC","osm_id":6681215517}},{"type":"Feature","geometry":{"type":"Point","coordinates":[77.5954799,12.9737155]},"properties":{"name":"Kasturba Road","operator":"BMTC","osm_id":6834406250}},{"type":"Feature","geometry":{"type":"Point","coordinates":[77.5968024,12.964493]},"properties":{"name":"Richmond Circle","operator":"BMTC","osm_id":6834406251}},{"type":"Feature","geometry":{"type":"Point","coordinates":[77.5963622,12.9636326]},"properties":{"name":"Richmond Circle","operator":"BMTC","osm_id":6834406252}},{"type":"Feature","geometry":{"type":"Point","coordinates":[77.5988849,12.977413]},"properties":{"name":"Chinnaswamy Stadium","operator":"BMTC","osm_id":6834406267}},{"type":"Feature","geometry":{"type":"Point","coordinates":[77.5991211,12.9772334]},"properties":{"name":"Chinnaswamy Stadium","operator":"BMTC","osm_id":6834406268}},{"type":"Feature","geometry":{"type":"Point","coordinates":[77.6714546,13.1420283]},"properties":{"name":"Bagalur Colony","operator":"BMTC","osm_id":6842561199}},{"type":"Feature","geometry":{"type":"Point","coordinates":[77.6681028,13.1348003]},"properties":{"name":"Bagalur (Towards Hoovinayakanahalli)","operator":"BMTC","osm_id":6842561200}},{"type":"Feature","geometry":{"type":"Point","coordinates":[77.6682444,13.122406]},"properties":{"name":"Chakkalatti","operator":"BMTC","osm_id":6842561201}},{"type":"Feature","geometry":{"type":"Point","coordinates":[77.6656478,13.1076826]},"properties":{"name":"Hamsa Farm","operator":"BMTC","osm_id":6842561203}},{"type":"Feature","geometry":{"type":"Point","coordinates":[77.6655883,13.1076969]},"properties":{"name":"Hamsa Farm","operator":"BMTC","osm_id":6842561204}},{"type":"Feature","geometry":{"type":"Point","coordinates":[77.6607318,13.1060606]},"properties":{"name":"Hosuru Bande","operator":"BMTC","osm_id":6842561205}},{"type":"Feature","geometry":{"type":"Point","coordinates":[77.6583841,13.1019047]},"properties":{"name":"Kadasonnappanahalli Gate","operator":"BMTC","osm_id":6842561206}},{"type":"Feature","geometry":{"type":"Point","coordinates":[77.658357,13.1019184]},"properties":{"name":"Kadasonnappanahalli Gate","operator":"BMTC","osm_id":6842561207}},{"type":"Feature","geometry":{"type":"Point","coordinates":[77.6542749,13.0932874]},"properties":{"name":"Kannuru","operator":"BMTC","osm_id":6842561208}},{"type":"Feature","geometry":{"type":"Point","coordinates":[77.6542008,13.084351]},"properties":{"name":"Chikka Gubbi Cross","operator":"BMTC","osm_id":6842561209}},{"type":"Feature","geometry":{"type":"Point","coordinates":[77.6541567,13.0843481]},"properties":{"name":"Chikka Gubbi Cross","operator":"BMTC","osm_id":6842561210}},{"type":"Feature","geometry":{"type":"Point","coordinates":[77.6532806,13.0815132]},"properties":{"name":"Nagenahalli","operator":"BMTC","osm_id":6842561213}},{"type":"Feature","geometry":{"type":"Point","coordinates":[77.6532018,13.081456]},"properties":{"name":"Nagenahalli","operator":"BMTC","osm_id":6842561214}},{"type":"Feature","geometry":{"type":"Point","coordinates":[77.653364,13.0779553]},"properties":{"name":"Byrathi Bande","operator":"BMTC","osm_id":6842561215}},{"type":"Feature","geometry":{"type":"Point","coordinates":[77.6515281,13.0755933]},"properties":{"name":"Poornaprajna School","operator":"BMTC","osm_id":6842561216}},{"type":"Feature","geometry":{"type":"Point","coordinates":[77.651463,13.0712475]},"properties":{"name":"Bible College Byrathi","operator":"BMTC","osm_id":6842561217}},{"type":"Feature","geometry":{"type":"Point","coordinates":[77.6514302,13.0712458]},"properties":{"name":"Bible College Byrathi","operator":"BMTC","osm_id":6842561218}},{"type":"Feature","geometry":{"type":"Point","coordinates":[77.6483369,13.0571504]},"properties":{"name":"Byrathi Cross","operator":"BMTC","osm_id":6842561219}},{"type":"Feature","geometry":{"type":"Point","coordinates":[77.5532723,13.0218301]},"properties":{"name":"Railway Station Yeshwanthapura","operator":"BMTC","osm_id":6854604077}},{"type":"Feature","geometry":{"type":"Point","coordinates":[77.5585966,13.0170546]},"properties":{"name":"Yeshwanthpura Circle","operator":"BMTC","osm_id":6854604078}},{"type":"Feature","geometry":{"type":"Point","coordinates":[77.5605471,13.0134624]},"properties":{"name":"Mysore Lamps","operator":"BMTC","osm_id":6854604079}},{"type":"Feature","geometry":{"type":"Point","coordinates":[77.5652495,13.0034287]},"properties":{"name":"13th Cross Malleshwaram","operator":"BMTC","osm_id":6854604080}},{"type":"Feature","geometry":{"type":"Point","coordinates":[77.5897631,13.0426259]},"properties":{"name":"Hebbala Bridge","operator":"BMTC","osm_id":6856463612}},{"type":"Feature","geometry":{"type":"Point","coordinates":[77.5870419,13.0301347]},"properties":{"name":"UAS Campus","operator":"BMTC","osm_id":6856463616}},{"type":"Feature","geometry":{"type":"Point","coordinates":[77.5837628,13.0202128]},"properties":{"name":"Mekhri Circle","operator":"BMTC","osm_id":6856463637}},{"type":"Feature","geometry":{"type":"Point","coordinates":[77.5821249,13.0145862]},"properties":{"name":"Mekhri Circle","operator":"BMTC","osm_id":6856463643}},{"type":"Feature","geometry":{"type":"Point","coordinates":[77.6193626,13.0716571]},"properties":{"name":"Jn of Srirampura Road","operator":"BMTC","osm_id":6857427213}},{"type":"Feature","geometry":{"type":"Point","coordinates":[77.592515,13.0730482]},"properties":{"name":"GKVK Gate","operator":"BMTC","osm_id":6857427288}},{"type":"Feature","geometry":{"type":"Point","coordinates":[77.6711196,12.847791]},"properties":{"name":"Electronic City","operator":"BMTC","osm_id":6863181885}},{"type":"Feature","geometry":{"type":"Point","coordinates":[77.6156616,12.9296619]},"properties":{"name":"St John's Hospital KSRTC Bus Stand","operator":"BMTC","osm_id":6871418644}},{"type":"Feature","geometry":{"type":"Point","coordinates":[77.7043421,13.0171644]},"properties":{"name":"Tambuchettipalya Gate","operator":"BMTC","osm_id":6871574331}},{"type":"Feature","geometry":{"type":"Point","coordinates":[77.7050137,13.0208277]},"properties":{"name":"Tambuchettipalya","operator":"BMTC","osm_id":6871574336}},{"type":"Feature","geometry":{"type":"Point","coordinates":[77.5060698,12.9306952]},"properties":{"name":"Jayaram Das Factory","operator":"BMTC","osm_id":6875284979}},{"type":"Feature","geometry":{"type":"Point","coordinates":[77.5235071,12.9397502]},"properties":{"name":"BWSSB Quarters","operator":"BMTC","osm_id":6875293726}},{"type":"Feature","geometry":{"type":"Point","coordinates":[77.5232791,12.9393044]},"properties":{"name":"BWSSB Quarters","operator":"BMTC","osm_id":6875293727}},{"type":"Feature","geometry":{"type":"Point","coordinates":[77.5175629,12.9362949]},"properties":{"name":"Rajarajeshwarinagara Gate","operator":"BMTC","osm_id":6875293748}},{"type":"Feature","geometry":{"type":"Point","coordinates":[77.5131387,12.9355411]},"properties":{"name":"Bangalore University Gate","operator":"BMTC","osm_id":6875293765}},{"type":"Feature","geometry":{"type":"Point","coordinates":[77.5132714,12.9357375]},"properties":{"name":"Bangalore University Gate","operator":"BMTC","osm_id":6875293766}},{"type":"Feature","geometry":{"type":"Point","coordinates":[77.5370272,12.9350315]},"properties":{"name":"PES College","operator":"BMTC","osm_id":6899554640}},{"type":"Feature","geometry":{"type":"Point","coordinates":[77.5263581,12.9434819]},"properties":{"name":"Nayandahalli","operator":"BMTC","osm_id":6899554647}},{"type":"Feature","geometry":{"type":"Point","coordinates":[77.5277923,12.9454031]},"properties":{"name":"Nayandahalli","operator":"BMTC","osm_id":6899554648}},{"type":"Feature","geometry":{"type":"Point","coordinates":[77.7616662,12.9830637]},"properties":{"name":"MVJ College","operator":"BMTC","osm_id":6901280954}},{"type":"Feature","geometry":{"type":"Point","coordinates":[77.6573666,13.0146175]},"properties":{"name":"Baldwin School","operator":"BMTC","osm_id":6904198299}},{"type":"Feature","geometry":{"type":"Point","coordinates":[77.561429,13.0288873]},"properties":{"name":"MS Ramaiah College","operator":"BMTC","osm_id":6904564292}},{"type":"Feature","geometry":{"type":"Point","coordinates":[77.5647123,12.9173029]},"properties":{"name":"Kadirenahalli Park","operator":"BMTC","osm_id":6952164903}},{"type":"Feature","geometry":{"type":"Point","coordinates":[77.5570609,12.9227783]},"properties":{"name":"Devegowda Petrol Bunk","operator":"BMTC","osm_id":6952164905}},{"type":"Feature","geometry":{"type":"Point","coordinates":[77.5540292,12.923765]},"properties":{"name":"Kamakhya Talkies","operator":"BMTC","osm_id":6952164906}},{"type":"Feature","geometry":{"type":"Point","coordinates":[77.5499312,12.9254568]},"properties":{"name":"Katriguppe","operator":"BMTC","osm_id":6952164907}},{"type":"Feature","geometry":{"type":"Point","coordinates":[77.545976,12.9283537]},"properties":{"name":"Janatha Bazaar","operator":"BMTC","osm_id":6952164908}},{"type":"Feature","geometry":{"type":"Point","coordinates":[77.5391271,12.9338872]},"properties":{"name":"Dwarakanagara Hosakerehalli","operator":"BMTC","osm_id":6952164910}},{"type":"Feature","geometry":{"type":"Point","coordinates":[77.5285959,12.9453386]},"properties":{"name":"Pantarapalya","operator":"BMTC","osm_id":6952164911}},{"type":"Feature","geometry":{"type":"Point","coordinates":[77.5286172,12.9453791]},"properties":{"name":"Pantarapalya","operator":"BMTC","osm_id":6952164913}},{"type":"Feature","geometry":{"type":"Point","coordinates":[77.7836324,12.8424052]},"properties":{"name":"Burukunte","operator":"BMTC","osm_id":6977126979}},{"type":"Feature","geometry":{"type":"Point","coordinates":[77.5926279,12.9539072]},"properties":{"name":"Platform 1","operator":"BMTC","osm_id":6982608685}},{"type":"Feature","geometry":{"type":"Point","coordinates":[77.6705504,13.0116992]},"properties":{"name":"Ramamurthy Nagara Manipal","operator":"BMTC","osm_id":6992185317}},{"type":"Feature","geometry":{"type":"Point","coordinates":[77.5970517,12.9267238]},"properties":{"name":"Carmel Convent","operator":"BMTC","osm_id":7034610322}},{"type":"Feature","geometry":{"type":"Point","coordinates":[77.5913454,13.0089874]},"properties":{"name":"TV Tower","operator":"BMTC","osm_id":7087593353}},{"type":"Feature","geometry":{"type":"Point","coordinates":[77.5913031,13.0090528]},"properties":{"name":"TV Tower","operator":"BMTC","osm_id":7087593354}},{"type":"Feature","geometry":{"type":"Point","coordinates":[77.5912716,13.0091077]},"properties":{"name":"TV Tower","operator":"BMTC","osm_id":7087593355}},{"type":"Feature","geometry":{"type":"Point","coordinates":[77.5912466,13.0091024]},"properties":{"name":"TV Tower","operator":"BMTC","osm_id":7087593356}},{"type":"Feature","geometry":{"type":"Point","coordinates":[77.6020219,12.9918414]},"properties":{"name":"Bamboo Bazar","operator":"BMTC","osm_id":7087593361}},{"type":"Feature","geometry":{"type":"Point","coordinates":[77.6082577,12.9952457]},"properties":{"name":"Coles Park","operator":"BMTC","osm_id":7087593365}},{"type":"Feature","geometry":{"type":"Point","coordinates":[77.5541736,12.9847107]},"properties":{"name":"Bashyam Circle","operator":"BMTC","osm_id":7093027176}},{"type":"Feature","geometry":{"type":"Point","coordinates":[77.5535754,12.9793989]},"properties":{"name":"6th Block Rajajinagara","operator":"BMTC","osm_id":7093027177}},{"type":"Feature","geometry":{"type":"Point","coordinates":[77.5525392,12.9760801]},"properties":{"name":"Prasanna Theatre","operator":"BMTC","osm_id":7093027178}},{"type":"Feature","geometry":{"type":"Point","coordinates":[77.5564839,12.975596]},"properties":{"name":"10th Cross Magadi Road","operator":"BMTC","osm_id":7093027179}},{"type":"Feature","geometry":{"type":"Point","coordinates":[77.5603955,12.975699]},"properties":{"name":"5th Cross Magadi Road","operator":"BMTC","osm_id":7093027180}},{"type":"Feature","geometry":{"type":"Point","coordinates":[77.5638338,12.975765]},"properties":{"name":"1st Cross Magadi Road","operator":"BMTC","osm_id":7093027181}},{"type":"Feature","geometry":{"type":"Point","coordinates":[77.5662977,12.9705248]},"properties":{"name":"Binny Mill","operator":"BMTC","osm_id":7093027182}},{"type":"Feature","geometry":{"type":"Point","coordinates":[77.5615155,12.9643384]},"properties":{"name":"Binnypet","operator":"BMTC","osm_id":7093073085}},{"type":"Feature","geometry":{"type":"Point","coordinates":[77.5680425,12.9604853]},"properties":{"name":"Royan Circle","operator":"BMTC","osm_id":7093073087}},{"type":"Feature","geometry":{"type":"Point","coordinates":[77.5737037,12.9575961]},"properties":{"name":"Makkala Koota","operator":"BMTC","osm_id":7093073088}},{"type":"Feature","geometry":{"type":"Point","coordinates":[77.5678566,12.9571487]},"properties":{"name":"Chamarajapet","operator":"BMTC","osm_id":7093073089}},{"type":"Feature","geometry":{"type":"Point","coordinates":[77.5675501,12.9518861]},"properties":{"name":"Bengaluru High School, Kempe Gowda Nagara","operator":"BMTC","osm_id":7093073090}},{"type":"Feature","geometry":{"type":"Point","coordinates":[77.5663057,12.9472829]},"properties":{"name":"Kohinoor Ground","operator":"BMTC","osm_id":7093073091}},{"type":"Feature","geometry":{"type":"Point","coordinates":[77.5642362,12.9469178]},"properties":{"name":"Hanumantha Nagara Syndicate Bank","operator":"BMTC","osm_id":7093073092}},{"type":"Feature","geometry":{"type":"Point","coordinates":[77.5642638,12.9437949]},"properties":{"name":"Ganesha Bhavan","operator":"BMTC","osm_id":7093073093}},{"type":"Feature","geometry":{"type":"Point","coordinates":[77.561896,12.9435174]},"properties":{"name":"Subramanyaswamy Temple","operator":"BMTC","osm_id":7093073094}},{"type":"Feature","geometry":{"type":"Point","coordinates":[77.558218,12.9433251]},"properties":{"name":"Maruthi Circle","operator":"BMTC","osm_id":7093073095}},{"type":"Feature","geometry":{"type":"Point","coordinates":[77.5558913,12.9418098]},"properties":{"name":"Apex Bank","operator":"BMTC","osm_id":7093073096}},{"type":"Feature","geometry":{"type":"Point","coordinates":[77.5545962,12.9441811]},"properties":{"name":"Srinagara Bus Station","operator":"BMTC","osm_id":7093073097}},{"type":"Feature","geometry":{"type":"Point","coordinates":[77.4661576,13.0586556]},"properties":{"name":"TCI","operator":"BMTC","osm_id":7104383851}},{"type":"Feature","geometry":{"type":"Point","coordinates":[77.4838733,13.0533848]},"properties":{"name":"Jindal","operator":"BMTC","osm_id":7104383853}},{"type":"Feature","geometry":{"type":"Point","coordinates":[77.4877334,13.0519868]},"properties":{"name":"Chikkabidarakallu","operator":"BMTC","osm_id":7104383854}},{"type":"Feature","geometry":{"type":"Point","coordinates":[77.4918957,13.0504696]},"properties":{"name":"Marison Factory","operator":"BMTC","osm_id":7104383855}},{"type":"Feature","geometry":{"type":"Point","coordinates":[77.4967246,13.0487077]},"properties":{"name":"Widia School","operator":"BMTC","osm_id":7104383856}},{"type":"Feature","geometry":{"type":"Point","coordinates":[77.5016669,13.0470518]},"properties":{"name":"Deepak Factory","operator":"BMTC","osm_id":7104383857}},{"type":"Feature","geometry":{"type":"Point","coordinates":[77.5077129,13.0450988]},"properties":{"name":"8th Mile Dasarahalli","operator":"BMTC","osm_id":7104383858}},{"type":"Feature","geometry":{"type":"Point","coordinates":[77.5129775,13.0428164]},"properties":{"name":"T Dasarahalli","operator":"BMTC","osm_id":7104383859}},{"type":"Feature","geometry":{"type":"Point","coordinates":[77.520642,13.0385863]},"properties":{"name":"Jalahalli Cross","operator":"BMTC","osm_id":7104383860}},{"type":"Feature","geometry":{"type":"Point","coordinates":[77.520588,13.0384932]},"properties":{"name":"Jalahalli Cross","operator":"BMTC","osm_id":7104383861}},{"type":"Feature","geometry":{"type":"Point","coordinates":[77.553623,13.0040826]},"properties":{"name":"Police Station Subramanyanagara","operator":"BMTC","osm_id":7104383862}},{"type":"Feature","geometry":{"type":"Point","coordinates":[77.5536459,13.0040737]},"properties":{"name":"Police Station Subramanyanagara","operator":"BMTC","osm_id":7104383863}},{"type":"Feature","geometry":{"type":"Point","coordinates":[77.5620597,12.9823799]},"properties":{"name":"Sujatha Talkies","operator":"BMTC","osm_id":7104383865}},{"type":"Feature","geometry":{"type":"Point","coordinates":[77.5046108,13.0753112]},"properties":{"name":"Chikka Banawara Railway Gate","operator":"BMTC","osm_id":7104434958}},{"type":"Feature","geometry":{"type":"Point","coordinates":[77.5049215,13.064047]},"properties":{"name":"Bone Mill","operator":"BMTC","osm_id":7104434961}},{"type":"Feature","geometry":{"type":"Point","coordinates":[77.5078427,13.0508243]},"properties":{"name":"Widia School Bagalagunte","operator":"BMTC","osm_id":7104434963}},{"type":"Feature","geometry":{"type":"Point","coordinates":[77.5930956,13.0652051]},"properties":{"name":"Byatarayanapura","operator":"BMTC","osm_id":7104812584}},{"type":"Feature","geometry":{"type":"Point","coordinates":[77.592734,13.0496189]},"properties":{"name":"Kempapura Hebbala","operator":"BMTC","osm_id":7104861385}},{"type":"Feature","geometry":{"type":"Point","coordinates":[77.5876445,13.0325692]},"properties":{"name":"Veterinary College","operator":"BMTC","osm_id":7104861386}},{"type":"Feature","geometry":{"type":"Point","coordinates":[77.5850954,13.0261117]},"properties":{"name":"CBI","operator":"BMTC","osm_id":7104861387}},{"type":"Feature","geometry":{"type":"Point","coordinates":[77.5837401,13.0103995]},"properties":{"name":"Palace Ground","operator":"BMTC","osm_id":7104861388}},{"type":"Feature","geometry":{"type":"Point","coordinates":[77.5765385,12.9829933]},"properties":{"name":"KPCC Office","operator":"BMTC","osm_id":7104861389}},{"type":"Feature","geometry":{"type":"Point","coordinates":[77.586563,12.9685091]},"properties":{"name":"Corporation","operator":"BMTC","osm_id":7104861390}},{"type":"Feature","geometry":{"type":"Point","coordinates":[77.5842663,12.9638239]},"properties":{"name":"Town Hall","operator":"BMTC","osm_id":7104861391}},{"type":"Feature","geometry":{"type":"Point","coordinates":[77.5775287,12.9641556]},"properties":{"name":"KR Market","operator":"BMTC","osm_id":7104861392}},{"type":"Feature","geometry":{"type":"Point","coordinates":[77.5930372,13.0652103]},"properties":{"name":"Byatarayanapura","operator":"BMTC","osm_id":7104861400}},{"type":"Feature","geometry":{"type":"Point","coordinates":[77.5932444,13.0576725]},"properties":{"name":"Kodigehalli Gate","operator":"BMTC","osm_id":7104861401}},{"type":"Feature","geometry":{"type":"Point","coordinates":[77.5889036,13.0360685]},"properties":{"name":"Canara Bank Hebbala","operator":"BMTC","osm_id":7104861402}},{"type":"Feature","geometry":{"type":"Point","coordinates":[77.5850744,13.0262658]},"properties":{"name":"CBI","operator":"BMTC","osm_id":7104861403}},{"type":"Feature","geometry":{"type":"Point","coordinates":[77.5841182,12.9998561]},"properties":{"name":"RM Guttahalli","operator":"BMTC","osm_id":7104861404}},{"type":"Feature","geometry":{"type":"Point","coordinates":[77.5804978,12.9877439]},"properties":{"name":"Shivananda Stores","operator":"BMTC","osm_id":7104861405}},{"type":"Feature","geometry":{"type":"Point","coordinates":[77.5764598,12.9830458]},"properties":{"name":"KPCC Office","operator":"BMTC","osm_id":7104861406}},{"type":"Feature","geometry":{"type":"Point","coordinates":[77.5776413,12.9642138]},"properties":{"name":"KR Market","operator":"BMTC","osm_id":7104861407}},{"type":"Feature","geometry":{"type":"Point","coordinates":[77.559255,12.9573822]},"properties":{"name":"TR Mill, Raghavendra Colony","operator":"BMTC","osm_id":7105069820}},{"type":"Feature","geometry":{"type":"Point","coordinates":[77.5638422,12.9570275]},"properties":{"name":"Rama Mandira Chamarajapet","operator":"BMTC","osm_id":7105069821}},{"type":"Feature","geometry":{"type":"Point","coordinates":[77.5668416,12.9570932]},"properties":{"name":"Chamarajapet","operator":"BMTC","osm_id":7105069822}},{"type":"Feature","geometry":{"type":"Point","coordinates":[77.5670372,12.9570648]},"properties":{"name":"Chamarajapet","operator":"BMTC","osm_id":7105069823}},{"type":"Feature","geometry":{"type":"Point","coordinates":[77.5730356,12.9573368]},"properties":{"name":"Makkala Koota","operator":"BMTC","osm_id":7105069824}},{"type":"Feature","geometry":{"type":"Point","coordinates":[77.5730279,12.9572556]},"properties":{"name":"Makkala Koota","operator":"BMTC","osm_id":7105069825}},{"type":"Feature","geometry":{"type":"Point","coordinates":[77.5773314,12.9636047]},"properties":{"name":"KR Market","operator":"BMTC","osm_id":7105069826}},{"type":"Feature","geometry":{"type":"Point","coordinates":[77.5844796,12.9636904]},"properties":{"name":"Town Hall","operator":"BMTC","osm_id":7105069827}},{"type":"Feature","geometry":{"type":"Point","coordinates":[77.5871314,12.9697701]},"properties":{"name":"St Marthas Hospital","operator":"BMTC","osm_id":7105069829}},{"type":"Feature","geometry":{"type":"Point","coordinates":[77.5716716,12.9802218]},"properties":{"name":"Khodays Circle","operator":"BMTC","osm_id":7105069831}},{"type":"Feature","geometry":{"type":"Point","coordinates":[77.5681812,12.9828968]},"properties":{"name":"Okalipura","operator":"BMTC","osm_id":7105069832}},{"type":"Feature","geometry":{"type":"Point","coordinates":[77.5676565,12.9872306]},"properties":{"name":"Bashyam Nagara Okalipuram","operator":"BMTC","osm_id":7105069833}},{"type":"Feature","geometry":{"type":"Point","coordinates":[77.5665592,12.9884306]},"properties":{"name":"Aruna Talkies, Gandhi School","operator":"BMTC","osm_id":7105069834}},{"type":"Feature","geometry":{"type":"Point","coordinates":[77.5665122,12.9905312]},"properties":{"name":"7th Main Srirampura","operator":"BMTC","osm_id":7105069835}},{"type":"Feature","geometry":{"type":"Point","coordinates":[77.566539,12.9905409]},"properties":{"name":"7th Main Srirampura","operator":"BMTC","osm_id":7105069836}},{"type":"Feature","geometry":{"type":"Point","coordinates":[77.5664676,12.9921958]},"properties":{"name":"5th Cross Sriramapura","operator":"BMTC","osm_id":7105069837}},{"type":"Feature","geometry":{"type":"Point","coordinates":[77.5663707,12.9949125]},"properties":{"name":"Chowdeshwari Temple","operator":"BMTC","osm_id":7105069838}},{"type":"Feature","geometry":{"type":"Point","coordinates":[77.5634109,13.0005815]},"properties":{"name":"Malleshwaram Railway Station","operator":"BMTC","osm_id":7105069839}},{"type":"Feature","geometry":{"type":"Point","coordinates":[77.5612818,13.0043554]},"properties":{"name":"Subramanyanagara","operator":"BMTC","osm_id":7105069840}},{"type":"Feature","geometry":{"type":"Point","coordinates":[77.5596715,13.0092677]},"properties":{"name":"Milk Colony Malleshwaram","operator":"BMTC","osm_id":7105069841}},{"type":"Feature","geometry":{"type":"Point","coordinates":[77.5895455,13.0412642]},"properties":{"name":"Hebbala","operator":"BMTC","osm_id":7106068381}},{"type":"Feature","geometry":{"type":"Point","coordinates":[77.589549,13.0412984]},"properties":{"name":"Hebbala","operator":"BMTC","osm_id":7106068382}},{"type":"Feature","geometry":{"type":"Point","coordinates":[77.579933,13.0424561]},"properties":{"name":"RMV 2nd Stage","operator":"BMTC","osm_id":7106068383}},{"type":"Feature","geometry":{"type":"Point","coordinates":[77.5799265,13.0424193]},"properties":{"name":"RMV 2nd Stage","operator":"BMTC","osm_id":7106068384}},{"type":"Feature","geometry":{"type":"Point","coordinates":[77.5771321,13.0426385]},"properties":{"name":"Bhoopasandra Ayyappa Bakery","operator":"BMTC","osm_id":7106084385}},{"type":"Feature","geometry":{"type":"Point","coordinates":[77.5771317,13.0425957]},"properties":{"name":"Bhoopasandra Ayyappa Bakery","operator":"BMTC","osm_id":7106084386}},{"type":"Feature","geometry":{"type":"Point","coordinates":[77.5731922,13.0424962]},"properties":{"name":"Nagashettyhalli","operator":"BMTC","osm_id":7106084387}},{"type":"Feature","geometry":{"type":"Point","coordinates":[77.5755845,13.034377]},"properties":{"name":"Sanjay Nagara","operator":"BMTC","osm_id":7106084388}},{"type":"Feature","geometry":{"type":"Point","coordinates":[77.5774794,13.030883]},"properties":{"name":"Geddalahalli","operator":"BMTC","osm_id":7106084389}},{"type":"Feature","geometry":{"type":"Point","coordinates":[77.5797311,13.027127]},"properties":{"name":"Ashwath Nagar","operator":"BMTC","osm_id":7106084390}},{"type":"Feature","geometry":{"type":"Point","coordinates":[77.5717037,13.0272192]},"properties":{"name":"MS Ramaiah Hospital","operator":"BMTC","osm_id":7106084391}},{"type":"Feature","geometry":{"type":"Point","coordinates":[77.5722943,13.0219382]},"properties":{"name":"CPRI Quarters","operator":"BMTC","osm_id":7106084392}},{"type":"Feature","geometry":{"type":"Point","coordinates":[77.5406689,12.9790377]},"properties":{"name":"Agrahara Dasarahalli","operator":"BMTC","osm_id":7106084394}},{"type":"Feature","geometry":{"type":"Point","coordinates":[77.5363644,12.9536815]},"properties":{"name":"Deepanjalinagara","operator":"BMTC","osm_id":7106084395}},{"type":"Feature","geometry":{"type":"Point","coordinates":[77.5807957,13.042478]},"properties":{"name":"Bhoopasandra","operator":"BMTC","osm_id":7106084396}},{"type":"Feature","geometry":{"type":"Point","coordinates":[77.5971235,13.0991767]},"properties":{"name":"Yelahanka Santhe Circle","operator":"BMTC","osm_id":7106084406}},{"type":"Feature","geometry":{"type":"Point","coordinates":[77.6020767,13.106386]},"properties":{"name":"Kendriya Vihara","operator":"BMTC","osm_id":7106084408}},{"type":"Feature","geometry":{"type":"Point","coordinates":[77.6021473,13.1063672]},"properties":{"name":"Kendriya Vihara","operator":"BMTC","osm_id":7106084409}},{"type":"Feature","geometry":{"type":"Point","coordinates":[77.6048397,13.1109147]},"properties":{"name":"Venkatala","operator":"BMTC","osm_id":7106084410}},{"type":"Feature","geometry":{"type":"Point","coordinates":[77.6048456,13.1108774]},"properties":{"name":"Venkatala","operator":"BMTC","osm_id":7106084411}},{"type":"Feature","geometry":{"type":"Point","coordinates":[77.6084129,13.1167899]},"properties":{"name":"Palanahalli Gate","operator":"BMTC","osm_id":7106084412}},{"type":"Feature","geometry":{"type":"Point","coordinates":[77.6085404,13.1167315]},"properties":{"name":"Palanahalli Gate","operator":"BMTC","osm_id":7106084413}},{"type":"Feature","geometry":{"type":"Point","coordinates":[77.6043901,13.111112]},"properties":{"name":"Venkatala","operator":"BMTC","osm_id":7106084414}},{"type":"Feature","geometry":{"type":"Point","coordinates":[77.607992,13.1169891]},"properties":{"name":"Palanahalli Gate","operator":"BMTC","osm_id":7106084421}},{"type":"Feature","geometry":{"type":"Point","coordinates":[77.6109123,13.1215103]},"properties":{"name":"Bagaluru Cross","operator":"BMTC","osm_id":7106084422}},{"type":"Feature","geometry":{"type":"Point","coordinates":[77.6109517,13.1214557]},"properties":{"name":"Bagaluru Cross","operator":"BMTC","osm_id":7106084423}},{"type":"Feature","geometry":{"type":"Point","coordinates":[77.6181021,13.1212729]},"properties":{"name":"Dwaraka Nagara","operator":"BMTC","osm_id":7106084424}},{"type":"Feature","geometry":{"type":"Point","coordinates":[77.6257723,13.1218122]},"properties":{"name":"Kattigehalli Cross","operator":"BMTC","osm_id":7106084425}},{"type":"Feature","geometry":{"type":"Point","coordinates":[77.6305012,13.1221334]},"properties":{"name":"Reva College Gate","operator":"BMTC","osm_id":7106084426}},{"type":"Feature","geometry":{"type":"Point","coordinates":[77.630454,13.1221035]},"properties":{"name":"Reva College Gate","operator":"BMTC","osm_id":7106084427}},{"type":"Feature","geometry":{"type":"Point","coordinates":[77.6340286,13.1172639]},"properties":{"name":"Reva College","operator":"BMTC","osm_id":7106084428}},{"type":"Feature","geometry":{"type":"Point","coordinates":[77.6349963,13.1011193]},"properties":{"name":"Bellahalli Cross","operator":"BMTC","osm_id":7106084429}},{"type":"Feature","geometry":{"type":"Point","coordinates":[77.6349413,13.1011046]},"properties":{"name":"Bellahalli Cross","operator":"BMTC","osm_id":7106084430}},{"type":"Feature","geometry":{"type":"Point","coordinates":[77.6353788,13.0887084]},"properties":{"name":"Thirumenahalli Cross (KNS College)","operator":"BMTC","osm_id":7106084431}},{"type":"Feature","geometry":{"type":"Point","coordinates":[77.6347166,13.084548]},"properties":{"name":"Chokkanahalli Gate","operator":"BMTC","osm_id":7106084432}},{"type":"Feature","geometry":{"type":"Point","coordinates":[77.6340481,13.0803199]},"properties":{"name":"Noor Nagara","operator":"BMTC","osm_id":7106084433}},{"type":"Feature","geometry":{"type":"Point","coordinates":[77.6336722,13.0738835]},"properties":{"name":"Koli Farm","operator":"BMTC","osm_id":7106084434}},{"type":"Feature","geometry":{"type":"Point","coordinates":[77.6336486,13.0715024]},"properties":{"name":"RK Hegde Nagara","operator":"BMTC","osm_id":7106084435}},{"type":"Feature","geometry":{"type":"Point","coordinates":[77.6335289,13.0680281]},"properties":{"name":"K Narayanapura Cross","operator":"BMTC","osm_id":7106084436}},{"type":"Feature","geometry":{"type":"Point","coordinates":[77.6334983,13.068006]},"properties":{"name":"K Narayanapura Cross","operator":"BMTC","osm_id":7106084437}},{"type":"Feature","geometry":{"type":"Point","coordinates":[77.6333364,13.0620046]},"properties":{"name":"Book Factory Thanisandra","operator":"BMTC","osm_id":7106084438}},{"type":"Feature","geometry":{"type":"Point","coordinates":[77.6332623,13.0619626]},"properties":{"name":"Book Factory Thanisandra","operator":"BMTC","osm_id":7106084439}},{"type":"Feature","geometry":{"type":"Point","coordinates":[77.6328655,13.0561748]},"properties":{"name":"Thanisandra","operator":"BMTC","osm_id":7106084440}},{"type":"Feature","geometry":{"type":"Point","coordinates":[77.6313077,13.0528481]},"properties":{"name":"Ashwath Nagara","operator":"BMTC","osm_id":7106084441}},{"type":"Feature","geometry":{"type":"Point","coordinates":[77.628536,13.0474129]},"properties":{"name":"Sarayipalya","operator":"BMTC","osm_id":7106084442}},{"type":"Feature","geometry":{"type":"Point","coordinates":[77.6272392,13.0453246]},"properties":{"name":"Vidhyasagara","operator":"BMTC","osm_id":7106084443}},{"type":"Feature","geometry":{"type":"Point","coordinates":[77.6272112,13.0453498]},"properties":{"name":"Vidhyasagara","operator":"BMTC","osm_id":7106084444}},{"type":"Feature","geometry":{"type":"Point","coordinates":[77.6248942,13.0420399]},"properties":{"name":"Petrol Bunk Nagavara Junction","operator":"BMTC","osm_id":7106084445}},{"type":"Feature","geometry":{"type":"Point","coordinates":[77.6248696,13.0420496]},"properties":{"name":"Petrol Bunk Nagavara Junction","operator":"BMTC","osm_id":7106084446}},{"type":"Feature","geometry":{"type":"Point","coordinates":[77.6244461,13.0407202]},"properties":{"name":"Nagavara Junction","operator":"BMTC","osm_id":7106084447}},{"type":"Feature","geometry":{"type":"Point","coordinates":[77.6216623,13.041313]},"properties":{"name":"Manyata Embassy Business Park","operator":"BMTC","osm_id":7106084448}},{"type":"Feature","geometry":{"type":"Point","coordinates":[77.6133351,13.0424489]},"properties":{"name":"Veerannapalya","operator":"BMTC","osm_id":7106084449}},{"type":"Feature","geometry":{"type":"Point","coordinates":[77.6010305,13.0437419]},"properties":{"name":"Kempapura","operator":"BMTC","osm_id":7106084450}},{"type":"Feature","geometry":{"type":"Point","coordinates":[77.5914477,13.0428978]},"properties":{"name":"Hebbala Bridge","operator":"BMTC","osm_id":7106084451}},{"type":"Feature","geometry":{"type":"Point","coordinates":[77.5914536,13.0429448]},"properties":{"name":"Hebbala Bridge","operator":"BMTC","osm_id":7106084452}},{"type":"Feature","geometry":{"type":"Point","coordinates":[77.5758354,13.0472069]},"properties":{"name":"Bhadrappa Layout","operator":"BMTC","osm_id":7106084453}},{"type":"Feature","geometry":{"type":"Point","coordinates":[77.5896134,12.9684272]},"properties":{"name":"Corporation Circle (Cubbon Park)","operator":"BMTC","osm_id":7106320854}},{"type":"Feature","geometry":{"type":"Point","coordinates":[77.5957785,12.9740575]},"properties":{"name":"Kasturba Road","operator":"BMTC","osm_id":7106320855}},{"type":"Feature","geometry":{"type":"Point","coordinates":[77.5982399,12.97594]},"properties":{"name":"MG Statue","operator":"BMTC","osm_id":7106320856}},{"type":"Feature","geometry":{"type":"Point","coordinates":[77.5981857,12.9759915]},"properties":{"name":"MG Statue","operator":"BMTC","osm_id":7106320857}},{"type":"Feature","geometry":{"type":"Point","coordinates":[77.5965833,12.9839227]},"properties":{"name":"Indian Express","operator":"BMTC","osm_id":7106320858}},{"type":"Feature","geometry":{"type":"Point","coordinates":[77.5945411,12.9876241]},"properties":{"name":"Cunningham Road","operator":"BMTC","osm_id":7106320860}},{"type":"Feature","geometry":{"type":"Point","coordinates":[77.5951715,12.9929231]},"properties":{"name":"Vasanth Nagar","operator":"BMTC","osm_id":7106320861}},{"type":"Feature","geometry":{"type":"Point","coordinates":[77.6068007,12.9958327]},"properties":{"name":"Coles Park","operator":"BMTC","osm_id":7106320862}},{"type":"Feature","geometry":{"type":"Point","coordinates":[77.6129799,13.0009373]},"properties":{"name":"Frazer Town","operator":"BMTC","osm_id":7106320863}},{"type":"Feature","geometry":{"type":"Point","coordinates":[77.6129828,13.0009656]},"properties":{"name":"Frazer Town","operator":"BMTC","osm_id":7106320864}},{"type":"Feature","geometry":{"type":"Point","coordinates":[77.6196259,13.004099]},"properties":{"name":"Davis Road","operator":"BMTC","osm_id":7106320866}},{"type":"Feature","geometry":{"type":"Point","coordinates":[77.6209974,13.0063609]},"properties":{"name":"Charles School","operator":"BMTC","osm_id":7106320867}},{"type":"Feature","geometry":{"type":"Point","coordinates":[77.6237272,13.0098235]},"properties":{"name":"Lingarajapura Bridge","operator":"BMTC","osm_id":7106320868}},{"type":"Feature","geometry":{"type":"Point","coordinates":[77.6237176,13.0098381]},"properties":{"name":"Lingarajapura Bridge","operator":"BMTC","osm_id":7106320869}},{"type":"Feature","geometry":{"type":"Point","coordinates":[77.6256728,13.0122346]},"properties":{"name":"Lingarajapuram","operator":"BMTC","osm_id":7106320870}},{"type":"Feature","geometry":{"type":"Point","coordinates":[77.6270174,13.0144033]},"properties":{"name":"Chandrika Soap Factory","operator":"BMTC","osm_id":7106320871}},{"type":"Feature","geometry":{"type":"Point","coordinates":[77.6287378,13.021513]},"properties":{"name":"Kacharakanahalli","operator":"BMTC","osm_id":7106320872}},{"type":"Feature","geometry":{"type":"Point","coordinates":[77.6286958,13.0215156]},"properties":{"name":"Kacharakanahalli","operator":"BMTC","osm_id":7106320873}},{"type":"Feature","geometry":{"type":"Point","coordinates":[77.6308748,13.0261852]},"properties":{"name":"Depot-10 Gate","operator":"BMTC","osm_id":7106320874}},{"type":"Feature","geometry":{"type":"Point","coordinates":[77.6308389,13.0262272]},"properties":{"name":"Depot-10 Gate","operator":"BMTC","osm_id":7106320875}},{"type":"Feature","geometry":{"type":"Point","coordinates":[77.63229,13.0276331]},"properties":{"name":"Hennur Junction","operator":"BMTC","osm_id":7106320876}},{"type":"Feature","geometry":{"type":"Point","coordinates":[77.6405238,13.0366933]},"properties":{"name":"Hennur Bande","operator":"BMTC","osm_id":7106320877}},{"type":"Feature","geometry":{"type":"Point","coordinates":[77.6423053,13.0434593]},"properties":{"name":"Janaki Rama Layout","operator":"BMTC","osm_id":7106320878}},{"type":"Feature","geometry":{"type":"Point","coordinates":[77.6453177,13.0483355]},"properties":{"name":"Geddalahalli","operator":"BMTC","osm_id":7106320879}},{"type":"Feature","geometry":{"type":"Point","coordinates":[77.6460104,13.0526558]},"properties":{"name":"K Narayanapura Cross","operator":"BMTC","osm_id":7106320880}},{"type":"Feature","geometry":{"type":"Point","coordinates":[77.6547535,13.0367124]},"properties":{"name":"Horamavu Agara","operator":"BMTC","osm_id":7108468304}},{"type":"Feature","geometry":{"type":"Point","coordinates":[77.6636616,13.0286934]},"properties":{"name":"Jayanthi Nagar","operator":"BMTC","osm_id":7108468305}},{"type":"Feature","geometry":{"type":"Point","coordinates":[77.6608116,13.0263841]},"properties":{"name":"Horamavu","operator":"BMTC","osm_id":7108468306}},{"type":"Feature","geometry":{"type":"Point","coordinates":[77.6579879,13.0228365]},"properties":{"name":"RK Medical","operator":"BMTC","osm_id":7108468307}},{"type":"Feature","geometry":{"type":"Point","coordinates":[77.6579413,13.0228562]},"properties":{"name":"RK Medical","operator":"BMTC","osm_id":7108468308}},{"type":"Feature","geometry":{"type":"Point","coordinates":[77.6473508,13.0181549]},"properties":{"name":"Jn of 9th Main and 3rd Cross","operator":"BMTC","osm_id":7108468314}},{"type":"Feature","geometry":{"type":"Point","coordinates":[77.6428946,13.0160263]},"properties":{"name":"Banasawadi 80ft Road","operator":"BMTC","osm_id":7108468315}},{"type":"Feature","geometry":{"type":"Point","coordinates":[77.6423644,13.0137215]},"properties":{"name":"Patel Public School Kalyananagar","operator":"BMTC","osm_id":7108468316}},{"type":"Feature","geometry":{"type":"Point","coordinates":[77.6432513,13.0094818]},"properties":{"name":"Maruthi School","operator":"BMTC","osm_id":7108468317}},{"type":"Feature","geometry":{"type":"Point","coordinates":[77.6431811,13.0094565]},"properties":{"name":"Maruthi School","operator":"BMTC","osm_id":7108468318}},{"type":"Feature","geometry":{"type":"Point","coordinates":[77.6409776,13.0076801]},"properties":{"name":"Subbayanapalya","operator":"BMTC","osm_id":7108468319}},{"type":"Feature","geometry":{"type":"Point","coordinates":[77.6387414,13.0059363]},"properties":{"name":"Indian Oil","operator":"BMTC","osm_id":7108468320}},{"type":"Feature","geometry":{"type":"Point","coordinates":[77.634644,13.0026621]},"properties":{"name":"Maruthi Sevanagar","operator":"BMTC","osm_id":7108468321}},{"type":"Feature","geometry":{"type":"Point","coordinates":[77.6299886,13.0014908]},"properties":{"name":"Jai Bharath Nagara","operator":"BMTC","osm_id":7108468322}},{"type":"Feature","geometry":{"type":"Point","coordinates":[77.6220961,12.9985882]},"properties":{"name":"ITC Factory","operator":"BMTC","osm_id":7108468323}},{"type":"Feature","geometry":{"type":"Point","coordinates":[77.6160306,13.00032]},"properties":{"name":"Mosque Road","operator":"BMTC","osm_id":7108468324}},{"type":"Feature","geometry":{"type":"Point","coordinates":[77.6159406,13.0003384]},"properties":{"name":"Mosque Road","operator":"BMTC","osm_id":7108468325}},{"type":"Feature","geometry":{"type":"Point","coordinates":[77.6121753,12.9964959]},"properties":{"name":"Coles Road","operator":"BMTC","osm_id":7108468326}},{"type":"Feature","geometry":{"type":"Point","coordinates":[77.6122002,12.9965436]},"properties":{"name":"Coles Road","operator":"BMTC","osm_id":7108468327}},{"type":"Feature","geometry":{"type":"Point","coordinates":[77.5972114,12.9933875]},"properties":{"name":"Cantonment Railway Station","operator":"BMTC","osm_id":7108468328}},{"type":"Feature","geometry":{"type":"Point","coordinates":[77.6234376,13.0379292]},"properties":{"name":"Nagavara","operator":"BMTC","osm_id":7108477344}},{"type":"Feature","geometry":{"type":"Point","coordinates":[77.62254,13.0339074]},"properties":{"name":"Glass Factory","operator":"BMTC","osm_id":7108477345}},{"type":"Feature","geometry":{"type":"Point","coordinates":[77.6218502,13.0321498]},"properties":{"name":"Govindapura Cross","operator":"BMTC","osm_id":7108477346}},{"type":"Feature","geometry":{"type":"Point","coordinates":[77.6208862,13.0299798]},"properties":{"name":"Arabic College","operator":"BMTC","osm_id":7108477347}},{"type":"Feature","geometry":{"type":"Point","coordinates":[77.619815,13.025462]},"properties":{"name":"KGH Railway Gate","operator":"BMTC","osm_id":7108477349}},{"type":"Feature","geometry":{"type":"Point","coordinates":[77.6190102,13.0207594]},"properties":{"name":"Kadugondanahalli Police Station","operator":"BMTC","osm_id":7108477350}},{"type":"Feature","geometry":{"type":"Point","coordinates":[77.6176443,13.0156973]},"properties":{"name":"Venkateshapura","operator":"BMTC","osm_id":7108477351}},{"type":"Feature","geometry":{"type":"Point","coordinates":[77.6166094,13.0132254]},"properties":{"name":"Postal and Telecom Colony","operator":"BMTC","osm_id":7108477352}},{"type":"Feature","geometry":{"type":"Point","coordinates":[77.6165709,13.0132485]},"properties":{"name":"Postal and Telecom Colony","operator":"BMTC","osm_id":7108477353}},{"type":"Feature","geometry":{"type":"Point","coordinates":[77.6152147,13.0106364]},"properties":{"name":"Muslim Colony","operator":"BMTC","osm_id":7108477354}},{"type":"Feature","geometry":{"type":"Point","coordinates":[77.6134749,13.0087339]},"properties":{"name":"Periyar Nagara Circle","operator":"BMTC","osm_id":7108477355}},{"type":"Feature","geometry":{"type":"Point","coordinates":[77.6125185,13.0068743]},"properties":{"name":"Canara Bank Tannery Road","operator":"BMTC","osm_id":7108477358}},{"type":"Feature","geometry":{"type":"Point","coordinates":[77.6121448,13.0027429]},"properties":{"name":"Doddi","operator":"BMTC","osm_id":7108477359}},{"type":"Feature","geometry":{"type":"Point","coordinates":[77.5975329,12.9840731]},"properties":{"name":"Indian Express","operator":"BMTC","osm_id":7108477360}},{"type":"Feature","geometry":{"type":"Point","coordinates":[77.5975057,12.9840332]},"properties":{"name":"Indian Express","operator":"BMTC","osm_id":7108477361}},{"type":"Feature","geometry":{"type":"Point","coordinates":[77.636789,13.0048533]},"properties":{"name":"Indian Oil Sevanagar","operator":"BMTC","osm_id":7108477541}},{"type":"Feature","geometry":{"type":"Point","coordinates":[77.6387134,13.0263607]},"properties":{"name":"Kalyananagara Bus Stand","operator":"BMTC","osm_id":7108477542}},{"type":"Feature","geometry":{"type":"Point","coordinates":[77.6369918,13.0259455]},"properties":{"name":"Kalyananagara Junction","operator":"BMTC","osm_id":7108477543}},{"type":"Feature","geometry":{"type":"Point","coordinates":[77.6369476,13.0259411]},"properties":{"name":"Kalyananagara Junction","operator":"BMTC","osm_id":7108477544}},{"type":"Feature","geometry":{"type":"Point","coordinates":[77.6370084,13.0213218]},"properties":{"name":"Jalavayu Vihara","operator":"BMTC","osm_id":7108477545}},{"type":"Feature","geometry":{"type":"Point","coordinates":[77.636448,13.0178038]},"properties":{"name":"Kammanahalli","operator":"BMTC","osm_id":7108477546}},{"type":"Feature","geometry":{"type":"Point","coordinates":[77.6358098,13.0146151]},"properties":{"name":"Kammana Halli Circle","operator":"BMTC","osm_id":7108477547}},{"type":"Feature","geometry":{"type":"Point","coordinates":[77.6353323,13.0096891]},"properties":{"name":"Ramaswamypalya","operator":"BMTC","osm_id":7108477548}},{"type":"Feature","geometry":{"type":"Point","coordinates":[77.5885816,12.985767]},"properties":{"name":"Basava Bhavan","operator":"BMTC","osm_id":7108562590}},{"type":"Feature","geometry":{"type":"Point","coordinates":[77.6280216,12.9950061]},"properties":{"name":"Jeevanahalli","operator":"BMTC","osm_id":7108562591}},{"type":"Feature","geometry":{"type":"Point","coordinates":[77.6267671,12.9943529]},"properties":{"name":"Cox Town Water Tank","operator":"BMTC","osm_id":7108562592}},{"type":"Feature","geometry":{"type":"Point","coordinates":[77.6215817,12.9964595]},"properties":{"name":"Cox Town Circle","operator":"BMTC","osm_id":7108562594}},{"type":"Feature","geometry":{"type":"Point","coordinates":[77.6163519,12.9954577]},"properties":{"name":"Sindhi Colony","operator":"BMTC","osm_id":7108562595}},{"type":"Feature","geometry":{"type":"Point","coordinates":[77.616304,12.9954982]},"properties":{"name":"Sindhi Colony","operator":"BMTC","osm_id":7108562596}},{"type":"Feature","geometry":{"type":"Point","coordinates":[77.6142401,12.9912485]},"properties":{"name":"Thoms Bakery","operator":"BMTC","osm_id":7108562597}},{"type":"Feature","geometry":{"type":"Point","coordinates":[77.6142226,12.9912603]},"properties":{"name":"Thoms Bakery","operator":"BMTC","osm_id":7108562598}},{"type":"Feature","geometry":{"type":"Point","coordinates":[77.6154009,12.989717]},"properties":{"name":"Sivanchetty Gardens","operator":"BMTC","osm_id":7108562599}},{"type":"Feature","geometry":{"type":"Point","coordinates":[77.6153612,12.9896476]},"properties":{"name":"Sivanchetty Gardens","operator":"BMTC","osm_id":7108562600}},{"type":"Feature","geometry":{"type":"Point","coordinates":[77.6155621,12.9862261]},"properties":{"name":"Lavanya Talkies","operator":"BMTC","osm_id":7108562601}},{"type":"Feature","geometry":{"type":"Point","coordinates":[77.6106852,12.9808605]},"properties":{"name":"Dickenson Road","operator":"BMTC","osm_id":7108562602}},{"type":"Feature","geometry":{"type":"Point","coordinates":[77.6098118,12.9805153]},"properties":{"name":"Commercial Street","operator":"BMTC","osm_id":7108562603}},{"type":"Feature","geometry":{"type":"Point","coordinates":[77.6079252,12.9775288]},"properties":{"name":"Manikshaw Parade Ground","operator":"BMTC","osm_id":7108562604}},{"type":"Feature","geometry":{"type":"Point","coordinates":[77.597574,12.9841656]},"properties":{"name":"Indian Express","operator":"BMTC","osm_id":7108562605}},{"type":"Feature","geometry":{"type":"Point","coordinates":[77.5993038,12.9897683]},"properties":{"name":"CSI Hospital","operator":"BMTC","osm_id":7108562606}},{"type":"Feature","geometry":{"type":"Point","coordinates":[77.5891596,12.99034]},"properties":{"name":"Avinash Petrol Bunk","operator":"BMTC","osm_id":7108562607}},{"type":"Feature","geometry":{"type":"Point","coordinates":[77.5891785,12.9904097]},"properties":{"name":"Avinash Petrol Bunk","operator":"BMTC","osm_id":7108562608}},{"type":"Feature","geometry":{"type":"Point","coordinates":[77.5869736,12.9841703]},"properties":{"name":"RC College","operator":"BMTC","osm_id":7108562609}},{"type":"Feature","geometry":{"type":"Point","coordinates":[77.5788305,12.9872126]},"properties":{"name":"Shivananda Stores","operator":"BMTC","osm_id":7108562610}},{"type":"Feature","geometry":{"type":"Point","coordinates":[77.574743,12.9889359]},"properties":{"name":"Swastik Sheshadripuram College","operator":"BMTC","osm_id":7108562611}},{"type":"Feature","geometry":{"type":"Point","coordinates":[77.5738961,12.9941083]},"properties":{"name":"Link Road","operator":"BMTC","osm_id":7108562612}},{"type":"Feature","geometry":{"type":"Point","coordinates":[77.5642129,12.9964363]},"properties":{"name":"Devaiah Park","operator":"BMTC","osm_id":7108562614}},{"type":"Feature","geometry":{"type":"Point","coordinates":[77.5605233,12.9973063]},"properties":{"name":"Harishchandra Ghat","operator":"BMTC","osm_id":7108562615}},{"type":"Feature","geometry":{"type":"Point","coordinates":[77.5415833,12.999189]},"properties":{"name":"Shankar Mutt","operator":"BMTC","osm_id":7108562616}},{"type":"Feature","geometry":{"type":"Point","coordinates":[77.5415636,12.9992662]},"properties":{"name":"Shankar Mutt","operator":"BMTC","osm_id":7108562617}},{"type":"Feature","geometry":{"type":"Point","coordinates":[77.5363056,13.0011788]},"properties":{"name":"Kurubarahalli","operator":"BMTC","osm_id":7108562618}},{"type":"Feature","geometry":{"type":"Point","coordinates":[77.5362964,13.0012139]},"properties":{"name":"Kurubarahalli","operator":"BMTC","osm_id":7108562619}},{"type":"Feature","geometry":{"type":"Point","coordinates":[77.5305288,12.9997721]},"properties":{"name":"Kaveri Nagara","operator":"BMTC","osm_id":7108562620}},{"type":"Feature","geometry":{"type":"Point","coordinates":[77.5215183,12.9068983]},"properties":{"name":"BEML Layout 5th Stage","operator":"BMTC","osm_id":7124635763}},{"type":"Feature","geometry":{"type":"Point","coordinates":[77.5207033,12.9145208]},"properties":{"name":"Double Road BEML Layout","operator":"BMTC","osm_id":7124635764}},{"type":"Feature","geometry":{"type":"Point","coordinates":[77.5204049,12.9201662]},"properties":{"name":"BEML Complex","operator":"BMTC","osm_id":7124635765}},{"type":"Feature","geometry":{"type":"Point","coordinates":[77.5111225,12.9269585]},"properties":{"name":"Raja Rajeshwari Temple","operator":"BMTC","osm_id":7124635768}},{"type":"Feature","geometry":{"type":"Point","coordinates":[77.5146798,12.9296603]},"properties":{"name":"Raja Rajeshwari School","operator":"BMTC","osm_id":7124635769}},{"type":"Feature","geometry":{"type":"Point","coordinates":[77.5161453,12.9326219]},"properties":{"name":"Petrol Bunk RR Nagar","operator":"BMTC","osm_id":7124635771}},{"type":"Feature","geometry":{"type":"Point","coordinates":[77.5184303,12.9355982]},"properties":{"name":"Rajarajeshwarinagara Gate","operator":"BMTC","osm_id":7124635772}},{"type":"Feature","geometry":{"type":"Point","coordinates":[77.5349625,12.9481922]},"properties":{"name":"BHEL Gate","operator":"BMTC","osm_id":7124635773}},{"type":"Feature","geometry":{"type":"Point","coordinates":[77.5377676,12.9717625]},"properties":{"name":"Vijaynagara","operator":"BMTC","osm_id":7124635774}},{"type":"Feature","geometry":{"type":"Point","coordinates":[77.5413021,12.9735535]},"properties":{"name":"Vijayanagara Vijaya Bank","operator":"BMTC","osm_id":7124635775}},{"type":"Feature","geometry":{"type":"Point","coordinates":[77.5413148,12.9735124]},"properties":{"name":"Vijayanagara Vijaya Bank","operator":"BMTC","osm_id":7124635776}},{"type":"Feature","geometry":{"type":"Point","coordinates":[77.5463442,12.9741268]},"properties":{"name":"Manu Vana","operator":"BMTC","osm_id":7124635777}},{"type":"Feature","geometry":{"type":"Point","coordinates":[77.5490005,12.9785581]},"properties":{"name":"Aralimara Industrial Area Rajajinagara","operator":"BMTC","osm_id":7124635778}},{"type":"Feature","geometry":{"type":"Point","coordinates":[77.5491684,12.9819561]},"properties":{"name":"Industrial Area Rajajiangara","operator":"BMTC","osm_id":7124635779}},{"type":"Feature","geometry":{"type":"Point","coordinates":[77.5572482,13.0413161]},"properties":{"name":"Gokula","operator":"BMTC","osm_id":7124635781}},{"type":"Feature","geometry":{"type":"Point","coordinates":[77.5361294,12.9677023]},"properties":{"name":"Maruti Mandira","operator":"BMTC","osm_id":7124643395}},{"type":"Feature","geometry":{"type":"Point","coordinates":[77.5331126,12.9611543]},"properties":{"name":"Income Tax Layout","operator":"BMTC","osm_id":7124643396}},{"type":"Feature","geometry":{"type":"Point","coordinates":[77.5340239,12.9579105]},"properties":{"name":"Attiguppe","operator":"BMTC","osm_id":7124643397}},{"type":"Feature","geometry":{"type":"Point","coordinates":[77.5789324,12.9639618]},"properties":{"name":"KR Market","operator":"BMTC","osm_id":7131511276}},{"type":"Feature","geometry":{"type":"Point","coordinates":[77.5788818,12.963972]},"properties":{"name":"KR Market","operator":"BMTC","osm_id":7131511277}},{"type":"Feature","geometry":{"type":"Point","coordinates":[77.5877158,12.961084]},"properties":{"name":"Poornima Talkies","operator":"BMTC","osm_id":7131511278}},{"type":"Feature","geometry":{"type":"Point","coordinates":[77.5964997,12.9621976]},"properties":{"name":"Akkithimmanahalli","operator":"BMTC","osm_id":7131511279}},{"type":"Feature","geometry":{"type":"Point","coordinates":[77.6009477,12.9605877]},"properties":{"name":"Nanjappa Circle","operator":"BMTC","osm_id":7131511280}},{"type":"Feature","geometry":{"type":"Point","coordinates":[77.6104145,12.9643457]},"properties":{"name":"Philomenas Hospital","operator":"BMTC","osm_id":7131511281}},{"type":"Feature","geometry":{"type":"Point","coordinates":[77.6144865,12.9615362]},"properties":{"name":"Austin Town","operator":"BMTC","osm_id":7131511282}},{"type":"Feature","geometry":{"type":"Point","coordinates":[77.6189861,12.9622589]},"properties":{"name":"ASC Center","operator":"BMTC","osm_id":7131511283}},{"type":"Feature","geometry":{"type":"Point","coordinates":[77.6210339,12.95639]},"properties":{"name":"Vannarapete","operator":"BMTC","osm_id":7131511284}},{"type":"Feature","geometry":{"type":"Point","coordinates":[77.6227375,12.9541943]},"properties":{"name":"Vivekanagara","operator":"BMTC","osm_id":7131541685}},{"type":"Feature","geometry":{"type":"Point","coordinates":[77.5924312,12.9544711]},"properties":{"name":"Shantinagara TTMC","operator":"BMTC","osm_id":7132401123}},{"type":"Feature","geometry":{"type":"Point","coordinates":[77.4878086,12.9319553]},"properties":{"name":"Shirke KHB Quarters","operator":"BMTC","osm_id":7132418213}},{"type":"Feature","geometry":{"type":"Point","coordinates":[77.4867535,12.9286697]},"properties":{"name":"Kengeri Church","operator":"BMTC","osm_id":7132418214}},{"type":"Feature","geometry":{"type":"Point","coordinates":[77.4992746,12.9253252]},"properties":{"name":"RV College","operator":"BMTC","osm_id":7132418216}},{"type":"Feature","geometry":{"type":"Point","coordinates":[77.5928942,12.9576497]},"properties":{"name":"KH Road","operator":"BMTC","osm_id":7132418217}},{"type":"Feature","geometry":{"type":"Point","coordinates":[77.5907878,12.9626539]},"properties":{"name":"Subbaiah Circle","operator":"BMTC","osm_id":7132418218}},{"type":"Feature","geometry":{"type":"Point","coordinates":[77.587909,12.9647441]},"properties":{"name":"Corporation, Mission Road (Towards Subbiah Circle)","operator":"BMTC","osm_id":7132418219}},{"type":"Feature","geometry":{"type":"Point","coordinates":[77.5761889,12.9645]},"properties":{"name":"KR Market","operator":"BMTC","osm_id":7132418221}},{"type":"Feature","geometry":{"type":"Point","coordinates":[77.5685892,12.9638348]},"properties":{"name":"Vinayaka Talkies","operator":"BMTC","osm_id":7132418222}},{"type":"Feature","geometry":{"type":"Point","coordinates":[77.5685298,12.963891]},"properties":{"name":"Vinayaka Talkies","operator":"BMTC","osm_id":7132418223}},{"type":"Feature","geometry":{"type":"Point","coordinates":[77.6098914,12.9733493]},"properties":{"name":"Mayo Hall","operator":"BMTC","osm_id":7132452572}},{"type":"Feature","geometry":{"type":"Point","coordinates":[77.6020138,12.9777168]},"properties":{"name":"Anil Kumble Circle","operator":"BMTC","osm_id":7132452573}},{"type":"Feature","geometry":{"type":"Point","coordinates":[77.6065055,12.9754287]},"properties":{"name":"MG Road Metro Station","operator":"BMTC","osm_id":7132452574}},{"type":"Feature","geometry":{"type":"Point","coordinates":[77.6064952,12.9753877]},"properties":{"name":"MG Road Metro Station","operator":"BMTC","osm_id":7132452575}},{"type":"Feature","geometry":{"type":"Point","coordinates":[77.6206762,12.954546]},"properties":{"name":"Vivekanagara","operator":"BMTC","osm_id":7132452576}},{"type":"Feature","geometry":{"type":"Point","coordinates":[77.6206318,12.9545541]},"properties":{"name":"Vivekanagara","operator":"BMTC","osm_id":7132452577}},{"type":"Feature","geometry":{"type":"Point","coordinates":[77.6220795,12.9514379]},"properties":{"name":"Ravi Tent","operator":"BMTC","osm_id":7132452578}},{"type":"Feature","geometry":{"type":"Point","coordinates":[77.6220714,12.95142]},"properties":{"name":"Ravi Tent","operator":"BMTC","osm_id":7132452579}},{"type":"Feature","geometry":{"type":"Point","coordinates":[77.624224,12.9506229]},"properties":{"name":"Shine Bakery","operator":"BMTC","osm_id":7132452580}},{"type":"Feature","geometry":{"type":"Point","coordinates":[77.6242045,12.9505352]},"properties":{"name":"Shine Bakery","operator":"BMTC","osm_id":7132452581}},{"type":"Feature","geometry":{"type":"Point","coordinates":[77.6265998,12.9496896]},"properties":{"name":"Fairland Shop","operator":"BMTC","osm_id":7132452582}},{"type":"Feature","geometry":{"type":"Point","coordinates":[77.6287391,12.946733]},"properties":{"name":"Ejipura","operator":"BMTC","osm_id":7132452583}},{"type":"Feature","geometry":{"type":"Point","coordinates":[77.6307638,12.9427367]},"properties":{"name":"Ejipura School","operator":"BMTC","osm_id":7132452584}},{"type":"Feature","geometry":{"type":"Point","coordinates":[77.6323159,12.9392351]},"properties":{"name":"Srinivagilu Ejipura","operator":"BMTC","osm_id":7132486285}},{"type":"Feature","geometry":{"type":"Point","coordinates":[77.6322712,12.9392098]},"properties":{"name":"Srinivagilu Ejipura","operator":"BMTC","osm_id":7132486286}},{"type":"Feature","geometry":{"type":"Point","coordinates":[77.6045178,13.0215262]},"properties":{"name":"P&T Quarters","operator":"BMTC","osm_id":7132495606}},{"type":"Feature","geometry":{"type":"Point","coordinates":[77.6022447,13.0222102]},"properties":{"name":"Sultanpalya Cross Pushpanjali Talkies","operator":"BMTC","osm_id":7132495607}},{"type":"Feature","geometry":{"type":"Point","coordinates":[77.5989031,13.0239882]},"properties":{"name":"Dinnuru Main Road","operator":"BMTC","osm_id":7132495608}},{"type":"Feature","geometry":{"type":"Point","coordinates":[77.5946689,13.0247162]},"properties":{"name":"HMT Layout RT Nagar","operator":"BMTC","osm_id":7132495609}},{"type":"Feature","geometry":{"type":"Point","coordinates":[77.5946774,13.0247743]},"properties":{"name":"HMT Layout RT Nagar","operator":"BMTC","osm_id":7132495610}},{"type":"Feature","geometry":{"type":"Point","coordinates":[77.5928708,13.0242975]},"properties":{"name":"Police Station RT Nagar","operator":"BMTC","osm_id":7132495611}},{"type":"Feature","geometry":{"type":"Point","coordinates":[77.5925224,13.0218605]},"properties":{"name":"Post Office RT Nagar","operator":"BMTC","osm_id":7132495612}},{"type":"Feature","geometry":{"type":"Point","coordinates":[77.5917636,13.017286]},"properties":{"name":"Rehamathnagara","operator":"BMTC","osm_id":7132495613}},{"type":"Feature","geometry":{"type":"Point","coordinates":[77.5935858,13.0134296]},"properties":{"name":"Matadahalli","operator":"BMTC","osm_id":7132495614}},{"type":"Feature","geometry":{"type":"Point","coordinates":[77.5924755,13.0112566]},"properties":{"name":"CQAL","operator":"BMTC","osm_id":7132495615}},{"type":"Feature","geometry":{"type":"Point","coordinates":[77.5909937,13.0093645]},"properties":{"name":"TV Tower","operator":"BMTC","osm_id":7132495616}},{"type":"Feature","geometry":{"type":"Point","coordinates":[77.593684,13.0040058]},"properties":{"name":"JC Nagara","operator":"BMTC","osm_id":7132495617}},{"type":"Feature","geometry":{"type":"Point","coordinates":[77.5945475,13.0009928]},"properties":{"name":"Jayamahal","operator":"BMTC","osm_id":7132495618}},{"type":"Feature","geometry":{"type":"Point","coordinates":[77.6143934,12.9576576]},"properties":{"name":"Neelasandra Bus Stand","operator":"BMTC","osm_id":7132495619}},{"type":"Feature","geometry":{"type":"Point","coordinates":[77.6143393,12.9576621]},"properties":{"name":"Neelasandra Bus Stand","operator":"BMTC","osm_id":7132495620}},{"type":"Feature","geometry":{"type":"Point","coordinates":[77.61752,12.9536998]},"properties":{"name":"Neelasandra Rose Garden","operator":"BMTC","osm_id":7132495621}},{"type":"Feature","geometry":{"type":"Point","coordinates":[77.617509,12.9536772]},"properties":{"name":"Neelasandra Rose Garden","operator":"BMTC","osm_id":7132495622}},{"type":"Feature","geometry":{"type":"Point","coordinates":[77.6173101,12.9537945]},"properties":{"name":"Neelasandra Rose Garden","operator":"BMTC","osm_id":7132495623}},{"type":"Feature","geometry":{"type":"Point","coordinates":[77.6143892,12.9576094]},"properties":{"name":"Neelasandra Bus Stand","operator":"BMTC","osm_id":7132495624}},{"type":"Feature","geometry":{"type":"Point","coordinates":[77.6134178,12.9615623]},"properties":{"name":"Austin Town","operator":"BMTC","osm_id":7132495625}},{"type":"Feature","geometry":{"type":"Point","coordinates":[77.613422,12.9616195]},"properties":{"name":"Austin Town","operator":"BMTC","osm_id":7132495626}},{"type":"Feature","geometry":{"type":"Point","coordinates":[77.6100878,12.9648691]},"properties":{"name":"Philomenas Hospital","operator":"BMTC","osm_id":7132495627}},{"type":"Feature","geometry":{"type":"Point","coordinates":[77.6110695,12.9675829]},"properties":{"name":"D'Souza Circle","operator":"BMTC","osm_id":7132495628}},{"type":"Feature","geometry":{"type":"Point","coordinates":[77.6109517,12.9675529]},"properties":{"name":"D'Souza Circle","operator":"BMTC","osm_id":7132495629}},{"type":"Feature","geometry":{"type":"Point","coordinates":[77.6090563,12.9667187]},"properties":{"name":"Lifestyle","operator":"BMTC","osm_id":7132495630}},{"type":"Feature","geometry":{"type":"Point","coordinates":[77.6104351,12.9696923]},"properties":{"name":"Garuda Mall","operator":"BMTC","osm_id":7132495631}},{"type":"Feature","geometry":{"type":"Point","coordinates":[77.6103398,12.9696744]},"properties":{"name":"Garuda Mall","operator":"BMTC","osm_id":7132495632}},{"type":"Feature","geometry":{"type":"Point","coordinates":[77.6105571,12.9718068]},"properties":{"name":"Mayo Hall","operator":"BMTC","osm_id":7132495633}},{"type":"Feature","geometry":{"type":"Point","coordinates":[77.7022647,12.9569774]},"properties":{"name":"Marathahalli Bridge","operator":"BMTC","osm_id":7133498141}},{"type":"Feature","geometry":{"type":"Point","coordinates":[77.6948978,12.9563968]},"properties":{"name":"Marathahalli Market","operator":"BMTC","osm_id":7133498142}},{"type":"Feature","geometry":{"type":"Point","coordinates":[77.6883054,12.9552296]},"properties":{"name":"Yamalur Cross","operator":"BMTC","osm_id":7133498143}},{"type":"Feature","geometry":{"type":"Point","coordinates":[77.6819894,12.9545631]},"properties":{"name":"HAL Kalyanamantapa","operator":"BMTC","osm_id":7133498144}},{"type":"Feature","geometry":{"type":"Point","coordinates":[77.6758942,12.9564816]},"properties":{"name":"Helicopter Division","operator":"BMTC","osm_id":7133498145}},{"type":"Feature","geometry":{"type":"Point","coordinates":[77.6664832,12.9584418]},"properties":{"name":"HAL Main Gate","operator":"BMTC","osm_id":7133498146}},{"type":"Feature","geometry":{"type":"Point","coordinates":[77.6603143,12.9592332]},"properties":{"name":"Konena Agrahara","operator":"BMTC","osm_id":7133498147}},{"type":"Feature","geometry":{"type":"Point","coordinates":[77.6580593,12.9592169]},"properties":{"name":"Murugeshpalaya","operator":"BMTC","osm_id":7133498148}},{"type":"Feature","geometry":{"type":"Point","coordinates":[77.6505169,12.95966]},"properties":{"name":"NAL Manipal Hospital","operator":"BMTC","osm_id":7133498149}},{"type":"Feature","geometry":{"type":"Point","coordinates":[77.6472248,12.9600451]},"properties":{"name":"Kodihalli","operator":"BMTC","osm_id":7133498150}},{"type":"Feature","geometry":{"type":"Point","coordinates":[77.6435673,12.9605112]},"properties":{"name":"Domlur Flyover","operator":"BMTC","osm_id":7133498151}},{"type":"Feature","geometry":{"type":"Point","coordinates":[77.6261607,12.9641253]},"properties":{"name":"Command Hospital","operator":"BMTC","osm_id":7133498156}},{"type":"Feature","geometry":{"type":"Point","coordinates":[77.6210126,12.9670171]},"properties":{"name":"Military Accounts Office","operator":"BMTC","osm_id":7133498157}},{"type":"Feature","geometry":{"type":"Point","coordinates":[77.6117838,12.969826]},"properties":{"name":"Hosmat Hospital","operator":"BMTC","osm_id":7133498158}},{"type":"Feature","geometry":{"type":"Point","coordinates":[77.5993941,12.96737]},"properties":{"name":"Richmond Circle","operator":"BMTC","osm_id":7136947081}},{"type":"Feature","geometry":{"type":"Point","coordinates":[77.5376493,12.9720026]},"properties":{"name":"Vijayanagara","operator":"BMTC","osm_id":7139631430}},{"type":"Feature","geometry":{"type":"Point","coordinates":[77.5210124,12.909837]},"properties":{"name":"Kuvempu Circle","operator":"BMTC","osm_id":7139631431}},{"type":"Feature","geometry":{"type":"Point","coordinates":[77.5499448,12.9993674]},"properties":{"name":"Navarang Theatre","operator":"BMTC","osm_id":7139631432}},{"type":"Feature","geometry":{"type":"Point","coordinates":[77.5500105,12.9993714]},"properties":{"name":"Navarang Theatre","operator":"BMTC","osm_id":7139631433}},{"type":"Feature","geometry":{"type":"Point","coordinates":[77.5483677,12.9844719]},"properties":{"name":"Rajajinagara Industrial Town","operator":"BMTC","osm_id":7139631438}},{"type":"Feature","geometry":{"type":"Point","coordinates":[77.5372585,12.9514778]},"properties":{"name":"Deepanjalinagara","operator":"BMTC","osm_id":7139631477}},{"type":"Feature","geometry":{"type":"Point","coordinates":[77.5367068,12.9497209]},"properties":{"name":"BHEL Gate","operator":"BMTC","osm_id":7139631478}},{"type":"Feature","geometry":{"type":"Point","coordinates":[77.5366535,12.9496358]},"properties":{"name":"BHEL Gate","operator":"BMTC","osm_id":7139631479}},{"type":"Feature","geometry":{"type":"Point","coordinates":[77.5303258,12.946243]},"properties":{"name":"Mysore Road Metro","operator":"BMTC","osm_id":7139674988}},{"type":"Feature","geometry":{"type":"Point","coordinates":[77.6925278,13.0077503]},"properties":{"name":"KR Puram Govt Hospital","operator":"BMTC","osm_id":7139674997}},{"type":"Feature","geometry":{"type":"Point","coordinates":[77.6926517,13.0077565]},"properties":{"name":"KR Puram Govt Hospital","operator":"BMTC","osm_id":7139674998}},{"type":"Feature","geometry":{"type":"Point","coordinates":[77.6852715,13.0054194]},"properties":{"name":"ITI Colony Gate","operator":"BMTC","osm_id":7139674999}},{"type":"Feature","geometry":{"type":"Point","coordinates":[77.6832947,13.0079864]},"properties":{"name":"ITI Circle","operator":"BMTC","osm_id":7139675000}},{"type":"Feature","geometry":{"type":"Point","coordinates":[77.6790457,13.0116711]},"properties":{"name":"Ramamurthy Nagara Church","operator":"BMTC","osm_id":7139675001}},{"type":"Feature","geometry":{"type":"Point","coordinates":[77.6766911,13.011428]},"properties":{"name":"Ramamurthy Nagara Alada Mara","operator":"BMTC","osm_id":7139675002}},{"type":"Feature","geometry":{"type":"Point","coordinates":[77.6733505,13.0115225]},"properties":{"name":"Yarayyanapalya","operator":"BMTC","osm_id":7139675004}},{"type":"Feature","geometry":{"type":"Point","coordinates":[77.6733546,13.0115877]},"properties":{"name":"Yarayyanapalya","operator":"BMTC","osm_id":7139675005}},{"type":"Feature","geometry":{"type":"Point","coordinates":[77.6705459,13.0116244]},"properties":{"name":"Ramamurthy Nagara Manipal","operator":"BMTC","osm_id":7139675006}},{"type":"Feature","geometry":{"type":"Point","coordinates":[77.6679564,13.0120388]},"properties":{"name":"Ramamurthy Nagara Police Station","operator":"BMTC","osm_id":7139675007}},{"type":"Feature","geometry":{"type":"Point","coordinates":[77.6630197,13.0130769]},"properties":{"name":"B Channasandra Bridge","operator":"BMTC","osm_id":7139675008}},{"type":"Feature","geometry":{"type":"Point","coordinates":[77.6582418,13.0143522]},"properties":{"name":"New Baldwin School","operator":"BMTC","osm_id":7139675009}},{"type":"Feature","geometry":{"type":"Point","coordinates":[77.6524783,13.0145836]},"properties":{"name":"Banasawadi","operator":"BMTC","osm_id":7139675010}},{"type":"Feature","geometry":{"type":"Point","coordinates":[77.6524548,13.01461]},"properties":{"name":"Banasawadi","operator":"BMTC","osm_id":7139675011}},{"type":"Feature","geometry":{"type":"Point","coordinates":[77.6509925,13.0143934]},"properties":{"name":"Banasawadi (Towards B Channasandra)","operator":"BMTC","osm_id":7139675012}},{"type":"Feature","geometry":{"type":"Point","coordinates":[77.649754,13.013291]},"properties":{"name":"Steel Factory Banaswadi","operator":"BMTC","osm_id":7139675013}},{"type":"Feature","geometry":{"type":"Point","coordinates":[77.6443111,13.009934]},"properties":{"name":"Maruthi School","operator":"BMTC","osm_id":7139675014}},{"type":"Feature","geometry":{"type":"Point","coordinates":[77.6288423,12.946588]},"properties":{"name":"Ejipura","operator":"BMTC","osm_id":7140560430}},{"type":"Feature","geometry":{"type":"Point","coordinates":[77.6289077,12.946605]},"properties":{"name":"Ejipura","operator":"BMTC","osm_id":7140560431}},{"type":"Feature","geometry":{"type":"Point","coordinates":[77.6261783,12.9500222]},"properties":{"name":"Fairland Shop","operator":"BMTC","osm_id":7140560432}},{"type":"Feature","geometry":{"type":"Point","coordinates":[77.6261947,12.9500437]},"properties":{"name":"Fairland Shop","operator":"BMTC","osm_id":7140560433}},{"type":"Feature","geometry":{"type":"Point","coordinates":[77.6239625,12.9506781]},"properties":{"name":"Shine Bakery","operator":"BMTC","osm_id":7140560434}},{"type":"Feature","geometry":{"type":"Point","coordinates":[77.6239711,12.9507168]},"properties":{"name":"Shine Bakery","operator":"BMTC","osm_id":7140560435}},{"type":"Feature","geometry":{"type":"Point","coordinates":[77.6189999,12.9624367]},"properties":{"name":"ASC Center","operator":"BMTC","osm_id":7140560436}},{"type":"Feature","geometry":{"type":"Point","coordinates":[77.6066495,12.9633386]},"properties":{"name":"Johnson Market","operator":"BMTC","osm_id":7140560437}},{"type":"Feature","geometry":{"type":"Point","coordinates":[77.6060546,12.9588083]},"properties":{"name":"Elgin Floor Mill","operator":"BMTC","osm_id":7140560438}},{"type":"Feature","geometry":{"type":"Point","coordinates":[77.6010322,12.9606812]},"properties":{"name":"Nanjappa Circle","operator":"BMTC","osm_id":7140560440}},{"type":"Feature","geometry":{"type":"Point","coordinates":[77.5969643,12.9621372]},"properties":{"name":"Akkithimmanahalli","operator":"BMTC","osm_id":7140560441}},{"type":"Feature","geometry":{"type":"Point","coordinates":[77.5969666,12.9621501]},"properties":{"name":"Akkithimmanahalli","operator":"BMTC","osm_id":7140560442}},{"type":"Feature","geometry":{"type":"Point","coordinates":[77.5925255,12.9951057]},"properties":{"name":"Ganesha Temple Vasanthanagara","operator":"BMTC","osm_id":7140563287}},{"type":"Feature","geometry":{"type":"Point","coordinates":[77.5887916,12.9929279]},"properties":{"name":"Mount Carmel College","operator":"BMTC","osm_id":7140563288}},{"type":"Feature","geometry":{"type":"Point","coordinates":[77.5887371,12.9890619]},"properties":{"name":"High Grounds Police Station","operator":"BMTC","osm_id":7140563289}},{"type":"Feature","geometry":{"type":"Point","coordinates":[77.588684,12.989061]},"properties":{"name":"High Ground Police Station","operator":"BMTC","osm_id":7140563290}},{"type":"Feature","geometry":{"type":"Point","coordinates":[77.5849485,12.9790169]},"properties":{"name":"Maharani's College","operator":"BMTC","osm_id":7140563293}},{"type":"Feature","geometry":{"type":"Point","coordinates":[77.5848792,12.9790586]},"properties":{"name":"Maharani's College","operator":"BMTC","osm_id":7140563294}},{"type":"Feature","geometry":{"type":"Point","coordinates":[77.5871529,12.9827236]},"properties":{"name":"Telephone Exchange AGO, Vasantha Nagara","operator":"BMTC","osm_id":7140563295}},{"type":"Feature","geometry":{"type":"Point","coordinates":[77.6414434,13.0398404]},"properties":{"name":"Hennur","operator":"BMTC","osm_id":7140581376}},{"type":"Feature","geometry":{"type":"Point","coordinates":[77.6413592,13.0398416]},"properties":{"name":"Hennur","operator":"BMTC","osm_id":7140581377}},{"type":"Feature","geometry":{"type":"Point","coordinates":[77.5866293,12.9756728]},"properties":{"name":"KR Circle","operator":"BMTC","osm_id":7140581378}},{"type":"Feature","geometry":{"type":"Point","coordinates":[77.5865892,12.9757484]},"properties":{"name":"KR Circle","operator":"BMTC","osm_id":7140581379}},{"type":"Feature","geometry":{"type":"Point","coordinates":[77.6408465,13.0666595]},"properties":{"name":"K Narayanapura Main Bus Stand","operator":"BMTC","osm_id":7140581380}},{"type":"Feature","geometry":{"type":"Point","coordinates":[77.640751,13.0664906]},"properties":{"name":"K Narayanapura Main Bus Stand","operator":"BMTC","osm_id":7140581381}},{"type":"Feature","geometry":{"type":"Point","coordinates":[77.5930116,12.9802251]},"properties":{"name":"Vidhana Soudha","operator":"BMTC","osm_id":7140581382}},{"type":"Feature","geometry":{"type":"Point","coordinates":[77.6303379,13.0503945]},"properties":{"name":"Ashwath Nagara Cross","operator":"BMTC","osm_id":7140599428}},{"type":"Feature","geometry":{"type":"Point","coordinates":[77.6302917,13.050419]},"properties":{"name":"Ashwath Nagara Cross","operator":"BMTC","osm_id":7140599429}},{"type":"Feature","geometry":{"type":"Point","coordinates":[77.6430215,13.0657644]},"properties":{"name":"BDS Nagara","operator":"BMTC","osm_id":7141016441}},{"type":"Feature","geometry":{"type":"Point","coordinates":[77.6429906,13.0657342]},"properties":{"name":"BDS Nagara","operator":"BMTC","osm_id":7141016442}},{"type":"Feature","geometry":{"type":"Point","coordinates":[77.588525,12.841314]},"properties":{"name":"Koli Farm Gate","operator":"BMTC","osm_id":7141213431}},{"type":"Feature","geometry":{"type":"Point","coordinates":[77.5882409,12.84616]},"properties":{"name":"Basavanapura Gate","operator":"BMTC","osm_id":7141213432}},{"type":"Feature","geometry":{"type":"Point","coordinates":[77.5883406,12.846154]},"properties":{"name":"Basavanapura Gate","operator":"BMTC","osm_id":7141213433}},{"type":"Feature","geometry":{"type":"Point","coordinates":[77.5889323,12.8568471]},"properties":{"name":"Gottigere","operator":"BMTC","osm_id":7141213434}},{"type":"Feature","geometry":{"type":"Point","coordinates":[77.588979,12.8568494]},"properties":{"name":"Gottigere","operator":"BMTC","osm_id":7141213435}},{"type":"Feature","geometry":{"type":"Point","coordinates":[77.5906236,12.8625507]},"properties":{"name":"Himagiri","operator":"BMTC","osm_id":7141213436}},{"type":"Feature","geometry":{"type":"Point","coordinates":[77.5907318,12.8625173]},"properties":{"name":"Himagiri","operator":"BMTC","osm_id":7141213437}},{"type":"Feature","geometry":{"type":"Point","coordinates":[77.5918195,12.8661079]},"properties":{"name":"Kalena Agrahara","operator":"BMTC","osm_id":7141213438}},{"type":"Feature","geometry":{"type":"Point","coordinates":[77.59192,12.8661075]},"properties":{"name":"Kalena Agrahara","operator":"BMTC","osm_id":7141213439}},{"type":"Feature","geometry":{"type":"Point","coordinates":[77.5935324,12.870872]},"properties":{"name":"Loyola School","operator":"BMTC","osm_id":7141213440}},{"type":"Feature","geometry":{"type":"Point","coordinates":[77.5934063,12.8702731]},"properties":{"name":"Loyola School","operator":"BMTC","osm_id":7141213441}},{"type":"Feature","geometry":{"type":"Point","coordinates":[77.5949435,12.8750501]},"properties":{"name":"Meenakshi Temple","operator":"BMTC","osm_id":7141213442}},{"type":"Feature","geometry":{"type":"Point","coordinates":[77.5950421,12.8749691]},"properties":{"name":"Meenakshi Temple","operator":"BMTC","osm_id":7141213443}},{"type":"Feature","geometry":{"type":"Point","coordinates":[77.5959221,12.8808913]},"properties":{"name":"Hulimavu Gate","operator":"BMTC","osm_id":7141213444}},{"type":"Feature","geometry":{"type":"Point","coordinates":[77.5969188,12.886875]},"properties":{"name":"Arakere BPL","operator":"BMTC","osm_id":7141213445}},{"type":"Feature","geometry":{"type":"Point","coordinates":[77.5982134,12.8906857]},"properties":{"name":"Arakere Gate","operator":"BMTC","osm_id":7141213446}},{"type":"Feature","geometry":{"type":"Point","coordinates":[77.5998338,12.8962812]},"properties":{"name":"IIM Apollo","operator":"BMTC","osm_id":7141213447}},{"type":"Feature","geometry":{"type":"Point","coordinates":[77.6010889,12.9008047]},"properties":{"name":"Bilekahalli","operator":"BMTC","osm_id":7141213448}},{"type":"Feature","geometry":{"type":"Point","coordinates":[77.600381,12.9081964]},"properties":{"name":"JP Nagara 3rd Phase","operator":"BMTC","osm_id":7141213449}},{"type":"Feature","geometry":{"type":"Point","coordinates":[77.6000445,12.9139498]},"properties":{"name":"MICO Layout Checkpost","operator":"BMTC","osm_id":7141213451}},{"type":"Feature","geometry":{"type":"Point","coordinates":[77.6001476,12.9198633]},"properties":{"name":"Gurappanapalya","operator":"BMTC","osm_id":7141213452}},{"type":"Feature","geometry":{"type":"Point","coordinates":[77.6006364,12.9276542]},"properties":{"name":"Ananda Ashrama","operator":"BMTC","osm_id":7141213453}},{"type":"Feature","geometry":{"type":"Point","coordinates":[77.6015318,12.9357411]},"properties":{"name":"Bengaluru Dairy Circle","operator":"BMTC","osm_id":7141213454}},{"type":"Feature","geometry":{"type":"Point","coordinates":[77.6028844,12.9441362]},"properties":{"name":"MICO Factory Junction","operator":"BMTC","osm_id":7141213455}},{"type":"Feature","geometry":{"type":"Point","coordinates":[77.6029372,12.9441426]},"properties":{"name":"MICO Factory Junction","operator":"BMTC","osm_id":7141213456}},{"type":"Feature","geometry":{"type":"Point","coordinates":[77.6048624,12.9525613]},"properties":{"name":"Indian Christian Cemetry","operator":"BMTC","osm_id":7141213457}},{"type":"Feature","geometry":{"type":"Point","coordinates":[77.604851,12.9525963]},"properties":{"name":"Indian Christian Cemetry","operator":"BMTC","osm_id":7141213458}},{"type":"Feature","geometry":{"type":"Point","coordinates":[77.6060678,12.9581048]},"properties":{"name":"Elgin Flour Mill","operator":"BMTC","osm_id":7141213459}},{"type":"Feature","geometry":{"type":"Point","coordinates":[77.606172,12.958096]},"properties":{"name":"Elgin Flour Mill","operator":"BMTC","osm_id":7141213460}},{"type":"Feature","geometry":{"type":"Point","coordinates":[77.6067133,12.9636456]},"properties":{"name":"Johnson Market","operator":"BMTC","osm_id":7141213461}},{"type":"Feature","geometry":{"type":"Point","coordinates":[77.6068103,12.9636413]},"properties":{"name":"Johnson Market","operator":"BMTC","osm_id":7141213462}},{"type":"Feature","geometry":{"type":"Point","coordinates":[77.6068606,12.965706]},"properties":{"name":"Vellara Junction","operator":"BMTC","osm_id":7141213463}},{"type":"Feature","geometry":{"type":"Point","coordinates":[77.6067531,12.9714805]},"properties":{"name":"Brigade Road","operator":"BMTC","osm_id":7141213464}},{"type":"Feature","geometry":{"type":"Point","coordinates":[77.6636509,13.0288308]},"properties":{"name":"Jayanthi Nagar","operator":"BMTC","osm_id":7141286365}},{"type":"Feature","geometry":{"type":"Point","coordinates":[77.6637201,13.0288888]},"properties":{"name":"Jayanthi Nagar","operator":"BMTC","osm_id":7141286366}},{"type":"Feature","geometry":{"type":"Point","coordinates":[77.6549656,13.0367175]},"properties":{"name":"Horamavu Agara","operator":"BMTC","osm_id":7141286367}},{"type":"Feature","geometry":{"type":"Point","coordinates":[77.6549479,13.0367725]},"properties":{"name":"Horamavu Agara","operator":"BMTC","osm_id":7141286368}},{"type":"Feature","geometry":{"type":"Point","coordinates":[77.6504602,13.0377788]},"properties":{"name":"Shilpa Bakery","operator":"BMTC","osm_id":7141286369}},{"type":"Feature","geometry":{"type":"Point","coordinates":[77.6465206,13.0386081]},"properties":{"name":"Vaddarapalya","operator":"BMTC","osm_id":7141286370}},{"type":"Feature","geometry":{"type":"Point","coordinates":[77.6439857,13.0390694]},"properties":{"name":"Hennur","operator":"BMTC","osm_id":7141286371}},{"type":"Feature","geometry":{"type":"Point","coordinates":[77.5998853,13.0044671]},"properties":{"name":"Marappa Garden","operator":"BMTC","osm_id":7141291014}},{"type":"Feature","geometry":{"type":"Point","coordinates":[77.603523,13.0030311]},"properties":{"name":"Chinnappa Garden","operator":"BMTC","osm_id":7141291015}},{"type":"Feature","geometry":{"type":"Point","coordinates":[77.5995619,13.0007836]},"properties":{"name":"Nandidurga Road","operator":"BMTC","osm_id":7141291016}},{"type":"Feature","geometry":{"type":"Point","coordinates":[77.6013756,12.9956014]},"properties":{"name":"Canara Bank Millers Road","operator":"BMTC","osm_id":7141291017}},{"type":"Feature","geometry":{"type":"Point","coordinates":[77.6499664,13.0259775]},"properties":{"name":"Mariyamma Layout","operator":"BMTC","osm_id":7142073288}},{"type":"Feature","geometry":{"type":"Point","coordinates":[77.6473928,13.0227678]},"properties":{"name":"Babusabpalya","operator":"BMTC","osm_id":7142073289}},{"type":"Feature","geometry":{"type":"Point","coordinates":[77.6432954,13.0238751]},"properties":{"name":"HRBR Layout Cross","operator":"BMTC","osm_id":7142073290}},{"type":"Feature","geometry":{"type":"Point","coordinates":[77.643224,13.0238806]},"properties":{"name":"HRBR Layout Cross","operator":"BMTC","osm_id":7142073291}},{"type":"Feature","geometry":{"type":"Point","coordinates":[77.6432227,13.0210815]},"properties":{"name":"80ft Road HRBR Layout","operator":"BMTC","osm_id":7142073292}},{"type":"Feature","geometry":{"type":"Point","coordinates":[77.6431757,13.0210831]},"properties":{"name":"80ft Road HRBR Layout","operator":"BMTC","osm_id":7142073293}},{"type":"Feature","geometry":{"type":"Point","coordinates":[77.609861,12.993241]},"properties":{"name":"Coles Park","operator":"BMTC","osm_id":7142073294}},{"type":"Feature","geometry":{"type":"Point","coordinates":[77.5814153,12.9734934]},"properties":{"name":"Cauvery Bhavana","operator":"BMTC","osm_id":7142097522}},{"type":"Feature","geometry":{"type":"Point","coordinates":[77.5814541,12.9734679]},"properties":{"name":"Cauvery Bhavana","operator":"BMTC","osm_id":7142097523}},{"type":"Feature","geometry":{"type":"Point","coordinates":[77.5858877,12.9768247]},"properties":{"name":"Maharani College, KR Circle","operator":"BMTC","osm_id":7142097524}},{"type":"Feature","geometry":{"type":"Point","coordinates":[77.5858556,12.9767664]},"properties":{"name":"Maharani College, KR Circle","operator":"BMTC","osm_id":7142097525}},{"type":"Feature","geometry":{"type":"Point","coordinates":[77.5899909,12.977223]},"properties":{"name":"Vidhana Soudha","operator":"BMTC","osm_id":7142097526}},{"type":"Feature","geometry":{"type":"Point","coordinates":[77.5963121,12.9835542]},"properties":{"name":"Indian Express","operator":"BMTC","osm_id":7142097527}},{"type":"Feature","geometry":{"type":"Point","coordinates":[77.5963419,12.9835004]},"properties":{"name":"Indian Express","operator":"BMTC","osm_id":7142097528}},{"type":"Feature","geometry":{"type":"Point","coordinates":[77.6019141,12.9918487]},"properties":{"name":"Bamboo Bazar","operator":"BMTC","osm_id":7142097529}},{"type":"Feature","geometry":{"type":"Point","coordinates":[77.6019113,12.9918092]},"properties":{"name":"Bamboo Bazar","operator":"BMTC","osm_id":7142097530}},{"type":"Feature","geometry":{"type":"Point","coordinates":[77.6116831,13.0009088]},"properties":{"name":"Frazer Town","operator":"BMTC","osm_id":7142097531}},{"type":"Feature","geometry":{"type":"Point","coordinates":[77.612152,13.0028703]},"properties":{"name":"Doddi","operator":"BMTC","osm_id":7142097533}},{"type":"Feature","geometry":{"type":"Point","coordinates":[77.6122002,13.0028662]},"properties":{"name":"Doddi","operator":"BMTC","osm_id":7142097534}},{"type":"Feature","geometry":{"type":"Point","coordinates":[77.6126039,13.0070581]},"properties":{"name":"Canara Bank Tannery Road","operator":"BMTC","osm_id":7142097535}},{"type":"Feature","geometry":{"type":"Point","coordinates":[77.6132761,13.0085601]},"properties":{"name":"Periyar Nagara Circle","operator":"BMTC","osm_id":7142097536}},{"type":"Feature","geometry":{"type":"Point","coordinates":[77.6133053,13.0085327]},"properties":{"name":"Periyar Nagara Circle","operator":"BMTC","osm_id":7142097537}},{"type":"Feature","geometry":{"type":"Point","coordinates":[77.6151005,13.0105005]},"properties":{"name":"Muslim Colony","operator":"BMTC","osm_id":7142097538}},{"type":"Feature","geometry":{"type":"Point","coordinates":[77.6151332,13.0104745]},"properties":{"name":"Muslim Colony","operator":"BMTC","osm_id":7142097539}},{"type":"Feature","geometry":{"type":"Point","coordinates":[77.6160651,13.0119477]},"properties":{"name":"Postal and Telecom Colony","operator":"BMTC","osm_id":7142097540}},{"type":"Feature","geometry":{"type":"Point","coordinates":[77.6160921,13.0119314]},"properties":{"name":"Postal and Telecom Colony","operator":"BMTC","osm_id":7142097541}},{"type":"Feature","geometry":{"type":"Point","coordinates":[77.617511,13.0152581]},"properties":{"name":"Venkateshapura","operator":"BMTC","osm_id":7142097542}},{"type":"Feature","geometry":{"type":"Point","coordinates":[77.6190418,13.0211026]},"properties":{"name":"Kadugondanahalli Police Station","operator":"BMTC","osm_id":7142097543}},{"type":"Feature","geometry":{"type":"Point","coordinates":[77.6190707,13.0211014]},"properties":{"name":"Kadugondanahalli Police Station","operator":"BMTC","osm_id":7142097544}},{"type":"Feature","geometry":{"type":"Point","coordinates":[77.6126119,13.023115]},"properties":{"name":"Ambedkar Medical College Shampura","operator":"BMTC","osm_id":7142097545}},{"type":"Feature","geometry":{"type":"Point","coordinates":[77.6126347,13.0231175]},"properties":{"name":"Ambedkar Medical College Shampura","operator":"BMTC","osm_id":7142097546}},{"type":"Feature","geometry":{"type":"Point","coordinates":[77.6319434,13.0560139]},"properties":{"name":"Thanisandra","operator":"BMTC","osm_id":7142097547}},{"type":"Feature","geometry":{"type":"Point","coordinates":[77.6320513,13.0559857]},"properties":{"name":"Thanisandra","operator":"BMTC","osm_id":7142097548}},{"type":"Feature","geometry":{"type":"Point","coordinates":[77.626494,13.0574993]},"properties":{"name":"IBM Gate","operator":"BMTC","osm_id":7142097549}},{"type":"Feature","geometry":{"type":"Point","coordinates":[77.5619169,12.9823871]},"properties":{"name":"Sujatha Talkies","operator":"BMTC","osm_id":7142722717}},{"type":"Feature","geometry":{"type":"Point","coordinates":[77.5622065,12.9823721]},"properties":{"name":"Sujatha Talkies","operator":"BMTC","osm_id":7142722718}},{"type":"Feature","geometry":{"type":"Point","coordinates":[77.5567862,12.9847197]},"properties":{"name":"Rajajinagar Entrance","operator":"BMTC","osm_id":7146770606}},{"type":"Feature","geometry":{"type":"Point","coordinates":[77.556936,12.9844532]},"properties":{"name":"Rajajinagar Entrance","operator":"BMTC","osm_id":7146770607}},{"type":"Feature","geometry":{"type":"Point","coordinates":[77.4718825,12.882469]},"properties":{"name":"Provident Sunworth Apartments","operator":"BMTC","osm_id":7146872946}},{"type":"Feature","geometry":{"type":"Point","coordinates":[77.548925,12.978421]},"properties":{"name":"Aralimara Industrial Area Rajajinagara","operator":"BMTC","osm_id":7156536799}},{"type":"Feature","geometry":{"type":"Point","coordinates":[77.5342294,12.9631313]},"properties":{"name":"Vijayanagara","operator":"BMTC","osm_id":7156536814}},{"type":"Feature","geometry":{"type":"Point","coordinates":[77.5343062,12.9631003]},"properties":{"name":"Vijayanagara Garage","operator":"BMTC","osm_id":7156536815}},{"type":"Feature","geometry":{"type":"Point","coordinates":[77.5639827,12.9914325]},"properties":{"name":"Bandi Reddy Circle","operator":"BMTC","osm_id":7156865437}},{"type":"Feature","geometry":{"type":"Point","coordinates":[77.5663773,12.9947434]},"properties":{"name":"Chowdeshwari Temple","operator":"BMTC","osm_id":7156865438}},{"type":"Feature","geometry":{"type":"Point","coordinates":[77.5663975,12.9947442]},"properties":{"name":"Chowdeshwari Temple","operator":"BMTC","osm_id":7156865439}},{"type":"Feature","geometry":{"type":"Point","coordinates":[77.5682527,12.9935055]},"properties":{"name":"Ramamandira","operator":"BMTC","osm_id":7156865440}},{"type":"Feature","geometry":{"type":"Point","coordinates":[77.569703,12.9932748]},"properties":{"name":"MD Block","operator":"BMTC","osm_id":7156865441}},{"type":"Feature","geometry":{"type":"Point","coordinates":[77.5868815,12.9840467]},"properties":{"name":"RC College","operator":"BMTC","osm_id":7156865442}},{"type":"Feature","geometry":{"type":"Point","coordinates":[77.5868205,12.9839279]},"properties":{"name":"RC College","operator":"BMTC","osm_id":7156865443}},{"type":"Feature","geometry":{"type":"Point","coordinates":[77.5949609,12.9817965]},"properties":{"name":"GPO","operator":"BMTC","osm_id":7156865444}},{"type":"Feature","geometry":{"type":"Point","coordinates":[77.5949469,12.981735]},"properties":{"name":"GPO","operator":"BMTC","osm_id":7156865445}},{"type":"Feature","geometry":{"type":"Point","coordinates":[77.5922081,12.9830369]},"properties":{"name":"Raj Bhavan","operator":"BMTC","osm_id":7156865446}},{"type":"Feature","geometry":{"type":"Point","coordinates":[77.5921641,12.9829373]},"properties":{"name":"Raj Bhavan","operator":"BMTC","osm_id":7156865447}},{"type":"Feature","geometry":{"type":"Point","coordinates":[77.6040613,13.0266238]},"properties":{"name":"Sultanpalya","operator":"BMTC","osm_id":7156942399}},{"type":"Feature","geometry":{"type":"Point","coordinates":[77.6033636,13.0246006]},"properties":{"name":"Ashwathkatte Sultanpalya","operator":"BMTC","osm_id":7156942400}},{"type":"Feature","geometry":{"type":"Point","coordinates":[77.6033127,13.0246071]},"properties":{"name":"Ashwathkatte Sultanpalya","operator":"BMTC","osm_id":7156942401}},{"type":"Feature","geometry":{"type":"Point","coordinates":[77.6069712,12.9777052]},"properties":{"name":"Maniksha Parade Ground","operator":"BMTC","osm_id":7156942402}},{"type":"Feature","geometry":{"type":"Point","coordinates":[77.6106751,12.9807778]},"properties":{"name":"Dickenson Road","operator":"BMTC","osm_id":7156942403}},{"type":"Feature","geometry":{"type":"Point","coordinates":[77.6142741,12.979429]},"properties":{"name":"Hasanath College","operator":"BMTC","osm_id":7156942404}},{"type":"Feature","geometry":{"type":"Point","coordinates":[77.6138595,12.9739911]},"properties":{"name":"Electric B Station","operator":"BMTC","osm_id":7156942405}},{"type":"Feature","geometry":{"type":"Point","coordinates":[77.621435,12.9728436]},"properties":{"name":"Lido Talkies","operator":"BMTC","osm_id":7156942406}},{"type":"Feature","geometry":{"type":"Point","coordinates":[77.6252824,12.97496]},"properties":{"name":"Halasur Police Station","operator":"BMTC","osm_id":7156942407}},{"type":"Feature","geometry":{"type":"Point","coordinates":[77.6320722,12.9781418]},"properties":{"name":"Lakshmipura Ulsoor","operator":"BMTC","osm_id":7156942408}},{"type":"Feature","geometry":{"type":"Point","coordinates":[77.6362627,12.9782082]},"properties":{"name":"Double Road Indiranagara","operator":"BMTC","osm_id":7156942409}},{"type":"Feature","geometry":{"type":"Point","coordinates":[77.6466319,12.9777293]},"properties":{"name":"CMH Hospital","operator":"BMTC","osm_id":7156942411}},{"type":"Feature","geometry":{"type":"Point","coordinates":[77.646845,12.9742017]},"properties":{"name":"Thippasandra","operator":"BMTC","osm_id":7156942412}},{"type":"Feature","geometry":{"type":"Point","coordinates":[77.6495815,12.9686142]},"properties":{"name":"Kodihalli","operator":"BMTC","osm_id":7156942413}},{"type":"Feature","geometry":{"type":"Point","coordinates":[77.6559992,12.9674869]},"properties":{"name":"Petrol Bunk","operator":"BMTC","osm_id":7156942414}},{"type":"Feature","geometry":{"type":"Point","coordinates":[77.6559953,12.9674562]},"properties":{"name":"Petrol Bunk","operator":"BMTC","osm_id":7156942415}},{"type":"Feature","geometry":{"type":"Point","coordinates":[77.6575968,12.9658273]},"properties":{"name":"Jeevanbheema Nagara","operator":"BMTC","osm_id":7156942416}},{"type":"Feature","geometry":{"type":"Point","coordinates":[77.5711392,13.0086193]},"properties":{"name":"Malleshwaram 18th Cross","operator":"BMTC","osm_id":7156971592}},{"type":"Feature","geometry":{"type":"Point","coordinates":[77.5711125,13.008731]},"properties":{"name":"Malleshwaram 18th Cross","operator":"BMTC","osm_id":7156971593}},{"type":"Feature","geometry":{"type":"Point","coordinates":[77.5780216,12.994438]},"properties":{"name":"RMS Sheshadripuram","operator":"BMTC","osm_id":7156971594}},{"type":"Feature","geometry":{"type":"Point","coordinates":[77.5820504,12.9984759]},"properties":{"name":"RM Guttahalli","operator":"BMTC","osm_id":7156971595}},{"type":"Feature","geometry":{"type":"Point","coordinates":[77.5820187,12.998441]},"properties":{"name":"RM Guttahalli","operator":"BMTC","osm_id":7156971596}},{"type":"Feature","geometry":{"type":"Point","coordinates":[77.5920953,12.9952241]},"properties":{"name":"Ganesha Temple Vasanthanagara","operator":"BMTC","osm_id":7156971597}},{"type":"Feature","geometry":{"type":"Point","coordinates":[77.5920926,12.995202]},"properties":{"name":"Ganesha Temple Vasanthanagara","operator":"BMTC","osm_id":7156971598}},{"type":"Feature","geometry":{"type":"Point","coordinates":[77.5799874,12.9538368]},"properties":{"name":"Minarva Circle, Rashtriya Vidyalaya Road","operator":"BMTC","osm_id":7157856781}},{"type":"Feature","geometry":{"type":"Point","coordinates":[77.585581,12.9540427]},"properties":{"name":"Lalbagh Main Gate","operator":"BMTC","osm_id":7157856782}},{"type":"Feature","geometry":{"type":"Point","coordinates":[77.6288083,12.9942117]},"properties":{"name":"Jeevanahalli Cross","operator":"BMTC","osm_id":7157856783}},{"type":"Feature","geometry":{"type":"Point","coordinates":[77.6288179,12.9942724]},"properties":{"name":"Jeevanahalli Cross","operator":"BMTC","osm_id":7157856784}},{"type":"Feature","geometry":{"type":"Point","coordinates":[77.6238615,12.9958452]},"properties":{"name":"Pankaj Dairy","operator":"BMTC","osm_id":7157889185}},{"type":"Feature","geometry":{"type":"Point","coordinates":[77.6238812,12.9958484]},"properties":{"name":"Pankaj Dairy","operator":"BMTC","osm_id":7157889186}},{"type":"Feature","geometry":{"type":"Point","coordinates":[77.6098757,12.9804923]},"properties":{"name":"Commercial Street","operator":"BMTC","osm_id":7157889187}},{"type":"Feature","geometry":{"type":"Point","coordinates":[77.5917316,12.954921]},"properties":{"name":"Shanthinagara Bus Stop KH Road","operator":"BMTC","osm_id":7157889188}},{"type":"Feature","geometry":{"type":"Point","coordinates":[77.6014488,12.9746794]},"properties":{"name":"State Bank India Garage","operator":"BMTC","osm_id":7157889189}},{"type":"Feature","geometry":{"type":"Point","coordinates":[77.5930442,12.9583151]},"properties":{"name":"KH Road, Double Road","operator":"BMTC","osm_id":7157889191}},{"type":"Feature","geometry":{"type":"Point","coordinates":[77.5836082,12.953102]},"properties":{"name":"Krumbigal Road","operator":"BMTC","osm_id":7157895258}},{"type":"Feature","geometry":{"type":"Point","coordinates":[77.5917926,12.954792]},"properties":{"name":"Shanthinagara Bus Stop KH Road","operator":"BMTC","osm_id":7157895259}},{"type":"Feature","geometry":{"type":"Point","coordinates":[77.6042478,12.9658163]},"properties":{"name":"Richmond Circle","operator":"BMTC","osm_id":7157895260}},{"type":"Feature","geometry":{"type":"Point","coordinates":[77.6161015,12.9694725]},"properties":{"name":"Hosmat Hospital","operator":"BMTC","osm_id":7157895261}},{"type":"Feature","geometry":{"type":"Point","coordinates":[77.5135027,12.9151947]},"properties":{"name":"Double Road","operator":"BMTC","osm_id":7157992184}},{"type":"Feature","geometry":{"type":"Point","coordinates":[77.5546506,12.9690863]},"properties":{"name":"Kempapura Agrahara","operator":"BMTC","osm_id":7164445935}},{"type":"Feature","geometry":{"type":"Point","coordinates":[77.5593047,12.9687913]},"properties":{"name":"Railway Gate Kempapura","operator":"BMTC","osm_id":7164445936}},{"type":"Feature","geometry":{"type":"Point","coordinates":[77.5594742,12.9614186]},"properties":{"name":"Sirsi Circle","operator":"BMTC","osm_id":7164445937}},{"type":"Feature","geometry":{"type":"Point","coordinates":[77.5594828,12.9612418]},"properties":{"name":"Sirsi Circle","operator":"BMTC","osm_id":7164445938}},{"type":"Feature","geometry":{"type":"Point","coordinates":[77.5677992,12.9634944]},"properties":{"name":"Vinayaka Talkies KR Market","operator":"BMTC","osm_id":7164445940}},{"type":"Feature","geometry":{"type":"Point","coordinates":[77.6638138,12.8552525]},"properties":{"name":"Bus Stop","operator":"BMTC","osm_id":7179096794}},{"type":"Feature","geometry":{"type":"Point","coordinates":[77.6603337,12.8508834]},"properties":{"name":"Crown Plaza","operator":"BMTC","osm_id":7179096795}},{"type":"Feature","geometry":{"type":"Point","coordinates":[77.661702,12.850569]},"properties":{"name":"Electronic City Bus Station","operator":"BMTC Volvo","osm_id":7179096798}},{"type":"Feature","geometry":{"type":"Point","coordinates":[77.5491513,13.0041628]},"properties":{"name":"Rajaji Nagar 1st Block","operator":"BMTC","osm_id":7201051896}},{"type":"Feature","geometry":{"type":"Point","coordinates":[77.5491817,13.0041618]},"properties":{"name":"Rajaji Nagar 1st Block","operator":"BMTC","osm_id":7201051897}},{"type":"Feature","geometry":{"type":"Point","coordinates":[77.5768709,12.9811159]},"properties":{"name":"Anand Rao","operator":"BMTC","osm_id":7205667885}},{"type":"Feature","geometry":{"type":"Point","coordinates":[77.6363506,13.0264542]},"properties":{"name":"Kalyananagara Junction","operator":"BMTC","osm_id":7206360778}},{"type":"Feature","geometry":{"type":"Point","coordinates":[77.6364058,13.0263618]},"properties":{"name":"Kalyananagara Junction","operator":"BMTC","osm_id":7206360779}},{"type":"Feature","geometry":{"type":"Point","coordinates":[77.6362396,13.0263932]},"properties":{"name":"Kalyananagara Junction","operator":"BMTC","osm_id":7206360780}},{"type":"Feature","geometry":{"type":"Point","coordinates":[77.5510063,12.9980898]},"properties":{"name":"Navarang Theatre","operator":"BMTC","osm_id":7215440252}},{"type":"Feature","geometry":{"type":"Point","coordinates":[77.5684152,13.0144454]},"properties":{"name":"Tata Institute","operator":"BMTC","osm_id":7215593397}},{"type":"Feature","geometry":{"type":"Point","coordinates":[77.5682737,13.0144349]},"properties":{"name":"Tata Institute","operator":"BMTC","osm_id":7215593398}},{"type":"Feature","geometry":{"type":"Point","coordinates":[77.628856,13.0346004]},"properties":{"name":"HBR Layout","operator":"BMTC","osm_id":7216398999}},{"type":"Feature","geometry":{"type":"Point","coordinates":[77.6288883,13.0346167]},"properties":{"name":"HBR Layout","operator":"BMTC","osm_id":7216399000}},{"type":"Feature","geometry":{"type":"Point","coordinates":[77.6283771,13.0352451]},"properties":{"name":"HBR Layout","operator":"BMTC","osm_id":7216399001}},{"type":"Feature","geometry":{"type":"Point","coordinates":[77.6283201,13.0352027]},"properties":{"name":"HBR Layout","operator":"BMTC","osm_id":7216399002}},{"type":"Feature","geometry":{"type":"Point","coordinates":[77.6316918,13.0293448]},"properties":{"name":"Hennur Cross","operator":"BMTC","osm_id":7216399023}},{"type":"Feature","geometry":{"type":"Point","coordinates":[77.6316127,13.029461]},"properties":{"name":"Hennur Cross","operator":"BMTC","osm_id":7216399024}},{"type":"Feature","geometry":{"type":"Point","coordinates":[77.6018306,13.0435142]},"properties":{"name":"Kempapura","operator":"BMTC","osm_id":7216620550}},{"type":"Feature","geometry":{"type":"Point","coordinates":[77.6096311,13.0431991]},"properties":{"name":"Lumbini Gardens","operator":"BMTC","osm_id":7216699820}},{"type":"Feature","geometry":{"type":"Point","coordinates":[77.6094579,13.0432701]},"properties":{"name":"Lumbini Gardens","operator":"BMTC","osm_id":7216699821}},{"type":"Feature","geometry":{"type":"Point","coordinates":[77.6097425,13.043198]},"properties":{"name":"Lumbini Gardens","operator":"BMTC","osm_id":7216699822}},{"type":"Feature","geometry":{"type":"Point","coordinates":[77.6183731,13.040877]},"properties":{"name":"Manyatha Tech Park","operator":"BMTC","osm_id":7216699836}},{"type":"Feature","geometry":{"type":"Point","coordinates":[77.6184473,13.0408346]},"properties":{"name":"Manyatha Tech Park","operator":"BMTC","osm_id":7216699837}},{"type":"Feature","geometry":{"type":"Point","coordinates":[77.6182622,13.0408171]},"properties":{"name":"Manyatha Tech Park","operator":"BMTC","osm_id":7216699838}},{"type":"Feature","geometry":{"type":"Point","coordinates":[77.6204108,13.041146]},"properties":{"name":"Manyatha Tech Park","operator":"BMTC","osm_id":7216699946}},{"type":"Feature","geometry":{"type":"Point","coordinates":[77.6204098,13.0411801]},"properties":{"name":"Manyatha Tech Park","operator":"BMTC","osm_id":7216699947}},{"type":"Feature","geometry":{"type":"Point","coordinates":[77.5681275,13.0978189]},"properties":{"name":"Atturu Layout Yelahanka Road","operator":"BMTC","osm_id":7220757409}},{"type":"Feature","geometry":{"type":"Point","coordinates":[77.5679438,13.0978025]},"properties":{"name":"Atturu Layout Yelahanka Road","operator":"BMTC","osm_id":7220757410}},{"type":"Feature","geometry":{"type":"Point","coordinates":[77.5679409,13.097818]},"properties":{"name":"Atturu Layout Yelahanka Road","operator":"BMTC","osm_id":7220757411}},{"type":"Feature","geometry":{"type":"Point","coordinates":[77.5837071,13.0199738]},"properties":{"name":"Mekhri Circle","operator":"BMTC","osm_id":7223109289}},{"type":"Feature","geometry":{"type":"Point","coordinates":[77.5837085,13.0200927]},"properties":{"name":"Mekhri Circle","operator":"BMTC","osm_id":7223109290}},{"type":"Feature","geometry":{"type":"Point","coordinates":[77.5837125,13.0201985]},"properties":{"name":"Mekhri Circle","operator":"BMTC","osm_id":7223109291}},{"type":"Feature","geometry":{"type":"Point","coordinates":[77.5837192,13.0203763]},"properties":{"name":"Mekhri Circle","operator":"BMTC","osm_id":7223109292}},{"type":"Feature","geometry":{"type":"Point","coordinates":[77.585423,13.0258423]},"properties":{"name":"CBI","operator":"BMTC","osm_id":7223109301}},{"type":"Feature","geometry":{"type":"Point","coordinates":[77.5855168,13.0258842]},"properties":{"name":"CBI","operator":"BMTC","osm_id":7223109302}},{"type":"Feature","geometry":{"type":"Point","coordinates":[77.5871095,13.0302097]},"properties":{"name":"UAS Campus","operator":"BMTC","osm_id":7223109325}},{"type":"Feature","geometry":{"type":"Point","coordinates":[77.5876111,13.0326896]},"properties":{"name":"Veterinary College","operator":"BMTC","osm_id":7223109329}},{"type":"Feature","geometry":{"type":"Point","coordinates":[77.5462761,13.0578543]},"properties":{"name":"Gangamma Circle","operator":"BMTC","osm_id":7227496212}},{"type":"Feature","geometry":{"type":"Point","coordinates":[77.5446379,13.0676844]},"properties":{"name":"Double Tank","operator":"BMTC","osm_id":7227496235}},{"type":"Feature","geometry":{"type":"Point","coordinates":[77.544685,13.0676794]},"properties":{"name":"Double Tank","operator":"BMTC","osm_id":7227496236}},{"type":"Feature","geometry":{"type":"Point","coordinates":[77.5553971,13.0859779]},"properties":{"name":"Jelly Machine Yalahanka","operator":"BMTC","osm_id":7227496274}},{"type":"Feature","geometry":{"type":"Point","coordinates":[77.5554179,13.0859294]},"properties":{"name":"Jelly Machine Yalahanka","operator":"BMTC","osm_id":7227496275}},{"type":"Feature","geometry":{"type":"Point","coordinates":[77.5593881,13.0922103]},"properties":{"name":"Bettahalli Layout","operator":"BMTC","osm_id":7227496279}},{"type":"Feature","geometry":{"type":"Point","coordinates":[77.5464563,13.0884746]},"properties":{"name":"Sambhram College","operator":"BMTC","osm_id":7227502968}},{"type":"Feature","geometry":{"type":"Point","coordinates":[77.557418,13.0354023]},"properties":{"name":"Mattikere","operator":"BMTC","osm_id":7228148573}},{"type":"Feature","geometry":{"type":"Point","coordinates":[77.5573879,13.0354072]},"properties":{"name":"Mattikere","operator":"BMTC","osm_id":7228148574}},{"type":"Feature","geometry":{"type":"Point","coordinates":[77.5575791,13.0356116]},"properties":{"name":"Mattikere","operator":"BMTC","osm_id":7228148575}},{"type":"Feature","geometry":{"type":"Point","coordinates":[77.5572981,13.0412801]},"properties":{"name":"Gokula","operator":"BMTC","osm_id":7228151785}},{"type":"Feature","geometry":{"type":"Point","coordinates":[77.5567791,13.0452884]},"properties":{"name":"BEL Circle","operator":"BMTC","osm_id":7228151799}},{"type":"Feature","geometry":{"type":"Point","coordinates":[77.5568026,13.0452035]},"properties":{"name":"BEL Circle","operator":"BMTC","osm_id":7228151800}},{"type":"Feature","geometry":{"type":"Point","coordinates":[77.5567023,13.0451532]},"properties":{"name":"BEL Circle","operator":"BMTC","osm_id":7228151801}},{"type":"Feature","geometry":{"type":"Point","coordinates":[77.5540416,13.0492231]},"properties":{"name":"State Bank BEL Circle","operator":"BMTC","osm_id":7228151819}},{"type":"Feature","geometry":{"type":"Point","coordinates":[77.5541009,13.0492614]},"properties":{"name":"State Bank BEL Circle","operator":"BMTC","osm_id":7228151820}},{"type":"Feature","geometry":{"type":"Point","coordinates":[77.5536219,13.0498272]},"properties":{"name":"State Bank BEL Circle","operator":"BMTC","osm_id":7228151824}},{"type":"Feature","geometry":{"type":"Point","coordinates":[77.5522549,13.0514377]},"properties":{"name":"BEL Market","operator":"BMTC","osm_id":7228151833}},{"type":"Feature","geometry":{"type":"Point","coordinates":[77.5522068,13.0514021]},"properties":{"name":"BEL Market","operator":"BMTC","osm_id":7228151834}},{"type":"Feature","geometry":{"type":"Point","coordinates":[77.5521058,13.0516456]},"properties":{"name":"BEL Market","operator":"BMTC","osm_id":7228151835}},{"type":"Feature","geometry":{"type":"Point","coordinates":[77.5492387,13.0545807]},"properties":{"name":"HMT House","operator":"BMTC","osm_id":7228151838}},{"type":"Feature","geometry":{"type":"Point","coordinates":[77.5755659,13.1228903]},"properties":{"name":"CRPF","operator":"BMTC","osm_id":7230011142}},{"type":"Feature","geometry":{"type":"Point","coordinates":[77.571448,13.1298007]},"properties":{"name":"Nagenahalli Gate","operator":"BMTC","osm_id":7230109757}},{"type":"Feature","geometry":{"type":"Point","coordinates":[77.5751945,13.0148505]},"properties":{"name":"CPRI","operator":"BMTC","osm_id":7232196274}},{"type":"Feature","geometry":{"type":"Point","coordinates":[77.5750862,13.014816]},"properties":{"name":"CPRI","operator":"BMTC","osm_id":7232196275}},{"type":"Feature","geometry":{"type":"Point","coordinates":[77.5623903,12.9827491]},"properties":{"name":"Sujatha Talkies","operator":"BMTC","osm_id":7236205633}},{"type":"Feature","geometry":{"type":"Point","coordinates":[77.5624563,12.9826229]},"properties":{"name":"Sujatha Talkies","operator":"BMTC","osm_id":7236205634}},{"type":"Feature","geometry":{"type":"Point","coordinates":[77.6160773,13.0001398]},"properties":{"name":"Mosque Road","operator":"BMTC","osm_id":7255929446}},{"type":"Feature","geometry":{"type":"Point","coordinates":[77.6160988,13.0001384]},"properties":{"name":"Mosque Road","operator":"BMTC","osm_id":7255929447}},{"type":"Feature","geometry":{"type":"Point","coordinates":[77.6121067,13.0012072]},"properties":{"name":"Frazer Town","operator":"BMTC","osm_id":7255929464}},{"type":"Feature","geometry":{"type":"Point","coordinates":[77.6121318,13.0011811]},"properties":{"name":"Frazer Town","operator":"BMTC","osm_id":7255929465}},{"type":"Feature","geometry":{"type":"Point","coordinates":[77.6093812,12.9994445]},"properties":{"name":"Harris Road","operator":"BMTC","osm_id":7255929468}},{"type":"Feature","geometry":{"type":"Point","coordinates":[77.6337062,13.0277468]},"properties":{"name":"Hennur Cross","operator":"BMTC","osm_id":7256979592}},{"type":"Feature","geometry":{"type":"Point","coordinates":[77.6409185,13.0368297]},"properties":{"name":"Hennuru Bande","operator":"BMTC","osm_id":7256979623}},{"type":"Feature","geometry":{"type":"Point","coordinates":[77.6427715,13.0437112]},"properties":{"name":"Janaki Rama Layout","operator":"BMTC","osm_id":7256979676}},{"type":"Feature","geometry":{"type":"Point","coordinates":[77.6427881,13.0436506]},"properties":{"name":"Janaki Rama Layout","operator":"BMTC","osm_id":7256979677}},{"type":"Feature","geometry":{"type":"Point","coordinates":[77.607847,13.0434329]},"properties":{"name":"Lumbini Gardens","operator":"BMTC","osm_id":7256985305}},{"type":"Feature","geometry":{"type":"Point","coordinates":[77.6075598,13.0434781]},"properties":{"name":"Lumbini Gardens","operator":"BMTC","osm_id":7256985306}},{"type":"Feature","geometry":{"type":"Point","coordinates":[77.6260757,13.0379996]},"properties":{"name":"HBR Layout 5th Block","operator":"BMTC","osm_id":7256985322}},{"type":"Feature","geometry":{"type":"Point","coordinates":[77.582214,13.0145459]},"properties":{"name":"Mekhri Circle","operator":"BMTC","osm_id":7257189833}},{"type":"Feature","geometry":{"type":"Point","coordinates":[77.584,13.0197222]},"properties":{"name":"Mekhri Circle","operator":"BMTC","osm_id":7257189838}},{"type":"Feature","geometry":{"type":"Point","coordinates":[77.5840113,13.0199181]},"properties":{"name":"Mekhri Circle","operator":"BMTC","osm_id":7257189839}},{"type":"Feature","geometry":{"type":"Point","coordinates":[77.5840235,13.0232851]},"properties":{"name":"Gangenahalli","operator":"BMTC","osm_id":7257189853}},{"type":"Feature","geometry":{"type":"Point","coordinates":[77.5839946,13.0233865]},"properties":{"name":"Gangenahalli","operator":"BMTC","osm_id":7257189854}},{"type":"Feature","geometry":{"type":"Point","coordinates":[77.5854562,13.0256818]},"properties":{"name":"CBI","operator":"BMTC","osm_id":7257189856}},{"type":"Feature","geometry":{"type":"Point","coordinates":[77.5726554,13.016181]},"properties":{"name":"Sadashivanagara Police Station","operator":"BMTC","osm_id":7257695667}},{"type":"Feature","geometry":{"type":"Point","coordinates":[77.5726283,13.0161793]},"properties":{"name":"Sadashivanagara Police Station","operator":"BMTC","osm_id":7257695668}},{"type":"Feature","geometry":{"type":"Point","coordinates":[77.5722329,13.0226839]},"properties":{"name":"CPRI Quarters","operator":"BMTC","osm_id":7257695677}},{"type":"Feature","geometry":{"type":"Point","coordinates":[77.5722903,13.0226929]},"properties":{"name":"CPRI Quarters","operator":"BMTC","osm_id":7257695678}},{"type":"Feature","geometry":{"type":"Point","coordinates":[77.571905,13.0268661]},"properties":{"name":"MS Ramaiah Hospital","operator":"BMTC","osm_id":7257695683}},{"type":"Feature","geometry":{"type":"Point","coordinates":[77.5719356,13.0268786]},"properties":{"name":"MS Ramaiah Hospital","operator":"BMTC","osm_id":7257695684}},{"type":"Feature","geometry":{"type":"Point","coordinates":[77.5894094,12.8345371]},"properties":{"name":"Tulip Resort Cross","operator":"BMTC","osm_id":7259994462}},{"type":"Feature","geometry":{"type":"Point","coordinates":[77.5886249,12.8413007]},"properties":{"name":"Koli Farm Gate","operator":"BMTC","osm_id":7259994471}},{"type":"Feature","geometry":{"type":"Point","coordinates":[77.7323149,12.8615328]},"properties":{"name":"Head Start School Gate","operator":"BMTC","osm_id":7260004311}},{"type":"Feature","geometry":{"type":"Point","coordinates":[77.5870015,12.983973]},"properties":{"name":"RC College","operator":"BMTC","osm_id":7276500303}},{"type":"Feature","geometry":{"type":"Point","coordinates":[77.5765751,12.9831464]},"properties":{"name":"KPCC Office","operator":"BMTC","osm_id":7276500359}},{"type":"Feature","geometry":{"type":"Point","coordinates":[77.6630783,12.9212384]},"properties":{"name":"Ibbaluru","operator":"Bengaluru Metro Transport Corporation","osm_id":7276566940}},{"type":"Feature","geometry":{"type":"Point","coordinates":[77.6371646,12.9252461]},"properties":{"name":"Jakkasandra","operator":"Bengaluru Metropolitan Tranport Corporation","osm_id":7277381411}},{"type":"Feature","geometry":{"type":"Point","coordinates":[77.6346785,12.925122]},"properties":{"name":"1st Block Koramangala","operator":"BMTC","osm_id":7277381416}},{"type":"Feature","geometry":{"type":"Point","coordinates":[77.6348354,12.9251364]},"properties":{"name":"1st Block Koramangala","operator":"BMTC","osm_id":7277381417}},{"type":"Feature","geometry":{"type":"Point","coordinates":[77.6348395,12.9250739]},"properties":{"name":"1st Block Koramangala","operator":"BMTC","osm_id":7277381418}},{"type":"Feature","geometry":{"type":"Point","coordinates":[77.6307423,12.9243856]},"properties":{"name":"John Fowler","operator":"BMTC","osm_id":7277381421}},{"type":"Feature","geometry":{"type":"Point","coordinates":[77.6299687,12.9241479]},"properties":{"name":"John Fowler","operator":"BMTC","osm_id":7277381427}},{"type":"Feature","geometry":{"type":"Point","coordinates":[77.6227986,12.9268106]},"properties":{"name":"Koramangala Water Tank","operator":"BMTC","osm_id":7277381428}},{"type":"Feature","geometry":{"type":"Point","coordinates":[77.6227936,12.926867]},"properties":{"name":"Koramangala Water Tank","operator":"BMTC","osm_id":7277381429}},{"type":"Feature","geometry":{"type":"Point","coordinates":[77.6160012,12.9294716]},"properties":{"name":"St. John's Hospital","operator":"BMTC","osm_id":7277381435}},{"type":"Feature","geometry":{"type":"Point","coordinates":[77.6161149,12.9295048]},"properties":{"name":"St. John's Hospital","operator":"BMTC","osm_id":7277381436}},{"type":"Feature","geometry":{"type":"Point","coordinates":[77.5122102,12.8984779]},"properties":{"name":"Ganakkal","operator":"BMTC","osm_id":7279005503}},{"type":"Feature","geometry":{"type":"Point","coordinates":[77.5836333,12.9215014]},"properties":{"name":"Jayanagara 38th Cross","operator":"BMTC","osm_id":7287518232}},{"type":"Feature","geometry":{"type":"Point","coordinates":[77.5609285,12.861874]},"properties":{"name":"Anjanapura Cross","operator":"BMTC","osm_id":7287658059}},{"type":"Feature","geometry":{"type":"Point","coordinates":[77.5819353,12.8879133]},"properties":{"name":"RBI Layout","operator":"BMTC","osm_id":7288169237}},{"type":"Feature","geometry":{"type":"Point","coordinates":[77.5876191,12.9280356]},"properties":{"name":"Jayanagara Church","operator":"BMTC","osm_id":7290820052}},{"type":"Feature","geometry":{"type":"Point","coordinates":[77.551535,13.0118968]},"properties":{"name":"ISKCON Temple","operator":"BMTC","osm_id":7291611563}},{"type":"Feature","geometry":{"type":"Point","coordinates":[77.5678893,12.9824553]},"properties":{"name":"Okalipura","operator":"BMTC","osm_id":7292218766}},{"type":"Feature","geometry":{"type":"Point","coordinates":[77.5880067,12.9667074]},"properties":{"name":"Corporation Circle","operator":"BMTC","osm_id":7292436089}},{"type":"Feature","geometry":{"type":"Point","coordinates":[77.588118,12.966842]},"properties":{"name":"Corporation Circle","operator":"BMTC","osm_id":7292436090}},{"type":"Feature","geometry":{"type":"Point","coordinates":[77.5873387,12.9681954]},"properties":{"name":"Corporation","operator":"BMTC","osm_id":7292436123}},{"type":"Feature","geometry":{"type":"Point","coordinates":[77.5873811,12.9681907]},"properties":{"name":"Corporation","operator":"BMTC","osm_id":7292436124}},{"type":"Feature","geometry":{"type":"Point","coordinates":[77.5865073,12.9685004]},"properties":{"name":"Corporation","operator":"BMTC","osm_id":7292436125}},{"type":"Feature","geometry":{"type":"Point","coordinates":[77.5824183,12.9721532]},"properties":{"name":"Mysore Bank","operator":"BMTC","osm_id":7292436132}},{"type":"Feature","geometry":{"type":"Point","coordinates":[77.5822601,12.9722682]},"properties":{"name":"Mysore Bank","operator":"BMTC","osm_id":7292436133}},{"type":"Feature","geometry":{"type":"Point","coordinates":[77.6052319,12.9534708]},"properties":{"name":"Anepalya","operator":"BMTC","osm_id":7293708127}},{"type":"Feature","geometry":{"type":"Point","coordinates":[77.6051527,12.9531008]},"properties":{"name":"Anepalya","operator":"BMTC","osm_id":7293708128}},{"type":"Feature","geometry":{"type":"Point","coordinates":[77.6051795,12.9533583]},"properties":{"name":"Anepalya","operator":"BMTC","osm_id":7293708129}},{"type":"Feature","geometry":{"type":"Point","coordinates":[77.6052292,12.9537582]},"properties":{"name":"Anepalya","operator":"BMTC","osm_id":7293708130}},{"type":"Feature","geometry":{"type":"Point","coordinates":[77.5908682,12.9678456]},"properties":{"name":"Hudson Circle","operator":"BMTC","osm_id":7293719451}},{"type":"Feature","geometry":{"type":"Point","coordinates":[77.59109,12.9679138]},"properties":{"name":"Hudson Circle","operator":"BMTC","osm_id":7293719452}},{"type":"Feature","geometry":{"type":"Point","coordinates":[77.6097671,12.9390151]},"properties":{"name":"Adugodi Police Station","operator":"BMTC","osm_id":7293817082}},{"type":"Feature","geometry":{"type":"Point","coordinates":[77.6094326,12.9398973]},"properties":{"name":"Adugodi Police Station","operator":"BMTC","osm_id":7293817083}},{"type":"Feature","geometry":{"type":"Point","coordinates":[77.6094322,12.940032]},"properties":{"name":"Adugodi Police Station","operator":"BMTC","osm_id":7293817084}},{"type":"Feature","geometry":{"type":"Point","coordinates":[77.6073573,12.9447399]},"properties":{"name":"Adugodi","operator":"BMTC","osm_id":7293817087}},{"type":"Feature","geometry":{"type":"Point","coordinates":[77.6061203,12.9492019]},"properties":{"name":"Pothalappa Garden","operator":"BMTC","osm_id":7293817154}},{"type":"Feature","geometry":{"type":"Point","coordinates":[77.6052759,12.9522037]},"properties":{"name":"Anepalya","operator":"BMTC","osm_id":7293817164}},{"type":"Feature","geometry":{"type":"Point","coordinates":[77.6053002,12.9521192]},"properties":{"name":"Anepalya","operator":"BMTC","osm_id":7293817167}},{"type":"Feature","geometry":{"type":"Point","coordinates":[77.6507879,12.9243847]},"properties":{"name":"Agara","operator":"Bengaluru Metropolitan Transport Corporation","osm_id":7294282999}},{"type":"Feature","geometry":{"type":"Point","coordinates":[77.6352486,12.9161183]},"properties":{"name":"HSR Layout BDA Complex","operator":"BMTC","osm_id":7294283041}},{"type":"Feature","geometry":{"type":"Point","coordinates":[77.6351761,12.916089]},"properties":{"name":"HSR Layout BDA Complex","operator":"BMTC","osm_id":7294283042}},{"type":"Feature","geometry":{"type":"Point","coordinates":[77.6245029,12.917519]},"properties":{"name":"Central Silk Board","operator":"BMTC","osm_id":7294283055}},{"type":"Feature","geometry":{"type":"Point","coordinates":[77.6244453,12.9175581]},"properties":{"name":"Central Silk Board","operator":"BMTC","osm_id":7294283056}},{"type":"Feature","geometry":{"type":"Point","coordinates":[77.6244009,12.9175046]},"properties":{"name":"Central Silk Board","operator":"BMTC","osm_id":7294283057}},{"type":"Feature","geometry":{"type":"Point","coordinates":[77.6209509,12.9196739]},"properties":{"name":"Madiwala","operator":"BMTC","osm_id":7294299969}},{"type":"Feature","geometry":{"type":"Point","coordinates":[77.6208436,12.9198229]},"properties":{"name":"Madiwala","operator":"BMTC","osm_id":7294299970}},{"type":"Feature","geometry":{"type":"Point","coordinates":[77.620727,12.9200033]},"properties":{"name":"Madiwala","operator":"BMTC","osm_id":7294299971}},{"type":"Feature","geometry":{"type":"Point","coordinates":[77.6208506,12.920006]},"properties":{"name":"Madiwala","operator":"BMTC","osm_id":7294299975}},{"type":"Feature","geometry":{"type":"Point","coordinates":[77.7586377,13.0322653]},"properties":{"name":"Kannamangala Gate","operator":"BMTC","osm_id":7358701779}},{"type":"Feature","geometry":{"type":"Point","coordinates":[77.7616937,13.0248294]},"properties":{"name":"Sai Lakshmi Industries","operator":"BMTC","osm_id":7396738931}},{"type":"Feature","geometry":{"type":"Point","coordinates":[77.5768372,12.836254]},"properties":{"name":"Bilavaradahalli","operator":"BMTC","osm_id":7402050817}},{"type":"Feature","geometry":{"type":"Point","coordinates":[77.6686079,13.0309876]},"properties":{"name":"Sun Shine School","operator":"BMTC","osm_id":7404474584}},{"type":"Feature","geometry":{"type":"Point","coordinates":[77.6134657,12.8434697]},"properties":{"name":"Mylasandra Cross","operator":"BMTC","osm_id":7433770118}},{"type":"Feature","geometry":{"type":"Point","coordinates":[77.6577616,12.8511902]},"properties":{"name":"Velankani Drive","operator":"BMTC","osm_id":7483988247}},{"type":"Feature","geometry":{"type":"Point","coordinates":[77.6563394,12.9806842]},"properties":{"name":"Bagmane Tech Park","operator":"BMTC","osm_id":7488396058}},{"type":"Feature","geometry":{"type":"Point","coordinates":[77.6021357,12.9391739]},"properties":{"name":"Bus Stop","operator":"BMTC","osm_id":7528043667}},{"type":"Feature","geometry":{"type":"Point","coordinates":[77.6088949,12.9914254]},"properties":{"name":"Coles Park","operator":"BMTC","osm_id":7617898606}},{"type":"Feature","geometry":{"type":"Point","coordinates":[77.6816765,12.9624428]},"properties":{"name":"Ramesh Nagar Bus stop","operator":"BMTC","osm_id":7728385526}},{"type":"Feature","geometry":{"type":"Point","coordinates":[77.4718418,12.8824672]},"properties":{"name":"Provident Sunworth Apartments","operator":"BMTC","osm_id":7822834607}},{"type":"Feature","geometry":{"type":"Point","coordinates":[77.5416662,12.9992146]},"properties":{"name":"Shankar Mutt","operator":"BMTC","osm_id":8240881789}},{"type":"Feature","geometry":{"type":"Point","coordinates":[77.5511256,12.8839598]},"properties":{"name":"Gubbalala Gate","operator":"BMTC","osm_id":8459829311}},{"type":"Feature","geometry":{"type":"Point","coordinates":[77.5533325,13.02183]},"properties":{"name":"Yeshwantpura","operator":"BMTC","osm_id":8534479339}},{"type":"Feature","geometry":{"type":"Point","coordinates":[77.6012737,12.9356855]},"properties":{"name":"Dairy circle (towards lakkasandra)","operator":"BMTC","osm_id":8559578718}},{"type":"Feature","geometry":{"type":"Point","coordinates":[77.5866527,12.9756053]},"properties":{"name":"KR Circle","operator":"BMTC","osm_id":9140200257}},{"type":"Feature","geometry":{"type":"Point","coordinates":[77.5688175,12.9969081]},"properties":{"name":"Malleshwaram Circle","operator":"BMTC","osm_id":9141920977}},{"type":"Feature","geometry":{"type":"Point","coordinates":[77.5371413,12.9822316]},"properties":{"name":"Siddaiah Puranik Junction","operator":"BMTC","osm_id":9161008241}},{"type":"Feature","geometry":{"type":"Point","coordinates":[77.5376291,12.9882597]},"properties":{"name":"Havanuru Circle","operator":"BMTC","osm_id":9161008257}},{"type":"Feature","geometry":{"type":"Point","coordinates":[77.5385914,12.9918959]},"properties":{"name":"Kamalanagar 8th Main","operator":"BMTC","osm_id":9161008259}},{"type":"Feature","geometry":{"type":"Point","coordinates":[77.537201,12.9822201]},"properties":{"name":"Siddaiah Puranik Junction","operator":"BMTC","osm_id":9161008265}},{"type":"Feature","geometry":{"type":"Point","coordinates":[77.5372068,12.9830778]},"properties":{"name":"Siddaiah Puranik Junction","operator":"BMTC","osm_id":9161008284}},{"type":"Feature","geometry":{"type":"Point","coordinates":[77.5372303,12.9830788]},"properties":{"name":"Siddaiah Puranik Junction","operator":"BMTC","osm_id":9161008285}},{"type":"Feature","geometry":{"type":"Point","coordinates":[77.5189278,12.9580737]},"properties":{"name":"Nagarbhavi Circle","operator":"BMTC","osm_id":9167818413}},{"type":"Feature","geometry":{"type":"Point","coordinates":[77.5206544,12.9595234]},"properties":{"name":"Bus Stop","operator":"BMTC","osm_id":9167841816}},{"type":"Feature","geometry":{"type":"Point","coordinates":[77.5381791,12.9731035]},"properties":{"name":"Vijayanagar","operator":"BMTC","osm_id":9167850482}},{"type":"Feature","geometry":{"type":"Point","coordinates":[77.5443065,12.9740795]},"properties":{"name":"Manuvana/Hosahalli Metro station","operator":"BMTC","osm_id":9167852642}},{"type":"Feature","geometry":{"type":"Point","coordinates":[77.4997562,12.9517777]},"properties":{"name":"Bangalore University Quarters","operator":"BMTC","osm_id":9167881071}},{"type":"Feature","geometry":{"type":"Point","coordinates":[77.4954923,12.945414]},"properties":{"name":"Mariappanapalya","operator":"BMTC","osm_id":9213240987}},{"type":"Feature","geometry":{"type":"Point","coordinates":[77.5047583,12.9652036]},"properties":{"name":"Ambedkar College","operator":"BMTC","osm_id":9213240988}},{"type":"Feature","geometry":{"type":"Point","coordinates":[77.5191572,12.9877707]},"properties":{"name":"Summanahalli","operator":"BMTC","osm_id":9213247901}},{"type":"Feature","geometry":{"type":"Point","coordinates":[77.5032946,12.9580697]},"properties":{"name":"Mallathahalli","operator":"BMTC","osm_id":9213271145}},{"type":"Feature","geometry":{"type":"Point","coordinates":[77.4937189,12.942324]},"properties":{"name":"Kenchapura Bus Stop","operator":"BMTC","osm_id":9213284937}},{"type":"Feature","geometry":{"type":"Point","coordinates":[77.4999694,12.9527254]},"properties":{"name":"University quarters bus stop","operator":"BMTC","osm_id":9213290715}},{"type":"Feature","geometry":{"type":"Point","coordinates":[77.5048879,12.9665643]},"properties":{"name":"Deepa Complex","operator":"BMTC","osm_id":9213291196}},{"type":"Feature","geometry":{"type":"Point","coordinates":[77.5105425,12.9793561]},"properties":{"name":"Nagarbhavi BDA complex","operator":"BMTC","osm_id":9213292244}},{"type":"Feature","geometry":{"type":"Point","coordinates":[77.4969355,12.948248]},"properties":{"name":"PVP School","operator":"BMTC","osm_id":9213293424}},{"type":"Feature","geometry":{"type":"Point","coordinates":[77.5141451,12.9878393]},"properties":{"name":"Kottegepalya","operator":"BMTC","osm_id":9213315346}},{"type":"Feature","geometry":{"type":"Point","coordinates":[77.5042369,12.96047]},"properties":{"name":"Kengunte cross","operator":"BMTC","osm_id":9213635315}},{"type":"Feature","geometry":{"type":"Point","coordinates":[77.6794318,13.0400484]},"properties":{"name":"K Channasandra","operator":"BMTC","osm_id":9363060449}},{"type":"Feature","geometry":{"type":"Point","coordinates":[77.5804174,12.9877594]},"properties":{"name":"Shivananda Stores","operator":"BMTC","osm_id":9573433527}},{"type":"Feature","geometry":{"type":"Point","coordinates":[77.6499433,12.903547]},"properties":{"name":"HSR KEB Junction","operator":"BMTC","osm_id":9622903014}},{"type":"Feature","geometry":{"type":"Point","coordinates":[77.4867571,12.9290165]},"properties":{"name":"Kengeri Church Stop","operator":"BMTC","osm_id":9623843260}},{"type":"Feature","geometry":{"type":"Point","coordinates":[77.5992467,12.9672877]},"properties":{"name":"Richmond Circle","operator":"BMTC","osm_id":9633893507}},{"type":"Feature","geometry":{"type":"Point","coordinates":[77.5995767,12.9675763]},"properties":{"name":"Richmond Circle","operator":"BMTC","osm_id":9633893508}},{"type":"Feature","geometry":{"type":"Point","coordinates":[77.5389635,12.9510336]},"properties":{"name":"Bus Stop","operator":"BMTC","osm_id":9654236888}},{"type":"Feature","geometry":{"type":"Point","coordinates":[77.5389954,12.9509272]},"properties":{"name":"Bus Stop","operator":"BMTC","osm_id":9654236889}},{"type":"Feature","geometry":{"type":"Point","coordinates":[77.4911126,12.9185625]},"properties":{"name":"Mylasandra Cross","operator":"BMTC","osm_id":9654247750}},{"type":"Feature","geometry":{"type":"Point","coordinates":[77.483849,12.9212141]},"properties":{"name":"Society","operator":"bmtc","osm_id":9674982349}},{"type":"Feature","geometry":{"type":"Point","coordinates":[77.5971299,12.983377]},"properties":{"name":"Indian Express","operator":"BMTC","osm_id":9688218522}},{"type":"Feature","geometry":{"type":"Point","coordinates":[77.5971848,12.9834529]},"properties":{"name":"Indian Express","operator":"BMTC","osm_id":9688218523}},{"type":"Feature","geometry":{"type":"Point","coordinates":[77.5127389,12.9609553]},"properties":{"name":"Nagarabhavi 12th Block","operator":"BMTC","osm_id":9690149029}},{"type":"Feature","geometry":{"type":"Point","coordinates":[77.5686963,13.0338561]},"properties":{"name":"ITI Colony","operator":"BMTC","osm_id":9709501441}},{"type":"Feature","geometry":{"type":"Point","coordinates":[77.5811906,13.0049151]},"properties":{"name":"Bashayam Circle","operator":"BMTC","osm_id":9759746751}},{"type":"Feature","geometry":{"type":"Point","coordinates":[77.564306,12.9964495]},"properties":{"name":"Devaiah Park","operator":"BMTC","osm_id":9759859786}},{"type":"Feature","geometry":{"type":"Point","coordinates":[77.5887322,12.9928951]},"properties":{"name":"Mount Carmel College","operator":"BMTC","osm_id":9779286692}},{"type":"Feature","geometry":{"type":"Point","coordinates":[77.5694375,12.9974283]},"properties":{"name":"Malleshwaram Circle","operator":"BMTC","osm_id":9786116679}},{"type":"Feature","geometry":{"type":"Point","coordinates":[77.6184996,13.0015161]},"properties":{"name":"East Railway Station Bus Stop","operator":"BMTC","osm_id":9786123498}},{"type":"Feature","geometry":{"type":"Point","coordinates":[77.6185274,13.0015767]},"properties":{"name":"East Railway Station Bus Stop","operator":"BMTC","osm_id":9786123499}},{"type":"Feature","geometry":{"type":"Point","coordinates":[77.6148087,12.9792762]},"properties":{"name":"Hasanath College","operator":"BMTC","osm_id":9796232707}},{"type":"Feature","geometry":{"type":"Point","coordinates":[77.6148261,12.9793239]},"properties":{"name":"Hasanath College","operator":"BMTC","osm_id":9796232708}},{"type":"Feature","geometry":{"type":"Point","coordinates":[77.6240467,12.9819363]},"properties":{"name":"The Millenia","operator":"BMTC","osm_id":9811371626}},{"type":"Feature","geometry":{"type":"Point","coordinates":[77.6240394,12.9819825]},"properties":{"name":"The Millenia","operator":"BMTC","osm_id":9811371627}},{"type":"Feature","geometry":{"type":"Point","coordinates":[77.6201738,12.9752329]},"properties":{"name":"Begum Mahal Ulsoor","operator":"BMTC","osm_id":9811371639}},{"type":"Feature","geometry":{"type":"Point","coordinates":[77.6200787,12.9752411]},"properties":{"name":"Begum Mahal Ulsoor","operator":"BMTC","osm_id":9811371640}},{"type":"Feature","geometry":{"type":"Point","coordinates":[77.5542343,13.0065733]},"properties":{"name":"St. Theresa Hospital","operator":"BMTC","osm_id":9811397060}},{"type":"Feature","geometry":{"type":"Point","coordinates":[77.5542115,13.0064499]},"properties":{"name":"St. Theresa Hospital","operator":"BMTC","osm_id":9811397061}},{"type":"Feature","geometry":{"type":"Point","coordinates":[77.5541861,13.0063146]},"properties":{"name":"St. Theresa Hospital","operator":"BMTC","osm_id":9811397062}},{"type":"Feature","geometry":{"type":"Point","coordinates":[77.5544057,13.0070271]},"properties":{"name":"St. Theresa Hospital","operator":"BMTC","osm_id":9811397064}},{"type":"Feature","geometry":{"type":"Point","coordinates":[77.5535557,12.9971734]},"properties":{"name":"Navarang Theatre","operator":"BMTC","osm_id":9811397087}},{"type":"Feature","geometry":{"type":"Point","coordinates":[77.553608,12.9971205]},"properties":{"name":"Navarang Theatre","operator":"BMTC","osm_id":9811397088}},{"type":"Feature","geometry":{"type":"Point","coordinates":[77.640926,12.978183]},"properties":{"name":"Indiranagar Police Station","operator":"BMTC","osm_id":9814659992}},{"type":"Feature","geometry":{"type":"Point","coordinates":[77.6409534,12.9781764]},"properties":{"name":"Indiranagar Police Station","operator":"BMTC","osm_id":9814659993}},{"type":"Feature","geometry":{"type":"Point","coordinates":[77.6409527,12.9781925]},"properties":{"name":"Indiranagar Police Station","operator":"BMTC","osm_id":9814659994}},{"type":"Feature","geometry":{"type":"Point","coordinates":[77.6995745,12.9512947]},"properties":{"name":"Multiplex Marathahalli","operator":"BMTC","osm_id":9820589340}},{"type":"Feature","geometry":{"type":"Point","coordinates":[77.6973784,12.9749842]},"properties":{"name":"Rainbow Hospital","operator":"BMTC","osm_id":9820589356}},{"type":"Feature","geometry":{"type":"Point","coordinates":[77.6940181,12.9804675]},"properties":{"name":"EMC2","operator":"BMTC","osm_id":9820589363}},{"type":"Feature","geometry":{"type":"Point","coordinates":[77.6856611,12.9933963]},"properties":{"name":"Mahadevapura","operator":"BMTC","osm_id":9820589364}},{"type":"Feature","geometry":{"type":"Point","coordinates":[77.6836231,12.996232]},"properties":{"name":"B. Narayanapura","operator":"BMTC","osm_id":9820589365}},{"type":"Feature","geometry":{"type":"Point","coordinates":[77.6309703,13.0299279]},"properties":{"name":"Hennur Cross","operator":"BMTC","osm_id":9820589373}},{"type":"Feature","geometry":{"type":"Point","coordinates":[77.6018105,13.0435918]},"properties":{"name":"Kempapura","operator":"BMTC","osm_id":9820589377}},{"type":"Feature","geometry":{"type":"Point","coordinates":[77.6625139,13.0112545]},"properties":{"name":"Channasandra","operator":"BMTC","osm_id":9820589380}},{"type":"Feature","geometry":{"type":"Point","coordinates":[77.6859402,12.9934589]},"properties":{"name":"Mahadevapura","operator":"BMTC","osm_id":9820589390}},{"type":"Feature","geometry":{"type":"Point","coordinates":[77.6941743,12.9806913]},"properties":{"name":"EMC2","operator":"BMTC","osm_id":9820589391}},{"type":"Feature","geometry":{"type":"Point","coordinates":[77.6978692,12.9746364]},"properties":{"name":"Rainbow Hospital","operator":"BMTC","osm_id":9820589392}},{"type":"Feature","geometry":{"type":"Point","coordinates":[77.6999162,12.9516284]},"properties":{"name":"Multiplex Marathahalli","operator":"BMTC","osm_id":9820589393}},{"type":"Feature","geometry":{"type":"Point","coordinates":[77.6681618,12.9219291]},"properties":{"name":"Sarjapura Road Junction","operator":"BMTC","osm_id":9820589395}},{"type":"Feature","geometry":{"type":"Point","coordinates":[77.66221,12.9212787]},"properties":{"name":"Ibbaluru","operator":"BMTC","osm_id":9820589396}},{"type":"Feature","geometry":{"type":"Point","coordinates":[77.702647,12.9043359]},"properties":{"name":"Bus Stop","operator":"BMTC","osm_id":9822939241}},{"type":"Feature","geometry":{"type":"Point","coordinates":[77.6691513,12.9186002]},"properties":{"name":"Bus Stop","operator":"BMTC","osm_id":9828595239}},{"type":"Feature","geometry":{"type":"Point","coordinates":[77.7016486,12.9628924]},"properties":{"name":"Bus Stop","operator":"BMTC","osm_id":9836300191}},{"type":"Feature","geometry":{"type":"Point","coordinates":[77.6239316,12.9345998]},"properties":{"name":"Canara Bank Koramangala","operator":"BMTC","osm_id":9857268053}},{"type":"Feature","geometry":{"type":"Point","coordinates":[77.6342411,12.9163977]},"properties":{"name":"HSR Layout BDA Complex","operator":"BMTC","osm_id":9858668202}},{"type":"Feature","geometry":{"type":"Point","coordinates":[77.7399868,12.9569171]},"properties":{"name":"Ramagondanahalli","operator":"BMTC","osm_id":9862573389}},{"type":"Feature","geometry":{"type":"Point","coordinates":[77.7028789,12.9566967]},"properties":{"name":"Marathahalli Bridge","operator":"BMTC","osm_id":9862573405}},{"type":"Feature","geometry":{"type":"Point","coordinates":[77.6117085,12.9699263]},"properties":{"name":"Hosmat Hospital","operator":"BMTC","osm_id":9870882719}},{"type":"Feature","geometry":{"type":"Point","coordinates":[77.6117919,12.9699074]},"properties":{"name":"Hosmat Hospital","operator":"BMTC","osm_id":9870882720}},{"type":"Feature","geometry":{"type":"Point","coordinates":[77.6097782,12.9733555]},"properties":{"name":"Mayo Hall","operator":"BMTC","osm_id":9870882721}},{"type":"Feature","geometry":{"type":"Point","coordinates":[77.6098707,12.9734039]},"properties":{"name":"Mayo Hall","operator":"BMTC","osm_id":9870882722}},{"type":"Feature","geometry":{"type":"Point","coordinates":[77.5107883,13.0800666]},"properties":{"name":"ಡಿ.ಎಸ್ ಸ್ಪ್ಲೆಂಡರ್ ಅಪಾರ್ಟ್ಮೆಂಟ್","operator":"BMTC","osm_id":9887085017}},{"type":"Feature","geometry":{"type":"Point","coordinates":[77.6067587,12.9165373]},"properties":{"name":"BTM Nagar Layout Water Tank","operator":"BMTC","osm_id":9904111098}},{"type":"Feature","geometry":{"type":"Point","coordinates":[77.6067922,12.9165145]},"properties":{"name":"BTM Nagar Layout Water Tank","operator":"BMTC","osm_id":9904111099}},{"type":"Feature","geometry":{"type":"Point","coordinates":[77.6068604,12.9166825]},"properties":{"name":"BTM Water Tank","operator":"BMTC","osm_id":9904111100}},{"type":"Feature","geometry":{"type":"Point","coordinates":[77.5805785,12.9199338]},"properties":{"name":"Jayanagar 5th Block 40th Cross","operator":"BMTC","osm_id":9904130025}},{"type":"Feature","geometry":{"type":"Point","coordinates":[77.6517866,12.9159969]},"properties":{"name":"27th Main 13th Cross HSR Layout","operator":"BMTC","osm_id":9904143773}},{"type":"Feature","geometry":{"type":"Point","coordinates":[77.6518272,12.9159916]},"properties":{"name":"27th Main 13th Cross HSR Layout","operator":"BMTC","osm_id":9904143774}},{"type":"Feature","geometry":{"type":"Point","coordinates":[77.6518901,12.9123432]},"properties":{"name":"NIFT College","operator":"BMTC","osm_id":9904143775}},{"type":"Feature","geometry":{"type":"Point","coordinates":[77.5973398,12.9430233]},"properties":{"name":"Lakkasandra","operator":"BMTC","osm_id":9906259153}},{"type":"Feature","geometry":{"type":"Point","coordinates":[77.5971176,12.9438437]},"properties":{"name":"Lakkasandra","operator":"BMTC","osm_id":9906259160}},{"type":"Feature","geometry":{"type":"Point","coordinates":[77.5565015,12.9984573]},"properties":{"name":"Mariyappanapalya","operator":"BMTC","osm_id":9909999103}},{"type":"Feature","geometry":{"type":"Point","coordinates":[77.5623339,12.9827537]},"properties":{"name":"Sujatha Talkies","operator":"BMTC","osm_id":9909999110}},{"type":"Feature","geometry":{"type":"Point","coordinates":[77.570107,12.9933017]},"properties":{"name":"MD Block","operator":"BMTC","osm_id":9910012978}},{"type":"Feature","geometry":{"type":"Point","coordinates":[77.5700963,12.99341]},"properties":{"name":"MD Block","operator":"BMTC","osm_id":9910012979}},{"type":"Feature","geometry":{"type":"Point","coordinates":[77.5720957,12.9899872]},"properties":{"name":"Central","operator":"BMTC","osm_id":9910012985}},{"type":"Feature","geometry":{"type":"Point","coordinates":[77.5868943,12.9842458]},"properties":{"name":"RC College","operator":"BMTC","osm_id":9910013003}},{"type":"Feature","geometry":{"type":"Point","coordinates":[77.5870321,12.984283]},"properties":{"name":"RC College","operator":"BMTC","osm_id":9910013004}},{"type":"Feature","geometry":{"type":"Point","coordinates":[77.5981481,12.9788437]},"properties":{"name":"Chinnaswamy Stadium","operator":"BMTC","osm_id":9910066819}},{"type":"Feature","geometry":{"type":"Point","coordinates":[77.5981783,12.9787907]},"properties":{"name":"Chinnaswamy Stadium","operator":"BMTC","osm_id":9910066820}},{"type":"Feature","geometry":{"type":"Point","coordinates":[77.5894846,12.9684037]},"properties":{"name":"Corporation Circle (Cubbon Park)","operator":"BMTC","osm_id":9910066832}},{"type":"Feature","geometry":{"type":"Point","coordinates":[77.5895771,12.968473]},"properties":{"name":"Corporation Circle (Cubbon Park)","operator":"BMTC","osm_id":9910066833}},{"type":"Feature","geometry":{"type":"Point","coordinates":[77.5433983,13.0267773]},"properties":{"name":"MEI Factory","operator":"BMTC","osm_id":9912087549}},{"type":"Feature","geometry":{"type":"Point","coordinates":[77.5535604,13.0184869]},"properties":{"name":"Govardhan Talkies","operator":"BMTC","osm_id":9912087568}},{"type":"Feature","geometry":{"type":"Point","coordinates":[77.5536409,13.0185208]},"properties":{"name":"Govardhan Talkies","operator":"BMTC","osm_id":9912087569}},{"type":"Feature","geometry":{"type":"Point","coordinates":[77.5537127,13.0133439]},"properties":{"name":"Government Soap Factory","operator":"BMTC","osm_id":9912087570}},{"type":"Feature","geometry":{"type":"Point","coordinates":[77.5488572,13.0091625]},"properties":{"name":"Mahalakshmi Layout Entrance","operator":"BMTC","osm_id":9912087576}},{"type":"Feature","geometry":{"type":"Point","coordinates":[77.548876,13.0092409]},"properties":{"name":"Mahalakshmi Layout Entrance","operator":"BMTC","osm_id":9912087577}},{"type":"Feature","geometry":{"type":"Point","coordinates":[77.5848991,13.0433459]},"properties":{"name":"Hebbala Bridge","operator":"BMTC","osm_id":9912846618}},{"type":"Feature","geometry":{"type":"Point","coordinates":[77.5848746,13.0433016]},"properties":{"name":"Hebbala Bridge","operator":"BMTC","osm_id":9912846619}},{"type":"Feature","geometry":{"type":"Point","coordinates":[77.5845908,13.0436562]},"properties":{"name":"Hebbala Bridge","operator":"BMTC","osm_id":9912846620}},{"type":"Feature","geometry":{"type":"Point","coordinates":[77.5846217,13.0437052]},"properties":{"name":"Hebbala Bridge","operator":"BMTC","osm_id":9912846621}},{"type":"Feature","geometry":{"type":"Point","coordinates":[77.5736292,13.0471473]},"properties":{"name":"Bhadrappa Layout","operator":"BMTC","osm_id":9912846633}},{"type":"Feature","geometry":{"type":"Point","coordinates":[77.5734584,13.0470966]},"properties":{"name":"Bhadrappa Layout","operator":"BMTC","osm_id":9912846634}},{"type":"Feature","geometry":{"type":"Point","coordinates":[77.5687776,13.0469764]},"properties":{"name":"Devi Nagara","operator":"BMTC","osm_id":9912846640}},{"type":"Feature","geometry":{"type":"Point","coordinates":[77.562269,13.0444761]},"properties":{"name":"Kuvempu Circle","operator":"BMTC","osm_id":9912846652}},{"type":"Feature","geometry":{"type":"Point","coordinates":[77.5531934,13.0436902]},"properties":{"name":"Muthyala Nagara","operator":"BMTC","osm_id":9912846654}},{"type":"Feature","geometry":{"type":"Point","coordinates":[77.5401118,13.0295068]},"properties":{"name":"Goraguntepalya","operator":"BMTC","osm_id":9912846669}},{"type":"Feature","geometry":{"type":"Point","coordinates":[77.5401252,13.0296126]},"properties":{"name":"Goraguntepalya","operator":"BMTC","osm_id":9912846670}},{"type":"Feature","geometry":{"type":"Point","coordinates":[77.540144,13.029708]},"properties":{"name":"Goraguntepalya","operator":"BMTC","osm_id":9912846671}},{"type":"Feature","geometry":{"type":"Point","coordinates":[77.5801089,12.9474363]},"properties":{"name":"Lalbagh West Gate, V V Puram","operator":"BMTC","osm_id":9922831544}},{"type":"Feature","geometry":{"type":"Point","coordinates":[77.5801089,12.9475069]},"properties":{"name":"Lalbagh West Gate, V V Puram","operator":"BMTC","osm_id":9922831545}},{"type":"Feature","geometry":{"type":"Point","coordinates":[77.6258,12.9645072]},"properties":{"name":"Command Hospital","operator":"BMTC","osm_id":9927786375}},{"type":"Feature","geometry":{"type":"Point","coordinates":[77.6225603,12.9312249]},"properties":{"name":"Koramangala BDA Complex","operator":"BMTC","osm_id":9930197117}},{"type":"Feature","geometry":{"type":"Point","coordinates":[77.6225375,12.9312742]},"properties":{"name":"Koramangala BDA Complex","operator":"BMTC","osm_id":9930197118}},{"type":"Feature","geometry":{"type":"Point","coordinates":[77.6226551,12.9319288]},"properties":{"name":"Koramangala BDA Complex","operator":"BMTC","osm_id":9930197119}},{"type":"Feature","geometry":{"type":"Point","coordinates":[77.6317931,12.9384714]},"properties":{"name":"Ejipura Junction","operator":"BMTC","osm_id":9930197122}},{"type":"Feature","geometry":{"type":"Point","coordinates":[77.6317924,12.9384282]},"properties":{"name":"Ejipura Junction","operator":"BMTC","osm_id":9930197123}},{"type":"Feature","geometry":{"type":"Point","coordinates":[77.6416701,12.9634978]},"properties":{"name":"HAL 2nd Stage","operator":"BMTC","osm_id":9930197124}},{"type":"Feature","geometry":{"type":"Point","coordinates":[77.639535,12.9509894]},"properties":{"name":"Embassy Golf Links","operator":"BMTC","osm_id":9930197127}},{"type":"Feature","geometry":{"type":"Point","coordinates":[77.6395482,12.9508858]},"properties":{"name":"Embassy Golf Links","operator":"BMTC","osm_id":9930197128}},{"type":"Feature","geometry":{"type":"Point","coordinates":[77.6395817,12.950946]},"properties":{"name":"Embassy Golf Links","operator":"BMTC","osm_id":9930197129}},{"type":"Feature","geometry":{"type":"Point","coordinates":[77.6396032,12.9510113]},"properties":{"name":"Embassy Golf Links","operator":"BMTC","osm_id":9930197130}},{"type":"Feature","geometry":{"type":"Point","coordinates":[77.6334634,12.9386295]},"properties":{"name":"Ejipura Junction","operator":"BMTC","osm_id":9930197146}},{"type":"Feature","geometry":{"type":"Point","coordinates":[77.6331222,12.9385691]},"properties":{"name":"Ejipura Junction","operator":"BMTC","osm_id":9930197147}},{"type":"Feature","geometry":{"type":"Point","coordinates":[77.5692744,13.003994]},"properties":{"name":"13th Cross","operator":"BMTC","osm_id":9935476925}},{"type":"Feature","geometry":{"type":"Point","coordinates":[77.6094872,12.9399274]},"properties":{"name":"Adugodi Police Station","operator":"BMTC","osm_id":9936867836}},{"type":"Feature","geometry":{"type":"Point","coordinates":[77.731464,12.9883342]},"properties":{"name":"Big Bazaar","operator":"BMTC","osm_id":9937521029}},{"type":"Feature","geometry":{"type":"Point","coordinates":[77.7311874,12.9882001]},"properties":{"name":"Big Bazar","operator":"BMTC","osm_id":9937521030}},{"type":"Feature","geometry":{"type":"Point","coordinates":[77.7273265,12.9768589]},"properties":{"name":"Vydehi Hospital","operator":"BMTC","osm_id":9939828390}},{"type":"Feature","geometry":{"type":"Point","coordinates":[77.6192189,12.9455201]},"properties":{"name":"Passport Office","operator":"BMTC","osm_id":9951257713}},{"type":"Feature","geometry":{"type":"Point","coordinates":[77.6191623,12.9454855]},"properties":{"name":"Passport Office","operator":"BMTC","osm_id":9951257714}},{"type":"Feature","geometry":{"type":"Point","coordinates":[77.6201164,12.9487956]},"properties":{"name":"National Games","operator":"BMTC","osm_id":9951289030}},{"type":"Feature","geometry":{"type":"Point","coordinates":[77.7013376,12.9566237]},"properties":{"name":"Marathahalli Bridge","operator":"BMTC","osm_id":9953019385}},{"type":"Feature","geometry":{"type":"Point","coordinates":[77.700244,12.954008]},"properties":{"name":"Marathahalli Bridge","operator":"BMTC","osm_id":9953019386}},{"type":"Feature","geometry":{"type":"Point","coordinates":[77.7169748,12.9673643]},"properties":{"name":"Brookfields","operator":"BMTC","osm_id":9953066704}},{"type":"Feature","geometry":{"type":"Point","coordinates":[77.692626,12.982724]},"properties":{"name":"Bagmane Rio","operator":"BMTC","osm_id":9967946691}},{"type":"Feature","geometry":{"type":"Point","coordinates":[77.6541742,12.9896869]},"properties":{"name":"Byappanahalli","operator":"BMTC","osm_id":9967971495}},{"type":"Feature","geometry":{"type":"Point","coordinates":[77.7510368,12.9770485]},"properties":{"name":"Ambedkar Nagar","operator":"BMTC","osm_id":9970369575}},{"type":"Feature","geometry":{"type":"Point","coordinates":[77.750437,12.9740054]},"properties":{"name":"Saibaba General Hospital","operator":"BMTC","osm_id":9970369576}},{"type":"Feature","geometry":{"type":"Point","coordinates":[77.726735,12.9763808]},"properties":{"name":"Vydehi Hospital","operator":"BMTC","osm_id":9981143436}},{"type":"Feature","geometry":{"type":"Point","coordinates":[77.7681862,12.9834116]},"properties":{"name":"Channasandra","operator":"BMTC","osm_id":9982048417}},{"type":"Feature","geometry":{"type":"Point","coordinates":[77.7680183,12.9832987]},"properties":{"name":"Channasandra","operator":"BMTC","osm_id":9982048436}},{"type":"Feature","geometry":{"type":"Point","coordinates":[77.7164207,12.992226]},"properties":{"name":"Hoodi Circle","operator":"BMTC","osm_id":9982048446}},{"type":"Feature","geometry":{"type":"Point","coordinates":[77.6760403,13.0003547]},"properties":{"name":"KR Puram Railway Station KIAS stop","operator":"BMTC","osm_id":9986631368}},{"type":"Feature","geometry":{"type":"Point","coordinates":[77.6231178,12.9182691]},"properties":{"name":"Silk Board TTMC","operator":"BMTC","osm_id":9987347294}},{"type":"Feature","geometry":{"type":"Point","coordinates":[77.7440036,12.9865383]},"properties":{"name":"GR Tech Park","operator":"BMTC","osm_id":9988971288}},{"type":"Feature","geometry":{"type":"Point","coordinates":[77.6688503,12.9971131]},"properties":{"name":"Tin Factory","operator":"BMTC","osm_id":9997942626}},{"type":"Feature","geometry":{"type":"Point","coordinates":[77.6995441,12.9495193]},"properties":{"name":"Bus Stop","operator":"BMTC","osm_id":10005771093}},{"type":"Feature","geometry":{"type":"Point","coordinates":[77.5707681,12.9775068]},"properties":{"name":"Railway Station, Majestic","operator":"BMTC","osm_id":10006930128}},{"type":"Feature","geometry":{"type":"Point","coordinates":[77.5708147,12.977526]},"properties":{"name":"Railway Station, Majestic","operator":"BMTC","osm_id":10006930129}},{"type":"Feature","geometry":{"type":"Point","coordinates":[77.6042277,12.9657401]},"properties":{"name":"Richmond Circle","operator":"BMTC","osm_id":10006930158}},{"type":"Feature","geometry":{"type":"Point","coordinates":[77.6894136,12.9884767]},"properties":{"name":"TB Kalyana Mandapa","operator":"BMTC","osm_id":10007048383}},{"type":"Feature","geometry":{"type":"Point","coordinates":[77.6040949,13.0514088]},"properties":{"name":"Kempapura Bus Stop","operator":"BMTC","osm_id":10009663794}},{"type":"Feature","geometry":{"type":"Point","coordinates":[77.562896,13.0094449]},"properties":{"name":"18th Cross Malleshwaram","operator":"BMTC","osm_id":10032974829}},{"type":"Feature","geometry":{"type":"Point","coordinates":[77.5586238,13.0170646]},"properties":{"name":"Yeshwanthpura Circle","operator":"BMTC","osm_id":10032974848}},{"type":"Feature","geometry":{"type":"Point","coordinates":[77.560832,13.0130932]},"properties":{"name":"Mysore Lamps","operator":"BMTC","osm_id":10032974878}},{"type":"Feature","geometry":{"type":"Point","coordinates":[77.5608712,13.0131142]},"properties":{"name":"Mysore Lamps","operator":"BMTC","osm_id":10032974879}},{"type":"Feature","geometry":{"type":"Point","coordinates":[77.5578545,13.0182179]},"properties":{"name":"Yeshwanthpura Circle","operator":"BMTC","osm_id":10032974888}},{"type":"Feature","geometry":{"type":"Point","coordinates":[77.7513099,12.9777529]},"properties":{"name":"Ambedkar Nagara","operator":"BMTC","osm_id":10034231483}},{"type":"Feature","geometry":{"type":"Point","coordinates":[77.5818701,12.9743529]},"properties":{"name":"Cauvery Bhavana","operator":"BMTC","osm_id":10036152486}},{"type":"Feature","geometry":{"type":"Point","coordinates":[77.7165455,12.9558725]},"properties":{"name":"Kundalahalli Gate","operator":"BMTC","osm_id":10037544586}},{"type":"Feature","geometry":{"type":"Point","coordinates":[77.7468792,12.9599565]},"properties":{"name":"Forum Mall","operator":"BMTC","osm_id":10037670739}},{"type":"Feature","geometry":{"type":"Point","coordinates":[77.4829948,13.0169945]},"properties":{"name":"Thigalara Palya","operator":"BMTC","osm_id":10041006056}},{"type":"Feature","geometry":{"type":"Point","coordinates":[77.5186278,12.9580158]},"properties":{"name":"Nagarabhavi Circle","operator":"BMTC","osm_id":10041753219}},{"type":"Feature","geometry":{"type":"Point","coordinates":[77.6133272,12.9323224]},"properties":{"name":"Hosur Junction","operator":"BMTC","osm_id":10043347906}},{"type":"Feature","geometry":{"type":"Point","coordinates":[77.6075165,12.9447421]},"properties":{"name":"Adugodi","operator":"BMTC","osm_id":10043935987}},{"type":"Feature","geometry":{"type":"Point","coordinates":[77.6173123,12.9260627]},"properties":{"name":"Ayappa Temple","operator":"BMTC","osm_id":10043935990}},{"type":"Feature","geometry":{"type":"Point","coordinates":[77.6156476,12.9289585]},"properties":{"name":"St. John's Hospital","operator":"BMTC","osm_id":10043935991}},{"type":"Feature","geometry":{"type":"Point","coordinates":[77.6207639,12.9205403]},"properties":{"name":"Madiwala","operator":"BMTC","osm_id":10043935992}},{"type":"Feature","geometry":{"type":"Point","coordinates":[77.6648625,12.8453804]},"properties":{"name":"State Bank of India","operator":"BMTC","osm_id":10043936002}},{"type":"Feature","geometry":{"type":"Point","coordinates":[77.6603155,12.8448107]},"properties":{"name":"BHEL","operator":"BMTC","osm_id":10043936003}},{"type":"Feature","geometry":{"type":"Point","coordinates":[77.6595579,12.8392965]},"properties":{"name":"Wipro Gate","operator":"BMTC","osm_id":10043936004}},{"type":"Feature","geometry":{"type":"Point","coordinates":[77.7079526,12.9855003]},"properties":{"name":"Bus Stop","operator":"BMTC","osm_id":10051087468}},{"type":"Feature","geometry":{"type":"Point","coordinates":[77.728393,12.9886717]},"properties":{"name":"Shantinikethan","operator":"BMTC","osm_id":10051100474}},{"type":"Feature","geometry":{"type":"Point","coordinates":[77.5491191,12.9814851]},"properties":{"name":"Industrial Area Rajajiangara","operator":"BMTC","osm_id":10054362307}},{"type":"Feature","geometry":{"type":"Point","coordinates":[77.5490929,12.9785414]},"properties":{"name":"Aralimara Industrial Area Rajajinagara","operator":"BMTC","osm_id":10054362308}},{"type":"Feature","geometry":{"type":"Point","coordinates":[77.7112291,12.9733224]},"properties":{"name":"Prestige Technostar","operator":"BMTC","osm_id":10059214637}},{"type":"Feature","geometry":{"type":"Point","coordinates":[77.5215787,12.9931426]},"properties":{"name":"Depot 31 Gate","operator":"BMTC","osm_id":10063886288}},{"type":"Feature","geometry":{"type":"Point","coordinates":[77.6222207,12.9310071]},"properties":{"name":"Koramanagala BDA Complex","operator":"BMTC","osm_id":10066958371}},{"type":"Feature","geometry":{"type":"Point","coordinates":[77.6221866,12.9309406]},"properties":{"name":"Koramanagala BDA Complex","operator":"BMTC","osm_id":10066958372}},{"type":"Feature","geometry":{"type":"Point","coordinates":[77.7012871,12.9600779]},"properties":{"name":"Bus Stop","operator":"BMTC","osm_id":10068658468}},{"type":"Feature","geometry":{"type":"Point","coordinates":[77.6414602,12.9579831]},"properties":{"name":"Domlur Bridge","operator":"BMTC","osm_id":10068685437}},{"type":"Feature","geometry":{"type":"Point","coordinates":[77.6142374,12.9352234]},"properties":{"name":"Jyoti Nivas College","operator":"BMTC","osm_id":10068956812}},{"type":"Feature","geometry":{"type":"Point","coordinates":[77.6186183,12.9375522]},"properties":{"name":"Koramangala Kalyana Mantapa","operator":"BMTC","osm_id":10068956815}},{"type":"Feature","geometry":{"type":"Point","coordinates":[77.6231945,12.9421933]},"properties":{"name":"Bus Stop","operator":"BMTC","osm_id":10068956879}},{"type":"Feature","geometry":{"type":"Point","coordinates":[77.6140566,12.9739504]},"properties":{"name":"Electric B Station","operator":"BMTC","osm_id":10076140414}},{"type":"Feature","geometry":{"type":"Point","coordinates":[77.6472169,12.9241053]},"properties":{"name":"Agara","operator":"BMTC","osm_id":10076263541}},{"type":"Feature","geometry":{"type":"Point","coordinates":[77.5839258,12.9337935]},"properties":{"name":"3rd Block Jayanagara","operator":"BMTC","osm_id":10091709803}},{"type":"Feature","geometry":{"type":"Point","coordinates":[77.4964908,12.9991701]},"properties":{"name":"Nagaravale","operator":"BMTC","osm_id":10110876730}},{"type":"Feature","geometry":{"type":"Point","coordinates":[77.5691317,13.0099026]},"properties":{"name":"Malleswaram 18th Cross","operator":"BMTC","osm_id":10124399192}},{"type":"Feature","geometry":{"type":"Point","coordinates":[77.5506448,12.9896917]},"properties":{"name":"ESI Hospital (towards Vijayanagara)","operator":"BMTC","osm_id":10129524878}},{"type":"Feature","geometry":{"type":"Point","coordinates":[77.5899218,13.0109996]},"properties":{"name":"Fun World Munireddypalya","operator":"BMTC","osm_id":10129602753}},{"type":"Feature","geometry":{"type":"Point","coordinates":[77.589905,13.0109351]},"properties":{"name":"Fun World Munireddypalya","operator":"BMTC","osm_id":10129602754}},{"type":"Feature","geometry":{"type":"Point","coordinates":[77.5898822,13.0109716]},"properties":{"name":"Fun World Munireddypalya","operator":"BMTC","osm_id":10129602755}},{"type":"Feature","geometry":{"type":"Point","coordinates":[77.5898615,13.0110069]},"properties":{"name":"Fun World Munireddypalya","operator":"BMTC","osm_id":10129602756}},{"type":"Feature","geometry":{"type":"Point","coordinates":[77.6657012,12.9204518]},"properties":{"name":"Sarjapura Road Junction","operator":"BMTC","osm_id":10174066574}},{"type":"Feature","geometry":{"type":"Point","coordinates":[77.6567441,12.9807765]},"properties":{"name":"Bagmane Tech Park","operator":"BMTC","osm_id":10181978911}},{"type":"Feature","geometry":{"type":"Point","coordinates":[77.6279305,12.977681]},"properties":{"name":"Halasuru","operator":"BMTC","osm_id":10183737549}},{"type":"Feature","geometry":{"type":"Point","coordinates":[77.6262034,12.9640877]},"properties":{"name":"Command Hospital","operator":"BMTC","osm_id":10183737553}},{"type":"Feature","geometry":{"type":"Point","coordinates":[77.6257739,12.9644573]},"properties":{"name":"Command Hospital","operator":"BMTC","osm_id":10183737558}},{"type":"Feature","geometry":{"type":"Point","coordinates":[77.6215247,12.9728157]},"properties":{"name":"Lido Talkies","operator":"BMTC","osm_id":10183737560}},{"type":"Feature","geometry":{"type":"Point","coordinates":[77.6214901,12.9728007]},"properties":{"name":"Lido Talkies","operator":"BMTC","osm_id":10183737561}},{"type":"Feature","geometry":{"type":"Point","coordinates":[77.621415,12.9727903]},"properties":{"name":"Lido Talkies","operator":"BMTC","osm_id":10183737562}},{"type":"Feature","geometry":{"type":"Point","coordinates":[77.6197325,12.9707267]},"properties":{"name":"Trinity Circle","operator":"BMTC","osm_id":10183737564}},{"type":"Feature","geometry":{"type":"Point","coordinates":[77.6197178,12.9708156]},"properties":{"name":"Trinity Circle","operator":"BMTC","osm_id":10183737565}},{"type":"Feature","geometry":{"type":"Point","coordinates":[77.6196818,12.9707551]},"properties":{"name":"Trinity Circle","operator":"BMTC","osm_id":10183737566}},{"type":"Feature","geometry":{"type":"Point","coordinates":[77.5802162,12.9325103]},"properties":{"name":"Nanda Talkies","operator":"BMTC","osm_id":10282136621}},{"type":"Feature","geometry":{"type":"Point","coordinates":[77.6209247,12.9410235]},"properties":{"name":"Koramangala Police Station","operator":"BMTC","osm_id":10284348027}},{"type":"Feature","geometry":{"type":"Point","coordinates":[77.6117987,12.9352222]},"properties":{"name":"Koramangala Forum Mall","operator":"BMTC","osm_id":10284348035}},{"type":"Feature","geometry":{"type":"Point","coordinates":[77.6029896,12.9444688]},"properties":{"name":"MICO Gate","operator":"BMTC","osm_id":10284348041}},{"type":"Feature","geometry":{"type":"Point","coordinates":[77.7462602,12.9588934]},"properties":{"name":"Bus Stop","operator":"BMTC","osm_id":10284858596}},{"type":"Feature","geometry":{"type":"Point","coordinates":[77.5524849,12.9912355]},"properties":{"name":"ESI Hospital Rajajinagara (Towards Navarang)","operator":"BMTC","osm_id":10285926889}},{"type":"Feature","geometry":{"type":"Point","coordinates":[77.5525774,12.9913688]},"properties":{"name":"ESI Hospital Rajajinagara (Towards Old Police Station)","operator":"BMTC","osm_id":10285926891}},{"type":"Feature","geometry":{"type":"Point","coordinates":[77.5525834,12.9914884]},"properties":{"name":"ESI Hospital Rajajinagara (Towards Old Police Station)","operator":"BMTC","osm_id":10285926892}},{"type":"Feature","geometry":{"type":"Point","coordinates":[77.5525848,12.9916158]},"properties":{"name":"ESI Hospital Rajajinagara (Towards Old Police Station)","operator":"BMTC","osm_id":10285926893}},{"type":"Feature","geometry":{"type":"Point","coordinates":[77.6000646,12.9767481]},"properties":{"name":"MG Statue","operator":"BMTC","osm_id":10295411731}},{"type":"Feature","geometry":{"type":"Point","coordinates":[77.6000287,12.9766871]},"properties":{"name":"MG Statue","operator":"BMTC","osm_id":10295411732}},{"type":"Feature","geometry":{"type":"Point","coordinates":[77.6332998,12.9287689]},"properties":{"name":"Wipro Park","operator":"BMTC","osm_id":10295524763}},{"type":"Feature","geometry":{"type":"Point","coordinates":[77.6247141,12.9261318]},"properties":{"name":"Koramangala CPWD Quarters","operator":"BMTC","osm_id":10295532243}},{"type":"Feature","geometry":{"type":"Point","coordinates":[77.6246591,12.9261211]},"properties":{"name":"Koramangala CPWD Quarters","operator":"BMTC","osm_id":10295532244}},{"type":"Feature","geometry":{"type":"Point","coordinates":[77.6414332,12.9664765]},"properties":{"name":"New Horizon School","operator":"BMTC","osm_id":10296978073}},{"type":"Feature","geometry":{"type":"Point","coordinates":[77.6348111,12.9824401]},"properties":{"name":"Depot 6 Gate","operator":"BMTC","osm_id":10301698758}},{"type":"Feature","geometry":{"type":"Point","coordinates":[77.6908708,12.8473634]},"properties":{"name":"Doddamma Temple","operator":"BMTC","osm_id":10301943043}},{"type":"Feature","geometry":{"type":"Point","coordinates":[77.60663,12.9633022]},"properties":{"name":"Johnson Market","operator":"BMTC","osm_id":10312575612}},{"type":"Feature","geometry":{"type":"Point","coordinates":[77.7472087,12.9601225]},"properties":{"name":"Forum Mall","operator":"BMTC","osm_id":10569443993}},{"type":"Feature","geometry":{"type":"Point","coordinates":[77.5728931,12.9001606]},"properties":{"name":"Jaraganahalli","operator":"BMTC","osm_id":10607507408}},{"type":"Feature","geometry":{"type":"Point","coordinates":[77.5729534,12.900149]},"properties":{"name":"Jaraganahalli","operator":"BMTC","osm_id":10607507409}},{"type":"Feature","geometry":{"type":"Point","coordinates":[77.5728831,12.9001207]},"properties":{"name":"Jaraganahalli","operator":"BMTC","osm_id":10607507410}},{"type":"Feature","geometry":{"type":"Point","coordinates":[77.5380483,12.9953016]},"properties":{"name":"Kamalanagar Water Tank","operator":"BMTC","osm_id":10676078882}},{"type":"Feature","geometry":{"type":"Point","coordinates":[77.7268482,12.9769416]},"properties":{"name":"Vydehi TTMC KIA Bus Stop","operator":"BMTC","osm_id":10678902381}},{"type":"Feature","geometry":{"type":"Point","coordinates":[77.5711666,13.0050199]},"properties":{"name":"Malleshwaram 15th Cross","operator":"BMTC","osm_id":10680109579}},{"type":"Feature","geometry":{"type":"Point","coordinates":[77.7504582,13.0464988]},"properties":{"name":"Budigere Cross","operator":"BMTC","osm_id":10723877829}},{"type":"Feature","geometry":{"type":"Point","coordinates":[77.7403394,13.0628297]},"properties":{"name":"Grind Well","operator":"BMTC","osm_id":10723877900}},{"type":"Feature","geometry":{"type":"Point","coordinates":[77.642194,13.0624591]},"properties":{"name":"K Narayanapura","operator":"BMTC","osm_id":10731130863}},{"type":"Feature","geometry":{"type":"Point","coordinates":[77.6372019,13.0265031]},"properties":{"name":"Kalyan Nagar Junction","operator":"BMTC","osm_id":10731191019}},{"type":"Feature","geometry":{"type":"Point","coordinates":[77.6074256,12.9440865]},"properties":{"name":"Adugodi (Towards St. Johns)","operator":"BMTC","osm_id":10741949231}},{"type":"Feature","geometry":{"type":"Point","coordinates":[77.5890794,12.8345567]},"properties":{"name":"Tulip Resort Cross","operator":"BMTC","osm_id":10743419586}},{"type":"Feature","geometry":{"type":"Point","coordinates":[77.5884758,12.841319]},"properties":{"name":"Koli Farm Gate","operator":"BMTC","osm_id":10743419587}},{"type":"Feature","geometry":{"type":"Point","coordinates":[77.5880729,12.8461791]},"properties":{"name":"Basavanapura Gate","operator":"BMTC","osm_id":10743419588}},{"type":"Feature","geometry":{"type":"Point","coordinates":[77.5888492,12.8568559]},"properties":{"name":"Gottigere","operator":"BMTC","osm_id":10743419589}},{"type":"Feature","geometry":{"type":"Point","coordinates":[77.5905278,12.8625695]},"properties":{"name":"Himagiri","operator":"BMTC","osm_id":10743419590}},{"type":"Feature","geometry":{"type":"Point","coordinates":[77.5917508,12.8661194]},"properties":{"name":"Kalena Agrahara","operator":"BMTC","osm_id":10743419591}},{"type":"Feature","geometry":{"type":"Point","coordinates":[77.5943862,12.8740279]},"properties":{"name":"Meenakshi Temple","operator":"BMTC","osm_id":10743419592}},{"type":"Feature","geometry":{"type":"Point","coordinates":[77.593153,12.8703356]},"properties":{"name":"Loyola School","operator":"BMTC","osm_id":10743419593}},{"type":"Feature","geometry":{"type":"Point","coordinates":[77.5995958,12.8959986]},"properties":{"name":"IIM Apollo","operator":"BMTC","osm_id":10743419597}},{"type":"Feature","geometry":{"type":"Point","coordinates":[77.5997922,12.9134835]},"properties":{"name":"MICO Layout Checkpost","operator":"BMTC","osm_id":10743423208}},{"type":"Feature","geometry":{"type":"Point","coordinates":[77.5999265,12.919549]},"properties":{"name":"Gurappanapalya","operator":"BMTC","osm_id":10743423209}},{"type":"Feature","geometry":{"type":"Point","coordinates":[77.5759118,13.0337367]},"properties":{"name":"Sanjay Nagara","operator":"BMTC","osm_id":10753151427}},{"type":"Feature","geometry":{"type":"Point","coordinates":[77.5730623,13.04263]},"properties":{"name":"Nagashettyhalli","operator":"BMTC","osm_id":10753151450}},{"type":"Feature","geometry":{"type":"Point","coordinates":[77.579458,13.0269319]},"properties":{"name":"Ashwath Nagar","operator":"BMTC","osm_id":10753151471}},{"type":"Feature","geometry":{"type":"Point","coordinates":[77.5731447,13.0425451]},"properties":{"name":"Nagashettyhalli","operator":"BMTC","osm_id":10753151472}},{"type":"Feature","geometry":{"type":"Point","coordinates":[77.5758966,13.0337293]},"properties":{"name":"Sanjay Nagara","operator":"BMTC","osm_id":10753151474}},{"type":"Feature","geometry":{"type":"Point","coordinates":[77.5801913,13.0264923]},"properties":{"name":"Ashwath Nagar","operator":"BMTC","osm_id":10753151514}},{"type":"Feature","geometry":{"type":"Point","coordinates":[77.5802122,13.0265095]},"properties":{"name":"Ashwath Nagar","operator":"BMTC","osm_id":10753151515}},{"type":"Feature","geometry":{"type":"Point","coordinates":[77.5823301,13.0248358]},"properties":{"name":"Bus Stop","operator":"BMTC","osm_id":10753151516}},{"type":"Feature","geometry":{"type":"Point","coordinates":[77.582313,13.0247959]},"properties":{"name":"Bus Stop","operator":"BMTC","osm_id":10753151517}},{"type":"Feature","geometry":{"type":"Point","coordinates":[77.5988975,12.9841726]},"properties":{"name":"Bus Stop","operator":"BMTC","osm_id":10761493346}},{"type":"Feature","geometry":{"type":"Point","coordinates":[77.5988965,12.9842075]},"properties":{"name":"Bus Stop","operator":"BMTC","osm_id":10761493347}},{"type":"Feature","geometry":{"type":"Point","coordinates":[77.5338279,12.9380763]},"properties":{"name":"Veerabhadra Nagara","operator":"BMTC","osm_id":10763445386}},{"type":"Feature","geometry":{"type":"Point","coordinates":[77.6213969,12.9515529]},"properties":{"name":"Ravi Tent","operator":"BMTC","osm_id":10775678439}},{"type":"Feature","geometry":{"type":"Point","coordinates":[77.6214564,12.9514951]},"properties":{"name":"Ravi Tent","operator":"BMTC","osm_id":10775678440}},{"type":"Feature","geometry":{"type":"Point","coordinates":[77.5847149,12.9169985]},"properties":{"name":"Jayanagara 5th Block","operator":"BMTC","osm_id":10792812734}},{"type":"Feature","geometry":{"type":"Point","coordinates":[77.5786109,12.9170622]},"properties":{"name":"Sangam Circle","operator":"BMTC","osm_id":10792812744}},{"type":"Feature","geometry":{"type":"Point","coordinates":[77.5785783,12.9171168]},"properties":{"name":"Sangam Circle","operator":"BMTC","osm_id":10792812745}},{"type":"Feature","geometry":{"type":"Point","coordinates":[77.5439406,13.0085539]},"properties":{"name":"Srinivasa Temple","operator":"BMTC","osm_id":10795162738}},{"type":"Feature","geometry":{"type":"Point","coordinates":[77.6505625,12.9241914]},"properties":{"name":"Agara","operator":"BMTC","osm_id":10797325020}},{"type":"Feature","geometry":{"type":"Point","coordinates":[77.6505142,12.9243014]},"properties":{"name":"Agara","operator":"BMTC","osm_id":10797325021}},{"type":"Feature","geometry":{"type":"Point","coordinates":[77.518589,13.0400319]},"properties":{"name":"Jalahalli KSRTC Stop","operator":"KSRTC","osm_id":10815073914}},{"type":"Feature","geometry":{"type":"Point","coordinates":[77.5186045,13.0400545]},"properties":{"name":"Jalahalli KSRTC Stop","operator":"KSRTC","osm_id":10815073915}},{"type":"Feature","geometry":{"type":"Point","coordinates":[77.5733186,12.9771093]},"properties":{"name":"Kempegowda KSRTC Bus Station","operator":"KSRTC","osm_id":10815073916}},{"type":"Feature","geometry":{"type":"Point","coordinates":[77.5696235,12.9379212]},"properties":{"name":"NR Colony","operator":"BMTC","osm_id":10823514238}},{"type":"Feature","geometry":{"type":"Point","coordinates":[77.569651,12.9378701]},"properties":{"name":"NR Colony","operator":"BMTC","osm_id":10823514239}},{"type":"Feature","geometry":{"type":"Point","coordinates":[77.7387486,13.0820076]},"properties":{"name":"Mandooru","operator":"BMTC","osm_id":10828665718}},{"type":"Feature","geometry":{"type":"Point","coordinates":[77.586453,12.9685514]},"properties":{"name":"Corporation","operator":"BMTC","osm_id":10833870872}},{"type":"Feature","geometry":{"type":"Point","coordinates":[77.5718868,12.9896124]},"properties":{"name":"Central","operator":"BMTC","osm_id":10833947202}},{"type":"Feature","geometry":{"type":"Point","coordinates":[77.5718467,12.9898645]},"properties":{"name":"Central","operator":"BMTC","osm_id":10833947203}},{"type":"Feature","geometry":{"type":"Point","coordinates":[77.5717351,12.9898987]},"properties":{"name":"Central","operator":"BMTC","osm_id":10833947204}},{"type":"Feature","geometry":{"type":"Point","coordinates":[77.5507884,12.9957981]},"properties":{"name":"Manjunatha Nagara","operator":"BMTC","osm_id":10834070263}},{"type":"Feature","geometry":{"type":"Point","coordinates":[77.5507636,12.9958909]},"properties":{"name":"Manjunatha Nagara","operator":"BMTC","osm_id":10834070264}},{"type":"Feature","geometry":{"type":"Point","coordinates":[77.5737183,12.9411184]},"properties":{"name":"Basavanagudi Police Station","operator":"BMTC","osm_id":10839399453}},{"type":"Feature","geometry":{"type":"Point","coordinates":[77.5047509,13.0039541]},"properties":{"name":"Hegganahalli","operator":"BMTC","osm_id":10841279515}},{"type":"Feature","geometry":{"type":"Point","coordinates":[77.599005,12.9166884]},"properties":{"name":"East end Jayanagara","operator":"BMTC","osm_id":10853180817}},{"type":"Feature","geometry":{"type":"Point","coordinates":[77.6041289,12.9165987]},"properties":{"name":"MICO Layout","operator":"BMTC","osm_id":10853180818}},{"type":"Feature","geometry":{"type":"Point","coordinates":[77.593805,12.9167837]},"properties":{"name":"Ragigudda","operator":"BMTC","osm_id":10854298564}},{"type":"Feature","geometry":{"type":"Point","coordinates":[77.5935009,12.9168326]},"properties":{"name":"Ragigudda","operator":"BMTC","osm_id":10854298567}},{"type":"Feature","geometry":{"type":"Point","coordinates":[77.5933794,12.9169357]},"properties":{"name":"Ragigudda","operator":"BMTC","osm_id":10854298568}},{"type":"Feature","geometry":{"type":"Point","coordinates":[77.5850797,12.917202]},"properties":{"name":"Jayanagar 5th Block","operator":"BMTC","osm_id":10854298572}},{"type":"Feature","geometry":{"type":"Point","coordinates":[77.5850831,12.9171119]},"properties":{"name":"Jayanagar 5th Block","operator":"BMTC","osm_id":10854298573}},{"type":"Feature","geometry":{"type":"Point","coordinates":[77.5834066,12.917138]},"properties":{"name":"Jayanagara 5th Block","operator":"BMTC","osm_id":10854298578}},{"type":"Feature","geometry":{"type":"Point","coordinates":[77.5847004,12.9542179]},"properties":{"name":"Lalbagh Main Gate","operator":"BMTC","osm_id":10855128073}},{"type":"Feature","geometry":{"type":"Point","coordinates":[77.5918962,12.9509145]},"properties":{"name":"Lalbagh HOPCOMS","operator":"BMTC","osm_id":10855128074}},{"type":"Feature","geometry":{"type":"Point","coordinates":[77.5943949,12.9470205]},"properties":{"name":"7th Cross Wilson Garden","operator":"BMTC","osm_id":10855128075}},{"type":"Feature","geometry":{"type":"Point","coordinates":[77.594381,12.9470023]},"properties":{"name":"7th Cross Wilson Garden","operator":"BMTC","osm_id":10855128076}},{"type":"Feature","geometry":{"type":"Point","coordinates":[77.5982333,12.9387406]},"properties":{"name":"NIMHANS Hospital","operator":"BMTC","osm_id":10855128077}},{"type":"Feature","geometry":{"type":"Point","coordinates":[77.5982554,12.9388025]},"properties":{"name":"NIMHANS Hospital","operator":"BMTC","osm_id":10855128078}},{"type":"Feature","geometry":{"type":"Point","coordinates":[77.606663,12.9363638]},"properties":{"name":"Muneshwara Temple","operator":"BMTC","osm_id":10855128079}},{"type":"Feature","geometry":{"type":"Point","coordinates":[77.6131149,12.9320874]},"properties":{"name":"Hosur Junction","operator":"BMTC","osm_id":10855128080}},{"type":"Feature","geometry":{"type":"Point","coordinates":[77.6159128,12.9294046]},"properties":{"name":"St. John's Hospital","operator":"BMTC","osm_id":10855128081}},{"type":"Feature","geometry":{"type":"Point","coordinates":[77.620616,12.9276081]},"properties":{"name":"Koramangala Water Tank","operator":"BMTC","osm_id":10855128082}},{"type":"Feature","geometry":{"type":"Point","coordinates":[77.6253416,12.9256193]},"properties":{"name":"Kudremukha Colony","operator":"BMTC","osm_id":10855128083}},{"type":"Feature","geometry":{"type":"Point","coordinates":[77.625335,12.9256044]},"properties":{"name":"Kudremukha Colony","operator":"BMTC","osm_id":10855128084}},{"type":"Feature","geometry":{"type":"Point","coordinates":[77.634244,12.9248491]},"properties":{"name":"1st Block Koramangala","operator":"BMTC","osm_id":10855128085}},{"type":"Feature","geometry":{"type":"Point","coordinates":[77.6379409,12.9247783]},"properties":{"name":"Jakkasandra","operator":"Bengaluru Metropolitan Tranport Corporation","osm_id":10855128086}},{"type":"Feature","geometry":{"type":"Point","coordinates":[77.6516252,12.9199817]},"properties":{"name":"HSR Police Station","operator":"BMTC","osm_id":10855128088}},{"type":"Feature","geometry":{"type":"Point","coordinates":[77.6515015,12.919997]},"properties":{"name":"HSR Police Station","operator":"BMTC","osm_id":10855128089}},{"type":"Feature","geometry":{"type":"Point","coordinates":[77.6517702,12.9153187]},"properties":{"name":"CPWD Quarters HSR Layout","operator":"BMTC","osm_id":10855128090}},{"type":"Feature","geometry":{"type":"Point","coordinates":[77.6517132,12.9153354]},"properties":{"name":"CPWD Quarters HSR Layout","operator":"BMTC","osm_id":10855128091}},{"type":"Feature","geometry":{"type":"Point","coordinates":[77.6518333,12.9117477]},"properties":{"name":"NIFT College","operator":"BMTC","osm_id":10855128092}},{"type":"Feature","geometry":{"type":"Point","coordinates":[77.6518212,12.9117472]},"properties":{"name":"NIFT College","operator":"BMTC","osm_id":10855128093}},{"type":"Feature","geometry":{"type":"Point","coordinates":[77.651801,12.9082254]},"properties":{"name":"Parangipalya Cross","operator":"BMTC","osm_id":10855128094}},{"type":"Feature","geometry":{"type":"Point","coordinates":[77.6517481,12.9082426]},"properties":{"name":"Parangipalya Cross","operator":"BMTC","osm_id":10855128095}},{"type":"Feature","geometry":{"type":"Point","coordinates":[77.6505777,12.9023252]},"properties":{"name":"SVR College","operator":"BMTC","osm_id":10855128096}},{"type":"Feature","geometry":{"type":"Point","coordinates":[77.6505236,12.9023182]},"properties":{"name":"SVR College","operator":"BMTC","osm_id":10855128097}},{"type":"Feature","geometry":{"type":"Point","coordinates":[77.6512558,12.8988124]},"properties":{"name":"Somasundarapalya","operator":"BMTC","osm_id":10855128098}},{"type":"Feature","geometry":{"type":"Point","coordinates":[77.6512063,12.8987938]},"properties":{"name":"Somasundarapalya","operator":"BMTC","osm_id":10855128099}},{"type":"Feature","geometry":{"type":"Point","coordinates":[77.6252751,12.9258857]},"properties":{"name":"Kudremukha Colony","operator":"BMTC","osm_id":10855370148}},{"type":"Feature","geometry":{"type":"Point","coordinates":[77.6266777,12.9369597]},"properties":{"name":"Sony World Signal","operator":"BMTC","osm_id":10855370149}},{"type":"Feature","geometry":{"type":"Point","coordinates":[77.63313,12.9383886]},"properties":{"name":"Ejipura Junction","operator":"BMTC","osm_id":10855370150}},{"type":"Feature","geometry":{"type":"Point","coordinates":[77.6401558,12.9459132]},"properties":{"name":"Military Bridge","operator":"BMTC","osm_id":10855370151}},{"type":"Feature","geometry":{"type":"Point","coordinates":[77.6545283,12.9677429]},"properties":{"name":"Petrol Bunk","operator":"BMTC","osm_id":10855399615}},{"type":"Feature","geometry":{"type":"Point","coordinates":[77.649596,12.9686413]},"properties":{"name":"Kodihalli","operator":"BMTC","osm_id":10855399616}},{"type":"Feature","geometry":{"type":"Point","coordinates":[77.6238229,12.9347192]},"properties":{"name":"Canara Bank","operator":"BMTC","osm_id":10855399617}},{"type":"Feature","geometry":{"type":"Point","coordinates":[77.578978,12.9172836]},"properties":{"name":"Sangam Circle","operator":"BMTC","osm_id":10855399618}},{"type":"Feature","geometry":{"type":"Point","coordinates":[77.6223011,12.9170799]},"properties":{"name":"Silk Board","operator":"BMTC","osm_id":10872824023}},{"type":"Feature","geometry":{"type":"Point","coordinates":[77.6223209,12.9170295]},"properties":{"name":"Silk Board","operator":"BMTC","osm_id":10872824024}},{"type":"Feature","geometry":{"type":"Point","coordinates":[77.6223685,12.9168164]},"properties":{"name":"Silk Board","operator":"BMTC","osm_id":10872824025}},{"type":"Feature","geometry":{"type":"Point","coordinates":[77.6223288,12.9167774]},"properties":{"name":"Silk Board","operator":"BMTC","osm_id":10872824026}},{"type":"Feature","geometry":{"type":"Point","coordinates":[77.6222833,12.9168583]},"properties":{"name":"Silk Board","operator":"BMTC","osm_id":10872824027}},{"type":"Feature","geometry":{"type":"Point","coordinates":[77.6199339,12.9448354]},"properties":{"name":"Passport Office","operator":"BMTC","osm_id":10873245759}},{"type":"Feature","geometry":{"type":"Point","coordinates":[77.6199116,12.9447935]},"properties":{"name":"Passport Office","operator":"BMTC","osm_id":10873245760}},{"type":"Feature","geometry":{"type":"Point","coordinates":[77.6242298,12.9410649]},"properties":{"name":"Koramangala Depot","operator":"BMTC","osm_id":10873245761}},{"type":"Feature","geometry":{"type":"Point","coordinates":[77.566634,12.8838369]},"properties":{"name":"Sowdamini Kalyana Mantapa","operator":"BMTC","osm_id":10931530050}},{"type":"Feature","geometry":{"type":"Point","coordinates":[77.5666087,12.8838461]},"properties":{"name":"Sowdamini Kalyana Mantapa","operator":"BMTC","osm_id":10931530051}},{"type":"Feature","geometry":{"type":"Point","coordinates":[77.5668654,12.8854203]},"properties":{"name":"Konanakunte","operator":"BMTC","osm_id":10931530102}},{"type":"Feature","geometry":{"type":"Point","coordinates":[77.5668613,12.8854513]},"properties":{"name":"Konanakunte","operator":"BMTC","osm_id":10931530103}},{"type":"Feature","geometry":{"type":"Point","coordinates":[77.5782583,13.0004968]},"properties":{"name":"Vyalikaval Police Station","operator":"BMTC","osm_id":10934276527}},{"type":"Feature","geometry":{"type":"Point","coordinates":[77.5743023,12.9989278]},"properties":{"name":"Dattatreya Temple","operator":"BMTC","osm_id":10934276535}},{"type":"Feature","geometry":{"type":"Point","coordinates":[77.5769852,13.0993055]},"properties":{"name":"Dairy Circle","operator":"BMTC","osm_id":10971543172}},{"type":"Feature","geometry":{"type":"Point","coordinates":[77.5768824,13.0994742]},"properties":{"name":"Dairy Circle","operator":"BMTC","osm_id":10971543173}},{"type":"Feature","geometry":{"type":"Point","coordinates":[77.5596219,13.0648476]},"properties":{"name":"Chamundeshwari Layout","operator":"BMTC","osm_id":10971543232}},{"type":"Feature","geometry":{"type":"Point","coordinates":[77.6222821,12.9875977]},"properties":{"name":"Ulsoor","operator":"BMTC","osm_id":10979409717}},{"type":"Feature","geometry":{"type":"Point","coordinates":[77.622517,12.9872591]},"properties":{"name":"Ulsoor","operator":"BMTC","osm_id":10979409718}},{"type":"Feature","geometry":{"type":"Point","coordinates":[77.577676,13.1180409]},"properties":{"name":"Kenchenahalli Gate","operator":"BMTC","osm_id":10983994565}},{"type":"Feature","geometry":{"type":"Point","coordinates":[77.5777231,13.1180494]},"properties":{"name":"Kenchenahalli Gate","operator":"BMTC","osm_id":10983994566}},{"type":"Feature","geometry":{"type":"Point","coordinates":[77.5926168,13.0771077]},"properties":{"name":"Aerodrome","operator":"BMTC","osm_id":11007032699}},{"type":"Feature","geometry":{"type":"Point","coordinates":[77.6094998,13.0667102]},"properties":{"name":"Srirampura Cross","operator":"BMTC","osm_id":11010114583}},{"type":"Feature","geometry":{"type":"Point","coordinates":[77.5251295,13.1127507]},"properties":{"name":"Dodda Byalakere","operator":"BMTC","osm_id":11011564801}},{"type":"Feature","geometry":{"type":"Point","coordinates":[77.6004538,12.9238132]},"properties":{"name":"Gurappanapalya","operator":"BMTC","osm_id":11013414433}},{"type":"Feature","geometry":{"type":"Point","coordinates":[77.588207,12.9609431]},"properties":{"name":"Poornima Talkies","operator":"BMTC","osm_id":11019492827}},{"type":"Feature","geometry":{"type":"Point","coordinates":[77.556696,12.85778]},"properties":{"name":"Vajragiri Estate","operator":"BMTC","osm_id":11029039300}},{"type":"Feature","geometry":{"type":"Point","coordinates":[77.5858783,12.9147486]},"properties":{"name":"Marenahalli","operator":"BMTC","osm_id":11073379598}},{"type":"Feature","geometry":{"type":"Point","coordinates":[77.5749528,12.9989482]},"properties":{"name":"Dattatreya Temple","operator":"BMTC","osm_id":11096782369}},{"type":"Feature","geometry":{"type":"Point","coordinates":[77.5749544,12.998912]},"properties":{"name":"Dattatreya Temple","operator":"BMTC","osm_id":11096782370}},{"type":"Feature","geometry":{"type":"Point","coordinates":[77.5643451,13.0070172]},"properties":{"name":"15th Cross Malleshwaram","operator":"BMTC","osm_id":11096802260}},{"type":"Feature","geometry":{"type":"Point","coordinates":[77.5643751,13.0070274]},"properties":{"name":"15th Cross Malleshwaram","operator":"BMTC","osm_id":11096802261}},{"type":"Feature","geometry":{"type":"Point","coordinates":[77.6020497,12.9918628]},"properties":{"name":"Bamboo Bazar","operator":"BMTC","osm_id":11096864975}},{"type":"Feature","geometry":{"type":"Point","coordinates":[77.6082784,12.9951999]},"properties":{"name":"Coles Park","operator":"BMTC","osm_id":11096914864}},{"type":"Feature","geometry":{"type":"Point","coordinates":[77.5927789,12.9844355]},"properties":{"name":"Ali Asker Road","operator":"BMTC","osm_id":11097276362}},{"type":"Feature","geometry":{"type":"Point","coordinates":[77.5928213,12.9844166]},"properties":{"name":"Ali Asker Road","operator":"BMTC","osm_id":11097276363}},{"type":"Feature","geometry":{"type":"Point","coordinates":[77.5906987,12.9868849]},"properties":{"name":"St. Anne's College","operator":"BMTC","osm_id":11097276364}},{"type":"Feature","geometry":{"type":"Point","coordinates":[77.5907137,12.9869146]},"properties":{"name":"St. Anne's College","operator":"BMTC","osm_id":11097276365}},{"type":"Feature","geometry":{"type":"Point","coordinates":[77.5926836,12.9894313]},"properties":{"name":"Kalpana Circle","operator":"BMTC","osm_id":11097276366}},{"type":"Feature","geometry":{"type":"Point","coordinates":[77.5926945,12.9894093]},"properties":{"name":"Kalpana Circle","operator":"BMTC","osm_id":11097276367}},{"type":"Feature","geometry":{"type":"Point","coordinates":[77.5887587,12.9928206]},"properties":{"name":"Mount Carmel College","operator":"BMTC","osm_id":11097276368}},{"type":"Feature","geometry":{"type":"Point","coordinates":[77.5888342,12.9927997]},"properties":{"name":"Mount Carmel College","operator":"BMTC","osm_id":11097276369}},{"type":"Feature","geometry":{"type":"Point","coordinates":[77.5929386,12.9895425]},"properties":{"name":"Chandrika Hotel","operator":"BMTC","osm_id":11097276370}},{"type":"Feature","geometry":{"type":"Point","coordinates":[77.5928821,12.9894774]},"properties":{"name":"Chandrika Hotel","operator":"BMTC","osm_id":11097276371}},{"type":"Feature","geometry":{"type":"Point","coordinates":[77.598434,12.9807351]},"properties":{"name":"Cubbon Park Metro Station","operator":"BMTC","osm_id":11097276372}},{"type":"Feature","geometry":{"type":"Point","coordinates":[77.5984117,12.9807412]},"properties":{"name":"Cubbon Park Metro Station","operator":"BMTC","osm_id":11097276373}},{"type":"Feature","geometry":{"type":"Point","coordinates":[77.651575,12.9230786]},"properties":{"name":"27th Main Road","operator":"BMTC","osm_id":11099858521}},{"type":"Feature","geometry":{"type":"Point","coordinates":[77.6515362,12.9230934]},"properties":{"name":"27th Main","operator":"BMTC","osm_id":11099858522}},{"type":"Feature","geometry":{"type":"Point","coordinates":[77.6518244,12.9122121]},"properties":{"name":"NIFT","operator":"BMTC","osm_id":11099858523}},{"type":"Feature","geometry":{"type":"Point","coordinates":[77.6517813,12.9122064]},"properties":{"name":"NIFT","operator":"BMTC","osm_id":11099858524}},{"type":"Feature","geometry":{"type":"Point","coordinates":[77.6491823,12.9119143]},"properties":{"name":"KEB","operator":"BMTC","osm_id":11099858525}},{"type":"Feature","geometry":{"type":"Point","coordinates":[77.6491812,12.9119668]},"properties":{"name":"KEB","operator":"BMTC","osm_id":11099858526}},{"type":"Feature","geometry":{"type":"Point","coordinates":[77.6493264,12.9089654]},"properties":{"name":"Parangipalya","operator":"BMTC","osm_id":11099858527}},{"type":"Feature","geometry":{"type":"Point","coordinates":[77.6458737,12.9090104]},"properties":{"name":"Bus Stop","operator":"BMTC","osm_id":11099858528}},{"type":"Feature","geometry":{"type":"Point","coordinates":[77.6458767,12.9090465]},"properties":{"name":"Bus Stop","operator":"BMTC","osm_id":11099858529}},{"type":"Feature","geometry":{"type":"Point","coordinates":[77.6423794,12.9092252]},"properties":{"name":"HSR Club","operator":"BMTC","osm_id":11099858530}},{"type":"Feature","geometry":{"type":"Point","coordinates":[77.6423818,12.9092648]},"properties":{"name":"HSR Club","operator":"BMTC","osm_id":11099858531}},{"type":"Feature","geometry":{"type":"Point","coordinates":[77.6380365,12.9089865]},"properties":{"name":"Bus Stop","operator":"BMTC","osm_id":11099858532}},{"type":"Feature","geometry":{"type":"Point","coordinates":[77.6379937,12.908987]},"properties":{"name":"Bus Stop","operator":"BMTC","osm_id":11099858533}},{"type":"Feature","geometry":{"type":"Point","coordinates":[77.6350747,12.9075273]},"properties":{"name":"Mangammanapalya","operator":"BMTC","osm_id":11099858534}},{"type":"Feature","geometry":{"type":"Point","coordinates":[77.6350312,12.9075288]},"properties":{"name":"Mangammanapalya","operator":"BMTC","osm_id":11099858535}},{"type":"Feature","geometry":{"type":"Point","coordinates":[77.6326279,12.906917]},"properties":{"name":"Salarpuria Serenity","operator":"BMTC","osm_id":11099858536}},{"type":"Feature","geometry":{"type":"Point","coordinates":[77.6324633,12.9105706]},"properties":{"name":"5th Main Road","operator":"BMTC","osm_id":11099858537}},{"type":"Feature","geometry":{"type":"Point","coordinates":[77.6325233,12.910572]},"properties":{"name":"5th Main","operator":"BMTC","osm_id":11099858538}},{"type":"Feature","geometry":{"type":"Point","coordinates":[77.6351305,12.9123981]},"properties":{"name":"9th Main","operator":"BMTC","osm_id":11099858539}},{"type":"Feature","geometry":{"type":"Point","coordinates":[77.6351291,12.9123524]},"properties":{"name":"9th Main","operator":"BMTC","osm_id":11099858540}},{"type":"Feature","geometry":{"type":"Point","coordinates":[77.6378539,12.9122792]},"properties":{"name":"14th Main Road","operator":"BMTC","osm_id":11099858541}},{"type":"Feature","geometry":{"type":"Point","coordinates":[77.6378529,12.9122452]},"properties":{"name":"14th Main Road","operator":"BMTC","osm_id":11099858542}},{"type":"Feature","geometry":{"type":"Point","coordinates":[77.6417856,12.911974]},"properties":{"name":"Bus Stop","operator":"BMTC","osm_id":11099858543}},{"type":"Feature","geometry":{"type":"Point","coordinates":[77.6417902,12.911938]},"properties":{"name":"Bus Stop","operator":"BMTC","osm_id":11099858544}},{"type":"Feature","geometry":{"type":"Point","coordinates":[77.6446596,12.9123675]},"properties":{"name":"19th Main","operator":"BMTC","osm_id":11099858545}},{"type":"Feature","geometry":{"type":"Point","coordinates":[77.6446939,12.9123687]},"properties":{"name":"19th Main","operator":"BMTC","osm_id":11099858546}},{"type":"Feature","geometry":{"type":"Point","coordinates":[77.6448192,12.9162628]},"properties":{"name":"Bus Stop","operator":"BMTC","osm_id":11099858547}},{"type":"Feature","geometry":{"type":"Point","coordinates":[77.6448655,12.9162609]},"properties":{"name":"Bus Stop","operator":"BMTC","osm_id":11099858548}},{"type":"Feature","geometry":{"type":"Point","coordinates":[77.6450459,12.9217025]},"properties":{"name":"Indian Oil","operator":"BMTC","osm_id":11099858549}},{"type":"Feature","geometry":{"type":"Point","coordinates":[77.6451109,12.9217039]},"properties":{"name":"Indian Oil","operator":"BMTC","osm_id":11099858550}},{"type":"Feature","geometry":{"type":"Point","coordinates":[77.7360756,12.9875406]},"properties":{"name":"ITPL","operator":"BMTC","osm_id":11100902652}},{"type":"Feature","geometry":{"type":"Point","coordinates":[77.7369161,12.987662]},"properties":{"name":"ITPL","operator":"BMTC","osm_id":11100902653}},{"type":"Feature","geometry":{"type":"Point","coordinates":[77.7629751,12.96672]},"properties":{"name":"Immadihalli","operator":"BMTC","osm_id":11100902654}},{"type":"Feature","geometry":{"type":"Point","coordinates":[77.7629746,12.9667028]},"properties":{"name":"Immadihalli","operator":"BMTC","osm_id":11100902655}},{"type":"Feature","geometry":{"type":"Point","coordinates":[77.7713109,12.9752133]},"properties":{"name":"Nagagondanahalli","operator":"BMTC","osm_id":11100902656}},{"type":"Feature","geometry":{"type":"Point","coordinates":[77.7531615,12.9837551]},"properties":{"name":"Hope Farm","operator":"BMTC","osm_id":11100902657}},{"type":"Feature","geometry":{"type":"Point","coordinates":[77.5888763,12.8568373]},"properties":{"name":"Gottigere","operator":"BMTC","osm_id":11124781044}},{"type":"Feature","geometry":{"type":"Point","coordinates":[77.5881581,12.846165]},"properties":{"name":"Basavanapura Gate","operator":"BMTC","osm_id":11124781069}},{"type":"Feature","geometry":{"type":"Point","coordinates":[77.6469076,12.9743818]},"properties":{"name":"New Tippasandra Main Road","operator":"BMTC","osm_id":11125567288}},{"type":"Feature","geometry":{"type":"Point","coordinates":[77.6318595,12.8415889]},"properties":{"name":"Bettadasanapura","operator":"BMTC","osm_id":11171649493}},{"type":"Feature","geometry":{"type":"Point","coordinates":[77.5676688,12.9533135]},"properties":{"name":"Bangalore High School","operator":"BMTC","osm_id":11178164277}},{"type":"Feature","geometry":{"type":"Point","coordinates":[77.535992,12.9812319]},"properties":{"name":"KHB Colony","operator":"BMTC","osm_id":11182467847}},{"type":"Feature","geometry":{"type":"Point","coordinates":[77.5358176,12.9812933]},"properties":{"name":"KHB Colony","operator":"BMTC","osm_id":11182467848}},{"type":"Feature","geometry":{"type":"Point","coordinates":[77.5357921,12.9811972]},"properties":{"name":"KHB Colony","operator":"BMTC","osm_id":11182467849}},{"type":"Feature","geometry":{"type":"Point","coordinates":[77.5736234,12.9491223]},"properties":{"name":"National College","operator":"BMTC","osm_id":11195721102}},{"type":"Feature","geometry":{"type":"Point","coordinates":[77.5736717,12.9491497]},"properties":{"name":"National College","operator":"BMTC","osm_id":11195721103}},{"type":"Feature","geometry":{"type":"Point","coordinates":[77.762243,13.0178871]},"properties":{"name":"Shell Petrol Bank","operator":"BMTC","osm_id":11228767222}},{"type":"Feature","geometry":{"type":"Point","coordinates":[77.5735469,13.0470848]},"properties":{"name":"Bhadrappa Layout","operator":"BMTC","osm_id":11229706417}},{"type":"Feature","geometry":{"type":"Point","coordinates":[77.5898078,13.0425709]},"properties":{"name":"Hebbala Bridge","operator":"BMTC","osm_id":11229733126}},{"type":"Feature","geometry":{"type":"Point","coordinates":[77.6684421,12.996213]},"properties":{"name":"Tin Factory","operator":"BMTC","osm_id":11229763336}},{"type":"Feature","geometry":{"type":"Point","coordinates":[77.6697525,12.9966065]},"properties":{"name":"Tin Factory","operator":"BMTC","osm_id":11229780737}},{"type":"Feature","geometry":{"type":"Point","coordinates":[77.5366203,13.0292498]},"properties":{"name":"Reliance Petrol Bunk Goraguntepalya","operator":"BMTC","osm_id":11231119948}},{"type":"Feature","geometry":{"type":"Point","coordinates":[77.6349306,12.9124648]},"properties":{"name":"9th Main","operator":"BMTC","osm_id":11259899017}},{"type":"Feature","geometry":{"type":"Point","coordinates":[77.5149228,12.9780865]},"properties":{"name":"Malagala","operator":"BMTC","osm_id":11278749469}},{"type":"Feature","geometry":{"type":"Point","coordinates":[77.5149608,12.9780471]},"properties":{"name":"Malagala","operator":"BMTC","osm_id":11278749470}},{"type":"Feature","geometry":{"type":"Point","coordinates":[77.5194822,12.9867726]},"properties":{"name":"Summanahalli","operator":"BMTC","osm_id":11278749494}},{"type":"Feature","geometry":{"type":"Point","coordinates":[77.5167784,12.9592203]},"properties":{"name":"Nagarabhavi Village","operator":"BMTC","osm_id":11278765792}},{"type":"Feature","geometry":{"type":"Point","coordinates":[77.5168068,12.9592625]},"properties":{"name":"Nagarabhavi Village","operator":"BMTC","osm_id":11278765793}},{"type":"Feature","geometry":{"type":"Point","coordinates":[77.5166852,12.9593902]},"properties":{"name":"Nagarabhavi Village","operator":"BMTC","osm_id":11278765794}},{"type":"Feature","geometry":{"type":"Point","coordinates":[77.5126335,12.9682352]},"properties":{"name":"BDA Complex Nagarbhavi","operator":"BMTC","osm_id":11278765868}},{"type":"Feature","geometry":{"type":"Point","coordinates":[77.5126621,12.9682351]},"properties":{"name":"BDA Complex Nagarbhavi","operator":"BMTC","osm_id":11278785669}},{"type":"Feature","geometry":{"type":"Point","coordinates":[77.5281417,12.9457677]},"properties":{"name":"Nayandahalli","operator":"BMTC","osm_id":11278822041}},{"type":"Feature","geometry":{"type":"Point","coordinates":[77.528168,12.94583]},"properties":{"name":"Nayandahalli","operator":"BMTC","osm_id":11278822042}},{"type":"Feature","geometry":{"type":"Point","coordinates":[77.5211658,12.9516284]},"properties":{"name":"Nagarabhavi 1st Stage 3rd Block","operator":"BMTC","osm_id":11278822059}},{"type":"Feature","geometry":{"type":"Point","coordinates":[77.5508423,12.9249466]},"properties":{"name":"Kathriguppe","operator":"BMTC","osm_id":11279447620}},{"type":"Feature","geometry":{"type":"Point","coordinates":[77.5694475,12.9157723]},"properties":{"name":"Yarab Nagara","operator":"BMTC","osm_id":11279791940}},{"type":"Feature","geometry":{"type":"Point","coordinates":[77.5694773,12.9157857]},"properties":{"name":"Yarab Nagara","operator":"BMTC","osm_id":11279791941}},{"type":"Feature","geometry":{"type":"Point","coordinates":[77.5694031,12.9158657]},"properties":{"name":"Yarab Nagara","operator":"BMTC","osm_id":11279791942}},{"type":"Feature","geometry":{"type":"Point","coordinates":[77.5594794,12.9220873]},"properties":{"name":"Devegowda Petrol Bunk","operator":"BMTC","osm_id":11279815775}},{"type":"Feature","geometry":{"type":"Point","coordinates":[77.5594868,12.9221339]},"properties":{"name":"Devegowda Petrol Bunk","operator":"BMTC","osm_id":11279815776}},{"type":"Feature","geometry":{"type":"Point","coordinates":[77.5925933,13.0068223]},"properties":{"name":"JC Nagara","operator":"BMTC","osm_id":11279857653}},{"type":"Feature","geometry":{"type":"Point","coordinates":[77.5925937,13.0068508]},"properties":{"name":"JC Nagara","operator":"BMTC","osm_id":11279857654}},{"type":"Feature","geometry":{"type":"Point","coordinates":[77.5925691,13.0068602]},"properties":{"name":"JC Nagara","operator":"BMTC","osm_id":11279857655}},{"type":"Feature","geometry":{"type":"Point","coordinates":[77.5932348,13.0670707]},"properties":{"name":"Byatarayanapura","operator":"BMTC","osm_id":11280734302}},{"type":"Feature","geometry":{"type":"Point","coordinates":[77.5939613,13.0558123]},"properties":{"name":"Jn of Dasarahalli Road","operator":"BMTC","osm_id":11280734330}},{"type":"Feature","geometry":{"type":"Point","coordinates":[77.5599301,13.0047583]},"properties":{"name":"Subramanya Nagar","operator":"BMTC","osm_id":11281292785}},{"type":"Feature","geometry":{"type":"Point","coordinates":[77.5419708,12.8551373]},"properties":{"name":"Mallasandra Purvankara Bus Stop","operator":"BMTC","osm_id":11291326987}},{"type":"Feature","geometry":{"type":"Point","coordinates":[77.6135893,12.934866]},"properties":{"name":"Jyothi Nivas","operator":"BMTC","osm_id":11295814062}},{"type":"Feature","geometry":{"type":"Point","coordinates":[77.5952448,12.9513843]},"properties":{"name":"Bus Stop","operator":"BMTC","osm_id":11295921627}},{"type":"Feature","geometry":{"type":"Point","coordinates":[77.6372193,12.8790241]},"properties":{"name":"Chikka Begur","operator":"BMTC","osm_id":11301855958}},{"type":"Feature","geometry":{"type":"Point","coordinates":[77.5851165,12.9104465]},"properties":{"name":"R V Dental College","operator":"BMTC","osm_id":11303735015}},{"type":"Feature","geometry":{"type":"Point","coordinates":[77.5853472,12.9104748]},"properties":{"name":"RV Dental College","operator":"BMTC","osm_id":11303767733}},{"type":"Feature","geometry":{"type":"Point","coordinates":[77.55404,12.9577859]},"properties":{"name":"Bus Stop","operator":"BMTC","osm_id":11313974045}},{"type":"Feature","geometry":{"type":"Point","coordinates":[77.5427735,12.9529751]},"properties":{"name":"Bus Stop","operator":"BMTC","osm_id":11323076630}},{"type":"Feature","geometry":{"type":"Point","coordinates":[77.6889163,12.9885795]},"properties":{"name":"TB Kalyana Mandapa","operator":"BMTC","osm_id":11331558122}},{"type":"Feature","geometry":{"type":"Point","coordinates":[77.5660497,12.9745975]},"properties":{"name":"Angalaparameshwari Temple","operator":"BMTC","osm_id":11341218806}},{"type":"Feature","geometry":{"type":"Point","coordinates":[77.5651817,12.9752846]},"properties":{"name":"Hunasemara","operator":"BMTC","osm_id":11341218849}},{"type":"Feature","geometry":{"type":"Point","coordinates":[77.5805844,12.9199007]},"properties":{"name":"Jayanagar 5th Block 40th Cross","operator":"BMTC","osm_id":11342900893}},{"type":"Feature","geometry":{"type":"Point","coordinates":[77.5837833,12.9225341]},"properties":{"name":"Jayanagar 38th Cross","operator":"BMTC","osm_id":11342900894}},{"type":"Feature","geometry":{"type":"Point","coordinates":[77.5843951,12.9285179]},"properties":{"name":"Jayanagar TTMC","operator":"BMTC","osm_id":11342900895}},{"type":"Feature","geometry":{"type":"Point","coordinates":[77.588169,12.9461685]},"properties":{"name":"Siddapura","operator":"BMTC","osm_id":11342900896}},{"type":"Feature","geometry":{"type":"Point","coordinates":[77.5921306,12.9478623]},"properties":{"name":"Mallige Hospital","operator":"BMTC","osm_id":11342900897}},{"type":"Feature","geometry":{"type":"Point","coordinates":[77.5953901,12.9738378]},"properties":{"name":"Kasturba Road","operator":"BMTC","osm_id":11342975208}},{"type":"Feature","geometry":{"type":"Point","coordinates":[77.5956811,12.9740803]},"properties":{"name":"Kasturba Road","operator":"BMTC","osm_id":11342975209}},{"type":"Feature","geometry":{"type":"Point","coordinates":[77.5913522,13.0576608]},"properties":{"name":"Sanjeevini Nagara","operator":"BMTC","osm_id":11395852423}},{"type":"Feature","geometry":{"type":"Point","coordinates":[77.6768968,12.9948307]},"properties":{"name":"A Narayanapura","operator":"BMTC","osm_id":11397298820}},{"type":"Feature","geometry":{"type":"Point","coordinates":[77.6660808,12.8736166]},"properties":{"name":"Bengaluru Central Jail","operator":"BMTC","osm_id":11404989651}},{"type":"Feature","geometry":{"type":"Point","coordinates":[77.6472229,12.9240963]},"properties":{"name":"Agara","operator":"BMTC","osm_id":11417676425}},{"type":"Feature","geometry":{"type":"Point","coordinates":[77.6516294,12.9234287]},"properties":{"name":"1st Main Road","operator":"BMTC","osm_id":11417676431}},{"type":"Feature","geometry":{"type":"Point","coordinates":[77.6516783,12.9234202]},"properties":{"name":"27th Main","operator":"BMTC","osm_id":11417676432}},{"type":"Feature","geometry":{"type":"Point","coordinates":[77.5837552,13.0198088]},"properties":{"name":"Mekhri Circle","operator":"BMTC","osm_id":11420703843}},{"type":"Feature","geometry":{"type":"Point","coordinates":[77.5878278,12.8913214]},"properties":{"name":"Nayara Petrol Pump Lakshmi Layout","operator":"BMTC","osm_id":11434216330}},{"type":"Feature","geometry":{"type":"Point","coordinates":[77.5554238,13.0703809]},"properties":{"name":"Vidyaranyapura BEL 1st Block","operator":"BMTC","osm_id":11445466243}},{"type":"Feature","geometry":{"type":"Point","coordinates":[77.5581953,13.0764196]},"properties":{"name":"Vidyaranyapura Post Office","operator":"BMTC","osm_id":11445466249}},{"type":"Feature","geometry":{"type":"Point","coordinates":[77.5590549,13.079545]},"properties":{"name":"Bus Stop","operator":"BMTC","osm_id":11445466252}},{"type":"Feature","geometry":{"type":"Point","coordinates":[77.5595634,13.081377]},"properties":{"name":"Bus Stop","operator":"BMTC","osm_id":11445466253}},{"type":"Feature","geometry":{"type":"Point","coordinates":[77.5598162,13.084334]},"properties":{"name":"Bus Stop","operator":"BMTC","osm_id":11445466255}},{"type":"Feature","geometry":{"type":"Point","coordinates":[77.5842355,13.0976393]},"properties":{"name":"Sharavathi Hotel","operator":"BMTC","osm_id":11445757498}},{"type":"Feature","geometry":{"type":"Point","coordinates":[77.5842654,13.0976268]},"properties":{"name":"Sharavathi Hotel","operator":"BMTC","osm_id":11448931939}},{"type":"Feature","geometry":{"type":"Point","coordinates":[77.559521,13.0647859]},"properties":{"name":"Chamundeshwari Layout","operator":"BMTC","osm_id":11496080742}},{"type":"Feature","geometry":{"type":"Point","coordinates":[77.5559023,13.0461913]},"properties":{"name":"BEL Circle","operator":"BMTC","osm_id":11496155853}},{"type":"Feature","geometry":{"type":"Point","coordinates":[77.6793877,12.9837935]},"properties":{"name":"Kaggadasapura","operator":"BMTC","osm_id":11506269875}},{"type":"Feature","geometry":{"type":"Point","coordinates":[77.6198632,12.9484917]},"properties":{"name":"Rajendranagar","operator":"BMTC","osm_id":11506367463}},{"type":"Feature","geometry":{"type":"Point","coordinates":[77.6196167,12.9706249]},"properties":{"name":"Trinity Circle","operator":"BMTC","osm_id":11506418985}},{"type":"Feature","geometry":{"type":"Point","coordinates":[77.5976114,13.0997554]},"properties":{"name":"Yelahanka Santhe Circle","operator":"BMTC","osm_id":11513976834}},{"type":"Feature","geometry":{"type":"Point","coordinates":[77.5966268,13.0978934]},"properties":{"name":"Yelahanka Santhe Circle","operator":"BMTC","osm_id":11513976835}},{"type":"Feature","geometry":{"type":"Point","coordinates":[77.6490311,12.9128871]},"properties":{"name":"Bus Stop","operator":"BMTC","osm_id":11533543457}},{"type":"Feature","geometry":{"type":"Point","coordinates":[77.6067081,12.9365433]},"properties":{"name":"Muneshwara Devasthana","operator":"BMTC","osm_id":11542817224}},{"type":"Feature","geometry":{"type":"Point","coordinates":[77.6721066,12.8468497]},"properties":{"name":"KSRTC","operator":"BMTC","osm_id":11577126058}},{"type":"Feature","geometry":{"type":"Point","coordinates":[77.6619246,13.0131862]},"properties":{"name":"B Channasandra Bridge (Towards Banaswadi)","operator":"BMTC","osm_id":11584433311}},{"type":"Feature","geometry":{"type":"Point","coordinates":[77.62207,12.9985542]},"properties":{"name":"ITC Factory","operator":"BMTC","osm_id":11584464945}},{"type":"Feature","geometry":{"type":"Point","coordinates":[77.5151815,12.8786603]},"properties":{"name":"Chikkegowdana Palya","operator":"BMTC","osm_id":11590931818}},{"type":"Feature","geometry":{"type":"Point","coordinates":[77.486592,13.0842061]},"properties":{"name":"Achyuthanagara Gate","operator":"BMTC","osm_id":11598060942}},{"type":"Feature","geometry":{"type":"Point","coordinates":[77.4841132,13.0835206]},"properties":{"name":"Acharya Institute of Technology","operator":"BMTC","osm_id":11598060943}},{"type":"Feature","geometry":{"type":"Point","coordinates":[77.48411,13.0835308]},"properties":{"name":"Acharya Institute of Technology","operator":"BMTC","osm_id":11598060944}},{"type":"Feature","geometry":{"type":"Point","coordinates":[77.4841548,13.0835329]},"properties":{"name":"Acharya Institute of Technology","operator":"BMTC","osm_id":11598060945}},{"type":"Feature","geometry":{"type":"Point","coordinates":[77.4874583,13.0045812]},"properties":{"name":"Vidyamanyanagar","operator":"BMTC","osm_id":11598060951}},{"type":"Feature","geometry":{"type":"Point","coordinates":[77.4873051,13.004739]},"properties":{"name":"Vidyamanyanagar","operator":"BMTC","osm_id":11598060952}},{"type":"Feature","geometry":{"type":"Point","coordinates":[77.530006,13.0687543]},"properties":{"name":"WIMAC Junction","operator":"BMTC","osm_id":11598060953}},{"type":"Feature","geometry":{"type":"Point","coordinates":[77.5299691,13.0687297]},"properties":{"name":"WIMAC Junction","operator":"BMTC","osm_id":11598060954}},{"type":"Feature","geometry":{"type":"Point","coordinates":[77.5280265,13.0710699]},"properties":{"name":"Abbigere Dinne","operator":"BMTC","osm_id":11598060955}},{"type":"Feature","geometry":{"type":"Point","coordinates":[77.5235281,13.0724665]},"properties":{"name":"Abbigere Gate","operator":"BMTC","osm_id":11598060956}},{"type":"Feature","geometry":{"type":"Point","coordinates":[77.5258486,13.0769208]},"properties":{"name":"Abbigere","operator":"BMTC","osm_id":11598060957}},{"type":"Feature","geometry":{"type":"Point","coordinates":[77.5861424,13.1023925]},"properties":{"name":"Escorts Yelahanka Road","operator":"BMTC","osm_id":11598159731}},{"type":"Feature","geometry":{"type":"Point","coordinates":[77.5859937,13.1023503]},"properties":{"name":"Escorts Yelahanka Road","operator":"BMTC","osm_id":11598159732}},{"type":"Feature","geometry":{"type":"Point","coordinates":[77.6808423,12.9793126]},"properties":{"name":"Abbaiah Layout","operator":"BMTC","osm_id":11598159736}},{"type":"Feature","geometry":{"type":"Point","coordinates":[77.4848126,13.0080262]},"properties":{"name":"Andrahalli","operator":"BMTC","osm_id":11598159740}},{"type":"Feature","geometry":{"type":"Point","coordinates":[77.4848449,13.0080767]},"properties":{"name":"Andrahalli","operator":"BMTC","osm_id":11598159741}},{"type":"Feature","geometry":{"type":"Point","coordinates":[77.5829664,13.1025212]},"properties":{"name":"Adithi School Yelahanka","operator":"BMTC","osm_id":11598166602}},{"type":"Feature","geometry":{"type":"Point","coordinates":[77.5829481,13.1025258]},"properties":{"name":"Adithi School Yelahanka","operator":"BMTC","osm_id":11598166603}},{"type":"Feature","geometry":{"type":"Point","coordinates":[77.7058824,13.0554373]},"properties":{"name":"Aduru","operator":"BMTC","osm_id":11598213071}},{"type":"Feature","geometry":{"type":"Point","coordinates":[77.6074632,12.9447292]},"properties":{"name":"Adugodi","operator":"BMTC","osm_id":11598213076}},{"type":"Feature","geometry":{"type":"Point","coordinates":[77.5012771,12.9490948]},"properties":{"name":"Administrative Block","operator":"BMTC","osm_id":11598213077}},{"type":"Feature","geometry":{"type":"Point","coordinates":[77.4890488,12.9075919]},"properties":{"name":"Gollahalli Road Junction","operator":"BMTC","osm_id":11598296745}},{"type":"Feature","geometry":{"type":"Point","coordinates":[77.4890372,12.9075354]},"properties":{"name":"Gollahalli Road Junction","operator":"BMTC","osm_id":11598296746}},{"type":"Feature","geometry":{"type":"Point","coordinates":[77.492283,12.9096178]},"properties":{"name":"Ashrama Savandarbar","operator":"BMTC","osm_id":11598296747}},{"type":"Feature","geometry":{"type":"Point","coordinates":[77.4992318,12.9070531]},"properties":{"name":"BGS Health City","operator":"BMTC","osm_id":11598296749}},{"type":"Feature","geometry":{"type":"Point","coordinates":[77.5046456,12.904755]},"properties":{"name":"Omkar Hills","operator":"BMTC","osm_id":11598296750}},{"type":"Feature","geometry":{"type":"Point","coordinates":[77.5094815,12.9039531]},"properties":{"name":"JSS College","operator":"BMTC","osm_id":11598296751}},{"type":"Feature","geometry":{"type":"Point","coordinates":[77.5125969,12.9040515]},"properties":{"name":"Indo American Hybrid Farm","operator":"BMTC","osm_id":11598296752}},{"type":"Feature","geometry":{"type":"Point","coordinates":[77.5161528,12.9033684]},"properties":{"name":"Channasandra Colony","operator":"BMTC","osm_id":11598296753}},{"type":"Feature","geometry":{"type":"Point","coordinates":[77.5214198,12.9028697]},"properties":{"name":"Channasandra","operator":"BMTC","osm_id":11598296754}},{"type":"Feature","geometry":{"type":"Point","coordinates":[77.527174,12.904527]},"properties":{"name":"Mantri Alpyne Apartment","operator":"BMTC","osm_id":11598296755}},{"type":"Feature","geometry":{"type":"Point","coordinates":[77.5271876,12.9044908]},"properties":{"name":"Mantri Alpyne Apartment","operator":"BMTC","osm_id":11598296756}},{"type":"Feature","geometry":{"type":"Point","coordinates":[77.5302345,12.9047874]},"properties":{"name":"Patalamma Temple","operator":"BMTC","osm_id":11598296757}},{"type":"Feature","geometry":{"type":"Point","coordinates":[77.5346207,12.9084153]},"properties":{"name":"Uttarahalli Water Tank","operator":"BMTC","osm_id":11598296758}},{"type":"Feature","geometry":{"type":"Point","coordinates":[77.5359327,12.9088018]},"properties":{"name":"Poornaprajna Layout","operator":"BMTC","osm_id":11598296760}},{"type":"Feature","geometry":{"type":"Point","coordinates":[77.5385142,12.9085782]},"properties":{"name":"Arehalli","operator":"BMTC","osm_id":11598296761}},{"type":"Feature","geometry":{"type":"Point","coordinates":[77.5426217,12.9057896]},"properties":{"name":"Uttarahalli","operator":"BMTC","osm_id":11598296762}},{"type":"Feature","geometry":{"type":"Point","coordinates":[77.5426096,12.905749]},"properties":{"name":"Uttarahalli","operator":"BMTC","osm_id":11598296763}},{"type":"Feature","geometry":{"type":"Point","coordinates":[77.546138,12.9070053]},"properties":{"name":"Krishnarajendra Hospital","operator":"BMTC","osm_id":11598296764}},{"type":"Feature","geometry":{"type":"Point","coordinates":[77.549338,12.9091924]},"properties":{"name":"Chikkallasandra Bank Colony","operator":"BMTC","osm_id":11598296765}},{"type":"Feature","geometry":{"type":"Point","coordinates":[77.5556721,12.9115128]},"properties":{"name":"Gowdanapalya","operator":"BMTC","osm_id":11598296767}},{"type":"Feature","geometry":{"type":"Point","coordinates":[77.5582189,12.9115989]},"properties":{"name":"Prarthana School","operator":"BMTC","osm_id":11598327069}},{"type":"Feature","geometry":{"type":"Point","coordinates":[77.561856,12.9155133]},"properties":{"name":"Kadirenahalli Circle","operator":"BMTC","osm_id":11598327070}},{"type":"Feature","geometry":{"type":"Point","coordinates":[77.5672562,12.9137096]},"properties":{"name":"Kadirenahalli Cross","operator":"BMTC","osm_id":11598327071}},{"type":"Feature","geometry":{"type":"Point","coordinates":[77.5665227,12.9139544]},"properties":{"name":"Kadirenahalli Cross","operator":"BMTC","osm_id":11598367901}},{"type":"Feature","geometry":{"type":"Point","coordinates":[77.5613686,12.9157092]},"properties":{"name":"Kadirenahalli Circle","operator":"BMTC","osm_id":11598367902}},{"type":"Feature","geometry":{"type":"Point","coordinates":[77.561367,12.9157354]},"properties":{"name":"Kadirenahalli Circle","operator":"BMTC","osm_id":11598367903}},{"type":"Feature","geometry":{"type":"Point","coordinates":[77.5583535,12.9115888]},"properties":{"name":"Prarthana School","operator":"BMTC","osm_id":11598367904}},{"type":"Feature","geometry":{"type":"Point","coordinates":[77.5583589,12.9116576]},"properties":{"name":"Prarthana School","operator":"BMTC","osm_id":11598367905}},{"type":"Feature","geometry":{"type":"Point","coordinates":[77.5556356,12.9115774]},"properties":{"name":"Gowdanapalya","operator":"BMTC","osm_id":11598367906}},{"type":"Feature","geometry":{"type":"Point","coordinates":[77.5555882,12.9115877]},"properties":{"name":"Gowdanapalya","operator":"BMTC","osm_id":11598367907}},{"type":"Feature","geometry":{"type":"Point","coordinates":[77.5523508,12.9118609]},"properties":{"name":"Chikkallasandra Aralimara","operator":"BMTC","osm_id":11598367909}},{"type":"Feature","geometry":{"type":"Point","coordinates":[77.5490973,12.9090165]},"properties":{"name":"Chikkallasandra Bank Colony","operator":"BMTC","osm_id":11598367910}},{"type":"Feature","geometry":{"type":"Point","coordinates":[77.5490557,12.9090687]},"properties":{"name":"Chikkallasandra Bank Colony","operator":"BMTC","osm_id":11598367911}},{"type":"Feature","geometry":{"type":"Point","coordinates":[77.5461012,12.9069913]},"properties":{"name":"Krishnarajendra Hospital","operator":"BMTC","osm_id":11598367912}},{"type":"Feature","geometry":{"type":"Point","coordinates":[77.5460891,12.9070216]},"properties":{"name":"Krishnarajendra Hospital","operator":"BMTC","osm_id":11598367913}},{"type":"Feature","geometry":{"type":"Point","coordinates":[77.5428556,12.9058635]},"properties":{"name":"Uttarahalli","operator":"BMTC","osm_id":11598367914}},{"type":"Feature","geometry":{"type":"Point","coordinates":[77.5428276,12.9059052]},"properties":{"name":"Uttarahalli","operator":"BMTC","osm_id":11598367915}},{"type":"Feature","geometry":{"type":"Point","coordinates":[77.5377756,12.9083651]},"properties":{"name":"Arehalli","operator":"BMTC","osm_id":11598367916}},{"type":"Feature","geometry":{"type":"Point","coordinates":[77.537781,12.9084491]},"properties":{"name":"Arehalli","operator":"BMTC","osm_id":11598367917}},{"type":"Feature","geometry":{"type":"Point","coordinates":[77.5358872,12.9088249]},"properties":{"name":"Poornaprajna Layout","operator":"BMTC","osm_id":11598367918}},{"type":"Feature","geometry":{"type":"Point","coordinates":[77.5358746,12.9088014]},"properties":{"name":"Poornaprajna Layout","operator":"BMTC","osm_id":11598367919}},{"type":"Feature","geometry":{"type":"Point","coordinates":[77.5344592,12.9083164]},"properties":{"name":"Uttarahalli Water Tank","operator":"BMTC","osm_id":11598367920}},{"type":"Feature","geometry":{"type":"Point","coordinates":[77.5344269,12.9083667]},"properties":{"name":"Uttarahalli Water Tank","operator":"BMTC","osm_id":11598367921}},{"type":"Feature","geometry":{"type":"Point","coordinates":[77.5299919,12.9049353]},"properties":{"name":"Patalamma Temple","operator":"BMTC","osm_id":11598367922}},{"type":"Feature","geometry":{"type":"Point","coordinates":[77.526983,12.9044586]},"properties":{"name":"Mantri Alpyne Apartment","operator":"BMTC","osm_id":11598367923}},{"type":"Feature","geometry":{"type":"Point","coordinates":[77.526961,12.904517]},"properties":{"name":"Mantri Alpyne Apartment","operator":"BMTC","osm_id":11598367924}},{"type":"Feature","geometry":{"type":"Point","coordinates":[77.5213745,12.9028589]},"properties":{"name":"Channasandra","operator":"BMTC","osm_id":11598367925}},{"type":"Feature","geometry":{"type":"Point","coordinates":[77.5213632,12.9029038]},"properties":{"name":"Channasandra","operator":"BMTC","osm_id":11598367926}},{"type":"Feature","geometry":{"type":"Point","coordinates":[77.5161114,12.9034398]},"properties":{"name":"Channasandra Colony","operator":"BMTC","osm_id":11598367927}},{"type":"Feature","geometry":{"type":"Point","coordinates":[77.5122836,12.9040736]},"properties":{"name":"Indo American Hybrid Farm","operator":"BMTC","osm_id":11598367928}},{"type":"Feature","geometry":{"type":"Point","coordinates":[77.5122826,12.9041209]},"properties":{"name":"Indo American Hybrid Farm","operator":"BMTC","osm_id":11598367929}},{"type":"Feature","geometry":{"type":"Point","coordinates":[77.5079737,12.903842]},"properties":{"name":"JSS College","operator":"BMTC","osm_id":11598367930}},{"type":"Feature","geometry":{"type":"Point","coordinates":[77.5079723,12.9039101]},"properties":{"name":"JSS College","operator":"BMTC","osm_id":11598367931}},{"type":"Feature","geometry":{"type":"Point","coordinates":[77.5045149,12.9047833]},"properties":{"name":"Omkar Hills","operator":"BMTC","osm_id":11598367932}},{"type":"Feature","geometry":{"type":"Point","coordinates":[77.5045243,12.9048235]},"properties":{"name":"Omkar Hills","operator":"BMTC","osm_id":11598367933}},{"type":"Feature","geometry":{"type":"Point","coordinates":[77.4989691,12.9071997]},"properties":{"name":"BGS Health City","operator":"BMTC","osm_id":11598367934}},{"type":"Feature","geometry":{"type":"Point","coordinates":[77.4989855,12.9072249]},"properties":{"name":"BGS Health City","operator":"BMTC","osm_id":11598367935}},{"type":"Feature","geometry":{"type":"Point","coordinates":[77.4922693,12.9095738]},"properties":{"name":"Ashrama Savandarbar","operator":"BMTC","osm_id":11598367936}},{"type":"Feature","geometry":{"type":"Point","coordinates":[77.4921875,12.9095981]},"properties":{"name":"Ashrama Savandarbar","operator":"BMTC","osm_id":11598367937}},{"type":"Feature","geometry":{"type":"Point","coordinates":[77.488828,12.9077786]},"properties":{"name":"Gollahalli Road Junction","operator":"BMTC","osm_id":11598367938}},{"type":"Feature","geometry":{"type":"Point","coordinates":[77.4888186,12.9077393]},"properties":{"name":"Gollahalli Road Junction","operator":"BMTC","osm_id":11598367939}},{"type":"Feature","geometry":{"type":"Point","coordinates":[77.6703083,12.8470535]},"properties":{"name":"Electronic City","operator":"BMTC","osm_id":11598969427}},{"type":"Feature","geometry":{"type":"Point","coordinates":[77.6702848,12.8470967]},"properties":{"name":"Electronic City","operator":"BMTC","osm_id":11598969428}},{"type":"Feature","geometry":{"type":"Point","coordinates":[77.6621152,12.8454725]},"properties":{"name":"Siemens","operator":"BMTC","osm_id":11598969429}},{"type":"Feature","geometry":{"type":"Point","coordinates":[77.6603402,12.8451717]},"properties":{"name":"BHEL","operator":"BMTC","osm_id":11598969430}},{"type":"Feature","geometry":{"type":"Point","coordinates":[77.6603379,12.8452099]},"properties":{"name":"BHEL","operator":"BMTC","osm_id":11598969431}},{"type":"Feature","geometry":{"type":"Point","coordinates":[77.6517091,12.8406048]},"properties":{"name":"Concord Apartment Electronic City","operator":"BMTC","osm_id":11598969433}},{"type":"Feature","geometry":{"type":"Point","coordinates":[77.6479125,12.8415946]},"properties":{"name":"Neeladri Nagar","operator":"BMTC","osm_id":11598969436}},{"type":"Feature","geometry":{"type":"Point","coordinates":[77.6443197,12.8434539]},"properties":{"name":"Thogur Cross","operator":"BMTC","osm_id":11598969437}},{"type":"Feature","geometry":{"type":"Point","coordinates":[77.6346387,12.843767]},"properties":{"name":"Vittasandra Cross","operator":"BMTC","osm_id":11598969438}},{"type":"Feature","geometry":{"type":"Point","coordinates":[77.6346114,12.8438213]},"properties":{"name":"Vittasandra Cross","operator":"BMTC","osm_id":11598969439}},{"type":"Feature","geometry":{"type":"Point","coordinates":[77.6318501,12.8416246]},"properties":{"name":"Bettadasanapura","operator":"BMTC","osm_id":11598969440}},{"type":"Feature","geometry":{"type":"Point","coordinates":[77.6249954,12.8363756]},"properties":{"name":"Jalli Machine","operator":"BMTC","osm_id":11598969441}},{"type":"Feature","geometry":{"type":"Point","coordinates":[77.6250487,12.8364015]},"properties":{"name":"Jalli Machine","operator":"BMTC","osm_id":11598969442}},{"type":"Feature","geometry":{"type":"Point","coordinates":[77.618688,12.8422609]},"properties":{"name":"Mylasandra Road Junction","operator":"BMTC","osm_id":11598969443}},{"type":"Feature","geometry":{"type":"Point","coordinates":[77.6187247,12.8422941]},"properties":{"name":"Mylasandra Road Junction","operator":"BMTC","osm_id":11598969444}},{"type":"Feature","geometry":{"type":"Point","coordinates":[77.6133735,12.8434932]},"properties":{"name":"Mylasandra Cross","operator":"BMTC","osm_id":11598969445}},{"type":"Feature","geometry":{"type":"Point","coordinates":[77.6133824,12.8435265]},"properties":{"name":"Mylasandra Cross","operator":"BMTC","osm_id":11598969446}},{"type":"Feature","geometry":{"type":"Point","coordinates":[77.6118972,12.8438792]},"properties":{"name":"Vaddarapalya","operator":"BMTC","osm_id":11598969447}},{"type":"Feature","geometry":{"type":"Point","coordinates":[77.6119106,12.8439272]},"properties":{"name":"Vaddarapalya","operator":"BMTC","osm_id":11598969448}},{"type":"Feature","geometry":{"type":"Point","coordinates":[77.6093922,12.8459093]},"properties":{"name":"St Mary's School","operator":"BMTC","osm_id":11598969449}},{"type":"Feature","geometry":{"type":"Point","coordinates":[77.6094402,12.8459448]},"properties":{"name":"St Mary's School","operator":"BMTC","osm_id":11598969450}},{"type":"Feature","geometry":{"type":"Point","coordinates":[77.6060268,12.8439359]},"properties":{"name":"Basavanna Devasthana CK Palya","operator":"BMTC","osm_id":11598969452}},{"type":"Feature","geometry":{"type":"Point","coordinates":[77.6060285,12.8439835]},"properties":{"name":"Basavanna Devasthana CK Palya","operator":"BMTC","osm_id":11598969453}},{"type":"Feature","geometry":{"type":"Point","coordinates":[77.598018,12.8444398]},"properties":{"name":"Hommadevanahalli","operator":"BMTC","osm_id":11598969454}},{"type":"Feature","geometry":{"type":"Point","coordinates":[77.5973748,12.8408321]},"properties":{"name":"Hommadevanahalli Cross","operator":"BMTC","osm_id":11598969455}},{"type":"Feature","geometry":{"type":"Point","coordinates":[77.5973448,12.8408571]},"properties":{"name":"Hommadevanahalli Cross","operator":"BMTC","osm_id":11598969456}},{"type":"Feature","geometry":{"type":"Point","coordinates":[77.593566,12.8405306]},"properties":{"name":"CK Palya Cross","operator":"BMTC","osm_id":11598969457}},{"type":"Feature","geometry":{"type":"Point","coordinates":[77.593575,12.840559]},"properties":{"name":"CK Palya Cross","operator":"BMTC","osm_id":11598969458}},{"type":"Feature","geometry":{"type":"Point","coordinates":[77.5886587,12.8417404]},"properties":{"name":"Koli Farm Gate","operator":"BMTC","osm_id":11598969463}},{"type":"Feature","geometry":{"type":"Point","coordinates":[77.5886598,12.8417802]},"properties":{"name":"Koli Farm Gate","operator":"BMTC","osm_id":11598969464}},{"type":"Feature","geometry":{"type":"Point","coordinates":[77.5883482,12.8510449]},"properties":{"name":"T John College","operator":"BMTC","osm_id":11598969465}},{"type":"Feature","geometry":{"type":"Point","coordinates":[77.5883983,12.8510428]},"properties":{"name":"T John College","operator":"BMTC","osm_id":11598969466}},{"type":"Feature","geometry":{"type":"Point","coordinates":[77.585533,12.8608254]},"properties":{"name":"Bhagya Nagara","operator":"BMTC","osm_id":11598969467}},{"type":"Feature","geometry":{"type":"Point","coordinates":[77.5855485,12.8608816]},"properties":{"name":"Bhagya Nagara","operator":"BMTC","osm_id":11598969468}},{"type":"Feature","geometry":{"type":"Point","coordinates":[77.5809675,12.8656114]},"properties":{"name":"Jambu Savari Dinne","operator":"BMTC","osm_id":11598993069}},{"type":"Feature","geometry":{"type":"Point","coordinates":[77.5758919,12.8691464]},"properties":{"name":"Royal Layout","operator":"BMTC","osm_id":11598993070}},{"type":"Feature","geometry":{"type":"Point","coordinates":[77.5731934,12.8739851]},"properties":{"name":"Sarathi Nagara","operator":"BMTC","osm_id":11598993071}},{"type":"Feature","geometry":{"type":"Point","coordinates":[77.5702764,12.8746614]},"properties":{"name":"Vinayaka Chitramandira","operator":"BMTC","osm_id":11598993073}},{"type":"Feature","geometry":{"type":"Point","coordinates":[77.5702871,12.8747228]},"properties":{"name":"Vinayaka Chitramandira","operator":"BMTC","osm_id":11598993074}},{"type":"Feature","geometry":{"type":"Point","coordinates":[77.5673121,12.8791874]},"properties":{"name":"Hari Nagara Cross","operator":"BMTC","osm_id":11598993075}},{"type":"Feature","geometry":{"type":"Point","coordinates":[77.5666615,12.8839085]},"properties":{"name":"Sowdamini Kalyana Mantapa","operator":"BMTC","osm_id":11598993076}},{"type":"Feature","geometry":{"type":"Point","coordinates":[77.5666872,12.8838991]},"properties":{"name":"Sowdamini Kalyana Mantapa","operator":"BMTC","osm_id":11598993077}},{"type":"Feature","geometry":{"type":"Point","coordinates":[77.5661049,12.8828845]},"properties":{"name":"Konanakunte Reliance Fresh","operator":"BMTC","osm_id":11598993078}},{"type":"Feature","geometry":{"type":"Point","coordinates":[77.5661292,12.8829712]},"properties":{"name":"Konanakunte Reliance Fresh","operator":"BMTC","osm_id":11598993079}},{"type":"Feature","geometry":{"type":"Point","coordinates":[77.5642581,12.8902724]},"properties":{"name":"Konanakunte Cross","operator":"BMTC","osm_id":11598993080}},{"type":"Feature","geometry":{"type":"Point","coordinates":[77.5603784,12.8916181]},"properties":{"name":"Ragi Machine","operator":"BMTC","osm_id":11598993081}},{"type":"Feature","geometry":{"type":"Point","coordinates":[77.5594903,12.8925001]},"properties":{"name":"Sharadanagara","operator":"BMTC","osm_id":11598993083}},{"type":"Feature","geometry":{"type":"Point","coordinates":[77.5550761,12.8950377]},"properties":{"name":"Pipeline Vasanthapura","operator":"BMTC","osm_id":11598993084}},{"type":"Feature","geometry":{"type":"Point","coordinates":[77.5524009,12.8963063]},"properties":{"name":"Vasanthapura","operator":"BMTC","osm_id":11598993085}},{"type":"Feature","geometry":{"type":"Point","coordinates":[77.548363,12.8963866]},"properties":{"name":"Yadalam Nagara","operator":"BMTC","osm_id":11598993087}},{"type":"Feature","geometry":{"type":"Point","coordinates":[77.5464399,12.8975618]},"properties":{"name":"Subramanyapura KEB","operator":"BMTC","osm_id":11598993088}},{"type":"Feature","geometry":{"type":"Point","coordinates":[77.5439551,12.8987458]},"properties":{"name":"Subramanyapura Post Office","operator":"BMTC","osm_id":11598993089}},{"type":"Feature","geometry":{"type":"Point","coordinates":[77.5439957,12.8987729]},"properties":{"name":"Subramanyapura Post Office","operator":"BMTC","osm_id":11598993090}},{"type":"Feature","geometry":{"type":"Point","coordinates":[77.5441015,12.9014198]},"properties":{"name":"Subramanyapura Police Station","operator":"BMTC","osm_id":11598993091}},{"type":"Feature","geometry":{"type":"Point","coordinates":[77.5441292,12.9015042]},"properties":{"name":"Subramanyapura Police Station","operator":"BMTC","osm_id":11602243183}},{"type":"Feature","geometry":{"type":"Point","coordinates":[77.5440929,12.9015155]},"properties":{"name":"Subramanyapura Police Station","operator":"BMTC","osm_id":11602243184}},{"type":"Feature","geometry":{"type":"Point","coordinates":[77.5438857,12.8987481]},"properties":{"name":"Subramanyapura Post Office","operator":"BMTC","osm_id":11602243185}},{"type":"Feature","geometry":{"type":"Point","coordinates":[77.546356,12.8975781]},"properties":{"name":"Subramanyapura KEB","operator":"BMTC","osm_id":11602243186}},{"type":"Feature","geometry":{"type":"Point","coordinates":[77.54824,12.8964717]},"properties":{"name":"Yadalam Nagara","operator":"BMTC","osm_id":11602243187}},{"type":"Feature","geometry":{"type":"Point","coordinates":[77.5482195,12.8964277]},"properties":{"name":"Yadalam Nagara","operator":"BMTC","osm_id":11602243188}},{"type":"Feature","geometry":{"type":"Point","coordinates":[77.5526217,12.8961953]},"properties":{"name":"Vasanthapura","operator":"BMTC","osm_id":11602243189}},{"type":"Feature","geometry":{"type":"Point","coordinates":[77.5524822,12.8962094]},"properties":{"name":"Vasanthapura","operator":"BMTC","osm_id":11602243190}},{"type":"Feature","geometry":{"type":"Point","coordinates":[77.5547491,12.8950425]},"properties":{"name":"Pipeline Vasanthapura","operator":"BMTC","osm_id":11602243191}},{"type":"Feature","geometry":{"type":"Point","coordinates":[77.5594186,12.8927153]},"properties":{"name":"Sharadanagara","operator":"BMTC","osm_id":11602243192}},{"type":"Feature","geometry":{"type":"Point","coordinates":[77.5593781,12.8926732]},"properties":{"name":"Sharadanagara","operator":"BMTC","osm_id":11602243193}},{"type":"Feature","geometry":{"type":"Point","coordinates":[77.5601352,12.8916803]},"properties":{"name":"Ragi Machine","operator":"BMTC","osm_id":11602243194}},{"type":"Feature","geometry":{"type":"Point","coordinates":[77.5640966,12.8905007]},"properties":{"name":"Konanakunte Cross","operator":"BMTC","osm_id":11602243195}},{"type":"Feature","geometry":{"type":"Point","coordinates":[77.5673021,12.8791613]},"properties":{"name":"Hari Nagara Cross","operator":"BMTC","osm_id":11602243196}},{"type":"Feature","geometry":{"type":"Point","coordinates":[77.5672719,12.8791724]},"properties":{"name":"Hari Nagara Cross","operator":"BMTC","osm_id":11602243197}},{"type":"Feature","geometry":{"type":"Point","coordinates":[77.5669193,12.8762253]},"properties":{"name":"Glass Factory","operator":"BMTC","osm_id":11602243198}},{"type":"Feature","geometry":{"type":"Point","coordinates":[77.5668962,12.8762737]},"properties":{"name":"Glass Factory","operator":"BMTC","osm_id":11602243199}},{"type":"Feature","geometry":{"type":"Point","coordinates":[77.5702405,12.8746935]},"properties":{"name":"Vinayaka Chitramandira","operator":"BMTC","osm_id":11602243200}},{"type":"Feature","geometry":{"type":"Point","coordinates":[77.5702335,12.8746484]},"properties":{"name":"Vinayaka Chitramandira","operator":"BMTC","osm_id":11602243201}},{"type":"Feature","geometry":{"type":"Point","coordinates":[77.5732802,12.8739466]},"properties":{"name":"Sarathi Nagara","operator":"BMTC","osm_id":11602243202}},{"type":"Feature","geometry":{"type":"Point","coordinates":[77.573213,12.8738631]},"properties":{"name":"Sarathi Nagara","operator":"BMTC","osm_id":11602243203}},{"type":"Feature","geometry":{"type":"Point","coordinates":[77.5766689,12.8685395]},"properties":{"name":"Royal Layout","operator":"BMTC","osm_id":11602243204}},{"type":"Feature","geometry":{"type":"Point","coordinates":[77.5756453,12.8692835]},"properties":{"name":"Royal Layout","operator":"BMTC","osm_id":11602243205}},{"type":"Feature","geometry":{"type":"Point","coordinates":[77.5810109,12.8655658]},"properties":{"name":"Jambu Savari Dinne","operator":"BMTC","osm_id":11602243206}},{"type":"Feature","geometry":{"type":"Point","coordinates":[77.5809941,12.8655505]},"properties":{"name":"Jambu Savari Dinne","operator":"BMTC","osm_id":11602243207}},{"type":"Feature","geometry":{"type":"Point","coordinates":[77.5852896,12.8609692]},"properties":{"name":"Bhagya Nagara","operator":"BMTC","osm_id":11602243208}},{"type":"Feature","geometry":{"type":"Point","coordinates":[77.5882464,12.8493359]},"properties":{"name":"T John College","operator":"BMTC","osm_id":11602243209}},{"type":"Feature","geometry":{"type":"Point","coordinates":[77.5881985,12.8493365]},"properties":{"name":"T John College","operator":"BMTC","osm_id":11602243210}},{"type":"Feature","geometry":{"type":"Point","coordinates":[77.58874,12.8417382]},"properties":{"name":"Koli Farm Gate","operator":"BMTC","osm_id":11602243212}},{"type":"Feature","geometry":{"type":"Point","coordinates":[77.5887389,12.8416992]},"properties":{"name":"Koli Farm Gate","operator":"BMTC","osm_id":11602243213}},{"type":"Feature","geometry":{"type":"Point","coordinates":[77.5937358,12.8404798]},"properties":{"name":"CK Palya Cross","operator":"BMTC","osm_id":11602243214}},{"type":"Feature","geometry":{"type":"Point","coordinates":[77.5937212,12.8404413]},"properties":{"name":"CK Palya Cross","operator":"BMTC","osm_id":11602243215}},{"type":"Feature","geometry":{"type":"Point","coordinates":[77.5972615,12.8407641]},"properties":{"name":"Hommadevanahalli Cross","operator":"BMTC","osm_id":11602243216}},{"type":"Feature","geometry":{"type":"Point","coordinates":[77.5972657,12.8407276]},"properties":{"name":"Hommadevanahalli Cross","operator":"BMTC","osm_id":11602243217}},{"type":"Feature","geometry":{"type":"Point","coordinates":[77.5980706,12.8443617]},"properties":{"name":"Hommadevanahalli","operator":"BMTC","osm_id":11602243218}},{"type":"Feature","geometry":{"type":"Point","coordinates":[77.5981019,12.8443528]},"properties":{"name":"Hommadevanahalli","operator":"BMTC","osm_id":11602243219}},{"type":"Feature","geometry":{"type":"Point","coordinates":[77.6061084,12.8439333]},"properties":{"name":"Basavanna Devasthana CK Palya","operator":"BMTC","osm_id":11602243220}},{"type":"Feature","geometry":{"type":"Point","coordinates":[77.6061076,12.8439109]},"properties":{"name":"Basavanna Devasthana CK Palya","operator":"BMTC","osm_id":11602243221}},{"type":"Feature","geometry":{"type":"Point","coordinates":[77.6095494,12.8457235]},"properties":{"name":"St Mary's School","operator":"BMTC","osm_id":11602243222}},{"type":"Feature","geometry":{"type":"Point","coordinates":[77.609514,12.8456846]},"properties":{"name":"St Mary's School","operator":"BMTC","osm_id":11602243223}},{"type":"Feature","geometry":{"type":"Point","coordinates":[77.6120956,12.8438269]},"properties":{"name":"Vaddarapalya","operator":"BMTC","osm_id":11602243224}},{"type":"Feature","geometry":{"type":"Point","coordinates":[77.6120822,12.8437782]},"properties":{"name":"Vaddarapalya","operator":"BMTC","osm_id":11602243225}},{"type":"Feature","geometry":{"type":"Point","coordinates":[77.6134662,12.843433]},"properties":{"name":"Mylasandra Cross","operator":"BMTC","osm_id":11602243226}},{"type":"Feature","geometry":{"type":"Point","coordinates":[77.6186599,12.8422904]},"properties":{"name":"Mylasandra Road Junction","operator":"BMTC","osm_id":11602243227}},{"type":"Feature","geometry":{"type":"Point","coordinates":[77.6186322,12.8422653]},"properties":{"name":"Mylasandra Road Junction","operator":"BMTC","osm_id":11602243228}},{"type":"Feature","geometry":{"type":"Point","coordinates":[77.6250349,12.8362983]},"properties":{"name":"Jalli Machine","operator":"BMTC","osm_id":11602243229}},{"type":"Feature","geometry":{"type":"Point","coordinates":[77.6249984,12.8362806]},"properties":{"name":"Jalli Machine","operator":"BMTC","osm_id":11602243230}},{"type":"Feature","geometry":{"type":"Point","coordinates":[77.6319413,12.8415949]},"properties":{"name":"Bettadasanapura","operator":"BMTC","osm_id":11602243231}},{"type":"Feature","geometry":{"type":"Point","coordinates":[77.6319433,12.8415691]},"properties":{"name":"Bettadasanapura","operator":"BMTC","osm_id":11602243232}},{"type":"Feature","geometry":{"type":"Point","coordinates":[77.6348075,12.8438424]},"properties":{"name":"Vittasandra Cross","operator":"BMTC","osm_id":11602243233}},{"type":"Feature","geometry":{"type":"Point","coordinates":[77.6348227,12.8438082]},"properties":{"name":"Vittasandra Cross","operator":"BMTC","osm_id":11602243234}},{"type":"Feature","geometry":{"type":"Point","coordinates":[77.644274,12.8434381]},"properties":{"name":"Thogur Cross","operator":"BMTC","osm_id":11602243235}},{"type":"Feature","geometry":{"type":"Point","coordinates":[77.6442111,12.8434291]},"properties":{"name":"Thogur Cross","operator":"BMTC","osm_id":11602243236}},{"type":"Feature","geometry":{"type":"Point","coordinates":[77.6467349,12.841842]},"properties":{"name":"Ajmeer Apartment Neeladri Road","operator":"BMTC","osm_id":11602243237}},{"type":"Feature","geometry":{"type":"Point","coordinates":[77.6467296,12.8417868]},"properties":{"name":"Ajmeer Apartment Neeladri Road","operator":"BMTC","osm_id":11602243238}},{"type":"Feature","geometry":{"type":"Point","coordinates":[77.6479862,12.8415333]},"properties":{"name":"Neeladri Nagar","operator":"BMTC","osm_id":11602243239}},{"type":"Feature","geometry":{"type":"Point","coordinates":[77.6479661,12.8414612]},"properties":{"name":"Neeladri Nagar","operator":"BMTC","osm_id":11602243240}},{"type":"Feature","geometry":{"type":"Point","coordinates":[77.6518272,12.8405171]},"properties":{"name":"Concord Apartment Electronic City","operator":"BMTC","osm_id":11602243241}},{"type":"Feature","geometry":{"type":"Point","coordinates":[77.6602743,12.8448103]},"properties":{"name":"BHEL","operator":"BMTC","osm_id":11602243242}},{"type":"Feature","geometry":{"type":"Point","coordinates":[77.6622843,12.8454726]},"properties":{"name":"Siemens","operator":"BMTC","osm_id":11602243243}},{"type":"Feature","geometry":{"type":"Point","coordinates":[77.6622798,12.8454257]},"properties":{"name":"Siemens","operator":"BMTC","osm_id":11602243244}},{"type":"Feature","geometry":{"type":"Point","coordinates":[77.6704173,12.8468415]},"properties":{"name":"Electronic City","operator":"BMTC","osm_id":11602243245}},{"type":"Feature","geometry":{"type":"Point","coordinates":[77.6704404,12.8467986]},"properties":{"name":"Electronic City","operator":"BMTC","osm_id":11602243246}},{"type":"Feature","geometry":{"type":"Point","coordinates":[77.6718914,12.8476929]},"properties":{"name":"Electronic City","operator":"BMTC","osm_id":11602243247}},{"type":"Feature","geometry":{"type":"Point","coordinates":[77.5838699,12.8444618]},"properties":{"name":"Weavers Colony","operator":"BMTC","osm_id":11602264644}},{"type":"Feature","geometry":{"type":"Point","coordinates":[77.5838681,12.8444293]},"properties":{"name":"Weavers Colony","operator":"BMTC","osm_id":11602264645}},{"type":"Feature","geometry":{"type":"Point","coordinates":[77.5836612,12.8444782]},"properties":{"name":"Weavers Colony","operator":"BMTC","osm_id":11602264646}},{"type":"Feature","geometry":{"type":"Point","coordinates":[77.5806252,12.8400269]},"properties":{"name":"Maruthi Badavane","operator":"BMTC","osm_id":11602264656}},{"type":"Feature","geometry":{"type":"Point","coordinates":[77.5721817,12.8357026]},"properties":{"name":"Muneshwara Temple","operator":"BMTC","osm_id":11602264657}},{"type":"Feature","geometry":{"type":"Point","coordinates":[77.5721071,12.8357082]},"properties":{"name":"Muneshwara Temple","operator":"BMTC","osm_id":11602264658}},{"type":"Feature","geometry":{"type":"Point","coordinates":[77.5720704,12.8357758]},"properties":{"name":"Muneshwara Temple","operator":"BMTC","osm_id":11602264659}},{"type":"Feature","geometry":{"type":"Point","coordinates":[77.5578488,12.8450254]},"properties":{"name":"Tulasipura","operator":"BMTC","osm_id":11602264664}},{"type":"Feature","geometry":{"type":"Point","coordinates":[77.5510098,12.8437649]},"properties":{"name":"Onti Mane","operator":"BMTC","osm_id":11602264665}},{"type":"Feature","geometry":{"type":"Point","coordinates":[77.5509708,12.8438056]},"properties":{"name":"Onti Mane","operator":"BMTC","osm_id":11602264666}},{"type":"Feature","geometry":{"type":"Point","coordinates":[77.5511011,12.8438514]},"properties":{"name":"Onti Mane","operator":"BMTC","osm_id":11602264667}},{"type":"Feature","geometry":{"type":"Point","coordinates":[77.5511411,12.8438148]},"properties":{"name":"Onti Mane","operator":"BMTC","osm_id":11602264668}},{"type":"Feature","geometry":{"type":"Point","coordinates":[77.556566,12.8576507]},"properties":{"name":"Vajragiri Estate","operator":"BMTC","osm_id":11602270469}},{"type":"Feature","geometry":{"type":"Point","coordinates":[77.5565055,12.8577137]},"properties":{"name":"Vajragiri Estate","operator":"BMTC","osm_id":11602270470}},{"type":"Feature","geometry":{"type":"Point","coordinates":[77.5607631,12.861788]},"properties":{"name":"Anjanapura Cross","operator":"BMTC","osm_id":11602270471}},{"type":"Feature","geometry":{"type":"Point","coordinates":[77.5631799,12.8588681]},"properties":{"name":"Kidwai Layout","operator":"BMTC","osm_id":11602270472}},{"type":"Feature","geometry":{"type":"Point","coordinates":[77.5631091,12.8588851]},"properties":{"name":"Kidwai Layout","operator":"BMTC","osm_id":11602270473}},{"type":"Feature","geometry":{"type":"Point","coordinates":[77.5632029,12.8589591]},"properties":{"name":"Kidwai Layout","operator":"BMTC","osm_id":11602270474}},{"type":"Feature","geometry":{"type":"Point","coordinates":[77.564228,12.9182346]},"properties":{"name":"Kadirenahalli Park","operator":"BMTC","osm_id":11603111858}},{"type":"Feature","geometry":{"type":"Point","coordinates":[77.5433893,12.9307164]},"properties":{"name":"Hosakerehalli Junction","operator":"BMTC","osm_id":11603111863}},{"type":"Feature","geometry":{"type":"Point","coordinates":[77.5167228,12.9591384]},"properties":{"name":"Nagarabhavi Village","operator":"BMTC","osm_id":11603221272}},{"type":"Feature","geometry":{"type":"Point","coordinates":[77.5193964,12.9866463]},"properties":{"name":"Summanahalli","operator":"BMTC","osm_id":11603221273}},{"type":"Feature","geometry":{"type":"Point","coordinates":[77.5215167,12.9931081]},"properties":{"name":"Depot 31 Gate","operator":"BMTC","osm_id":11603221275}},{"type":"Feature","geometry":{"type":"Point","coordinates":[77.5234405,12.9976991]},"properties":{"name":"LB Samudaya Bhavana","operator":"BMTC","osm_id":11603221276}},{"type":"Feature","geometry":{"type":"Point","coordinates":[77.5233856,12.9972617]},"properties":{"name":"LB Samudaya Bhavana","operator":"BMTC","osm_id":11603221277}},{"type":"Feature","geometry":{"type":"Point","coordinates":[77.5258991,13.0024964]},"properties":{"name":"Kempegowda Arch","operator":"BMTC","osm_id":11603221278}},{"type":"Feature","geometry":{"type":"Point","coordinates":[77.5268148,13.0085675]},"properties":{"name":"Laggere Bridge","operator":"BMTC","osm_id":11603221279}},{"type":"Feature","geometry":{"type":"Point","coordinates":[77.5290717,13.0120404]},"properties":{"name":"Nandini Layout Ring Road","operator":"BMTC","osm_id":11603221281}},{"type":"Feature","geometry":{"type":"Point","coordinates":[77.5306745,13.0146767]},"properties":{"name":"Nandini Layout Ring Road","operator":"BMTC","osm_id":11603221282}},{"type":"Feature","geometry":{"type":"Point","coordinates":[77.5319221,13.0185856]},"properties":{"name":"Rajkumar Samadhi","operator":"BMTC","osm_id":11603221283}},{"type":"Feature","geometry":{"type":"Point","coordinates":[77.5329383,13.0225919]},"properties":{"name":"Kanteerva Studio","operator":"BMTC","osm_id":11603221284}},{"type":"Feature","geometry":{"type":"Point","coordinates":[77.5340797,13.0248676]},"properties":{"name":"Modern Food Goraguntepalya","operator":"BMTC","osm_id":11603221285}},{"type":"Feature","geometry":{"type":"Point","coordinates":[77.5565754,13.0177049]},"properties":{"name":"Yeshwanthapura TTMC","operator":"BMTC","osm_id":11603221287}},{"type":"Feature","geometry":{"type":"Point","coordinates":[77.632504,12.9782056]},"properties":{"name":"Lakshmipura Ulsoor","operator":"BMTC","osm_id":11607132689}},{"type":"Feature","geometry":{"type":"Point","coordinates":[77.5362745,13.0288011]},"properties":{"name":"Reliance Petrol Bunk Goraguntepalya","operator":"BMTC","osm_id":11607676785}},{"type":"Feature","geometry":{"type":"Point","coordinates":[77.5361972,13.0288417]},"properties":{"name":"Reliance Petrol Bunk Goraguntepalya","operator":"BMTC","osm_id":11607676786}},{"type":"Feature","geometry":{"type":"Point","coordinates":[77.5339913,13.0248961]},"properties":{"name":"Modern Food Goraguntepalya","operator":"BMTC","osm_id":11607676787}},{"type":"Feature","geometry":{"type":"Point","coordinates":[77.5326529,13.0226414]},"properties":{"name":"Kanteerava Studio","operator":"BMTC","osm_id":11607676788}},{"type":"Feature","geometry":{"type":"Point","coordinates":[77.5316675,13.0181624]},"properties":{"name":"Rajkumar Samadhi","operator":"BMTC","osm_id":11607676789}},{"type":"Feature","geometry":{"type":"Point","coordinates":[77.5305265,13.0147246]},"properties":{"name":"Nandhini Layout","operator":"BMTC","osm_id":11607676791}},{"type":"Feature","geometry":{"type":"Point","coordinates":[77.5305055,13.0147335]},"properties":{"name":"Nandhini Layout","operator":"BMTC","osm_id":11607676792}},{"type":"Feature","geometry":{"type":"Point","coordinates":[77.5289951,13.0121439]},"properties":{"name":"Nandini Layout Ring Road","operator":"BMTC","osm_id":11607676793}},{"type":"Feature","geometry":{"type":"Point","coordinates":[77.5266729,13.0084923]},"properties":{"name":"Laggere Bridge","operator":"BMTC","osm_id":11607676794}},{"type":"Feature","geometry":{"type":"Point","coordinates":[77.5213542,12.9931596]},"properties":{"name":"Depot 31 Gate","operator":"BMTC","osm_id":11607676795}},{"type":"Feature","geometry":{"type":"Point","coordinates":[77.5212707,12.9931878]},"properties":{"name":"Depot 31 Gate","operator":"BMTC","osm_id":11607676796}},{"type":"Feature","geometry":{"type":"Point","coordinates":[77.5150109,12.9785459]},"properties":{"name":"Malagala","operator":"BMTC","osm_id":11607676797}},{"type":"Feature","geometry":{"type":"Point","coordinates":[77.5149648,12.9785777]},"properties":{"name":"Malagala","operator":"BMTC","osm_id":11607676798}},{"type":"Feature","geometry":{"type":"Point","coordinates":[77.5127912,12.9721509]},"properties":{"name":"BDA Complex Nagarbhavi","operator":"BMTC","osm_id":11607676799}},{"type":"Feature","geometry":{"type":"Point","coordinates":[77.5127466,12.9721571]},"properties":{"name":"BDA Complex Nagarbhavi","operator":"BMTC","osm_id":11607676800}},{"type":"Feature","geometry":{"type":"Point","coordinates":[77.5204637,12.9521677]},"properties":{"name":"Nagarabhavi 1st Stage 3rd Block","operator":"BMTC","osm_id":11607676801}},{"type":"Feature","geometry":{"type":"Point","coordinates":[77.533561,12.9378886]},"properties":{"name":"Veerabhadra Nagara","operator":"BMTC","osm_id":11607676802}},{"type":"Feature","geometry":{"type":"Point","coordinates":[77.5403815,12.9328697]},"properties":{"name":"Hosakerehalli Petrol Bunk","operator":"BMTC","osm_id":11607676803}},{"type":"Feature","geometry":{"type":"Point","coordinates":[77.5403411,12.9328128]},"properties":{"name":"Hosakerehalli Petrol Bunk","operator":"BMTC","osm_id":11607676804}},{"type":"Feature","geometry":{"type":"Point","coordinates":[77.5430789,12.930711]},"properties":{"name":"Hosakerehalli Junction","operator":"BMTC","osm_id":11607676805}},{"type":"Feature","geometry":{"type":"Point","coordinates":[77.5430415,12.9306844]},"properties":{"name":"Hosakerehalli Junction","operator":"BMTC","osm_id":11607676806}},{"type":"Feature","geometry":{"type":"Point","coordinates":[77.545899,12.9283039]},"properties":{"name":"Janatha Bazaar","operator":"BMTC","osm_id":11607676807}},{"type":"Feature","geometry":{"type":"Point","coordinates":[77.5496287,12.9255334]},"properties":{"name":"Katriguppe","operator":"BMTC","osm_id":11607676808}},{"type":"Feature","geometry":{"type":"Point","coordinates":[77.5536551,12.9238035]},"properties":{"name":"Kamakhya Talkies","operator":"BMTC","osm_id":11607676809}},{"type":"Feature","geometry":{"type":"Point","coordinates":[77.5591763,12.9219192]},"properties":{"name":"Devegowda Petrol Bunk","operator":"BMTC","osm_id":11607676810}},{"type":"Feature","geometry":{"type":"Point","coordinates":[77.481932,12.9103939]},"properties":{"name":"Kengeri Police Station","operator":"BMTC","osm_id":11608103335}},{"type":"Feature","geometry":{"type":"Point","coordinates":[77.4804322,12.91161]},"properties":{"name":"Kengeri Ganesha Temple","operator":"BMTC","osm_id":11608103336}},{"type":"Feature","geometry":{"type":"Point","coordinates":[77.4814557,12.9142835]},"properties":{"name":"Kommaghatta Junction","operator":"BMTC","osm_id":11608103337}},{"type":"Feature","geometry":{"type":"Point","coordinates":[77.4814653,12.9142936]},"properties":{"name":"Kommaghatta Junction","operator":"BMTC","osm_id":11608103338}},{"type":"Feature","geometry":{"type":"Point","coordinates":[77.4818576,12.9153316]},"properties":{"name":"Kengeri Post Office","operator":"BMTC","osm_id":11608103339}},{"type":"Feature","geometry":{"type":"Point","coordinates":[77.4818355,12.9153576]},"properties":{"name":"Kengeri Post Office","operator":"BMTC","osm_id":11608103340}},{"type":"Feature","geometry":{"type":"Point","coordinates":[77.4823126,12.9165759]},"properties":{"name":"Kengeri Railway Station","operator":"BMTC","osm_id":11608103341}},{"type":"Feature","geometry":{"type":"Point","coordinates":[77.4849695,12.9239296]},"properties":{"name":"Kengeri Satellite Town","operator":"BMTC","osm_id":11608103342}},{"type":"Feature","geometry":{"type":"Point","coordinates":[77.4850018,12.9239162]},"properties":{"name":"Kengeri Satellite Town","operator":"BMTC","osm_id":11608103343}},{"type":"Feature","geometry":{"type":"Point","coordinates":[77.4923899,12.9357027]},"properties":{"name":"Nagadevanahalli RR Temple","operator":"BMTC","osm_id":11608103344}},{"type":"Feature","geometry":{"type":"Point","coordinates":[77.4935755,12.9416258]},"properties":{"name":"Kenchapura Cross","operator":"BMTC","osm_id":11608103345}},{"type":"Feature","geometry":{"type":"Point","coordinates":[77.4955272,12.9452841]},"properties":{"name":"Mariyappanapalya","operator":"BMTC","osm_id":11608103346}},{"type":"Feature","geometry":{"type":"Point","coordinates":[77.497201,12.9486487]},"properties":{"name":"PVP School","operator":"BMTC","osm_id":11608103347}},{"type":"Feature","geometry":{"type":"Point","coordinates":[77.5030641,12.9571802]},"properties":{"name":"Mallathalli Cross","operator":"BMTC","osm_id":11608103348}},{"type":"Feature","geometry":{"type":"Point","coordinates":[77.5042766,12.9602772]},"properties":{"name":"Kengunte Circle","operator":"BMTC","osm_id":11608103349}},{"type":"Feature","geometry":{"type":"Point","coordinates":[77.5051467,12.9666909]},"properties":{"name":"Deepa Complex","operator":"BMTC","osm_id":11608103351}},{"type":"Feature","geometry":{"type":"Point","coordinates":[77.5078547,12.9720535]},"properties":{"name":"Papareddypalya","operator":"BMTC","osm_id":11608103352}},{"type":"Feature","geometry":{"type":"Point","coordinates":[77.5096413,12.9753438]},"properties":{"name":"Aladamara Papareddypalya","operator":"BMTC","osm_id":11608103353}},{"type":"Feature","geometry":{"type":"Point","coordinates":[77.5116464,12.9860114]},"properties":{"name":"Vokkaligara School","operator":"BMTC","osm_id":11608103354}},{"type":"Feature","geometry":{"type":"Point","coordinates":[77.514553,12.9877572]},"properties":{"name":"Kottigepalya","operator":"BMTC","osm_id":11608103356}},{"type":"Feature","geometry":{"type":"Point","coordinates":[77.5150098,12.987717]},"properties":{"name":"Kottigepalya","operator":"BMTC","osm_id":11608103357}},{"type":"Feature","geometry":{"type":"Point","coordinates":[77.514997,12.9877503]},"properties":{"name":"Kottigepalya","operator":"BMTC","osm_id":11608103358}},{"type":"Feature","geometry":{"type":"Point","coordinates":[77.5191018,12.9874068]},"properties":{"name":"Summanahalli","operator":"BMTC","osm_id":11608103359}},{"type":"Feature","geometry":{"type":"Point","coordinates":[77.5190914,12.9873779]},"properties":{"name":"Summanahalli","operator":"BMTC","osm_id":11608103360}},{"type":"Feature","geometry":{"type":"Point","coordinates":[77.5741337,12.9803979]},"properties":{"name":"Jabbar","operator":"BMTC","osm_id":11620632069}},{"type":"Feature","geometry":{"type":"Point","coordinates":[77.6900323,12.9553885]},"properties":{"name":"Bus Stop","operator":"BMTC","osm_id":11639971005}},{"type":"Feature","geometry":{"type":"Point","coordinates":[77.5933677,13.0670899]},"properties":{"name":"Byatarayanapura","operator":"BMTC","osm_id":11655446716}},{"type":"Feature","geometry":{"type":"Point","coordinates":[77.5582777,13.0763988]},"properties":{"name":"Vidyaranyapura Post Office","operator":"BMTC","osm_id":11655480561}},{"type":"Feature","geometry":{"type":"Point","coordinates":[77.5600073,13.0684525]},"properties":{"name":"Nanjappa Circle","operator":"BMTC","osm_id":11675805412}},{"type":"Feature","geometry":{"type":"Point","coordinates":[77.4630339,12.8845133]},"properties":{"name":"St. Benedict's Church","operator":"BMTC","osm_id":11681511502}},{"type":"Feature","geometry":{"type":"Point","coordinates":[77.4630332,12.8845469]},"properties":{"name":"St. Benedict's Church","operator":"BMTC","osm_id":11681511503}},{"type":"Feature","geometry":{"type":"Point","coordinates":[77.4716635,12.8883882]},"properties":{"name":"Doddabele","operator":"BMTC","osm_id":11681511505}},{"type":"Feature","geometry":{"type":"Point","coordinates":[77.4716806,12.8884898]},"properties":{"name":"Doddabele","operator":"BMTC","osm_id":11681511506}},{"type":"Feature","geometry":{"type":"Point","coordinates":[77.4757761,12.9041143]},"properties":{"name":"Kengeri RWS Gate","operator":"BMTC","osm_id":11681511507}},{"type":"Feature","geometry":{"type":"Point","coordinates":[77.5586515,13.0170788]},"properties":{"name":"Yeshwanthpura Circle","operator":"BMTC","osm_id":11690829644}},{"type":"Feature","geometry":{"type":"Point","coordinates":[77.5851012,12.9791186]},"properties":{"name":"Maharani's College","operator":"BMTC","osm_id":11696866840}},{"type":"Feature","geometry":{"type":"Point","coordinates":[77.5851461,12.9790907]},"properties":{"name":"Maharani's College","operator":"BMTC","osm_id":11696866841}},{"type":"Feature","geometry":{"type":"Point","coordinates":[77.5791251,13.114669]},"properties":{"name":"Ananthapura Gate Bus Stop","operator":"BMTC","osm_id":11733188123}},{"type":"Feature","geometry":{"type":"Point","coordinates":[77.6121062,12.9349284]},"properties":{"name":"Forum Mall Koramangala","operator":"BMTC","osm_id":11739418609}},{"type":"Feature","geometry":{"type":"Point","coordinates":[77.5753809,13.0276513]},"properties":{"name":"80 Feet Road","operator":"BMTC","osm_id":11739445276}},{"type":"Feature","geometry":{"type":"Point","coordinates":[77.5753869,13.0276998]},"properties":{"name":"80 Feet Road","operator":"BMTC","osm_id":11739445277}},{"type":"Feature","geometry":{"type":"Point","coordinates":[77.5745471,13.0278034]},"properties":{"name":"80 Feet Road","operator":"BMTC","osm_id":11739445335}},{"type":"Feature","geometry":{"type":"Point","coordinates":[77.5745407,13.027771]},"properties":{"name":"80 Feet Road","operator":"BMTC","osm_id":11739445336}},{"type":"Feature","geometry":{"type":"Point","coordinates":[77.5338926,12.9578557]},"properties":{"name":"Attiguppe","operator":"BMTC","osm_id":11740084552}},{"type":"Feature","geometry":{"type":"Point","coordinates":[77.668144,13.0396395]},"properties":{"name":"Kanakagiri","operator":"BMTC","osm_id":11752046672}},{"type":"Feature","geometry":{"type":"Point","coordinates":[77.588658,12.9821835]},"properties":{"name":"Bus Stop","operator":"BMTC","osm_id":11769490834}},{"type":"Feature","geometry":{"type":"Point","coordinates":[77.5885244,12.9824083]},"properties":{"name":"Telephone Exchange AGO/VSD","operator":"BMTC","osm_id":11769490835}},{"type":"Feature","geometry":{"type":"Point","coordinates":[77.5634317,13.0005913]},"properties":{"name":"Malleshwaram Railway Station","operator":"BMTC","osm_id":11775336514}},{"type":"Feature","geometry":{"type":"Point","coordinates":[77.5613035,13.0043631]},"properties":{"name":"Subramanyanagara","operator":"BMTC","osm_id":11775336515}},{"type":"Feature","geometry":{"type":"Point","coordinates":[77.5596937,13.0092738]},"properties":{"name":"Milk Colony Malleshwaram","operator":"BMTC","osm_id":11775336522}},{"type":"Feature","geometry":{"type":"Point","coordinates":[77.5627502,12.9053183]},"properties":{"name":"Kumaraswamy Layout Police Station","operator":"BMTC","osm_id":11799150286}},{"type":"Feature","geometry":{"type":"Point","coordinates":[77.5627658,12.9053118]},"properties":{"name":"Kumaraswamy Layout Police Station","operator":"BMTC","osm_id":11799150287}},{"type":"Feature","geometry":{"type":"Point","coordinates":[77.5628231,12.9054763]},"properties":{"name":"Kumaraswamy Layout Police Station","operator":"BMTC","osm_id":11799150288}},{"type":"Feature","geometry":{"type":"Point","coordinates":[77.5617762,12.9029549]},"properties":{"name":"Kumaraswamy Layout","operator":"BMTC","osm_id":11799150312}},{"type":"Feature","geometry":{"type":"Point","coordinates":[77.584396,12.9285463]},"properties":{"name":"Jayanagar TTMC","operator":"BMTC","osm_id":11799641553}},{"type":"Feature","geometry":{"type":"Point","coordinates":[77.5836636,12.9215008]},"properties":{"name":"Jayanagara 38th Cross","operator":"BMTC","osm_id":11799641555}},{"type":"Feature","geometry":{"type":"Point","coordinates":[77.5857573,12.9151927]},"properties":{"name":"Marenahalli","operator":"BMTC","osm_id":11799641556}},{"type":"Feature","geometry":{"type":"Point","coordinates":[77.5856838,12.9111708]},"properties":{"name":"RV Dental College","operator":"BMTC","osm_id":11799641557}},{"type":"Feature","geometry":{"type":"Point","coordinates":[77.5856783,12.9071365]},"properties":{"name":"JP Nagara 15th Cross","operator":"BMTC","osm_id":11799641558}},{"type":"Feature","geometry":{"type":"Point","coordinates":[77.5819269,12.888004]},"properties":{"name":"RBI Layout","operator":"BMTC","osm_id":11799641559}},{"type":"Feature","geometry":{"type":"Point","coordinates":[77.6260111,12.9119718]},"properties":{"name":"Roopena Agrahara","operator":"BMTC","osm_id":11810954338}},{"type":"Feature","geometry":{"type":"Point","coordinates":[77.6301334,12.9053582]},"properties":{"name":"Bommanahalli","operator":"BMTC","osm_id":11810954343}},{"type":"Feature","geometry":{"type":"Point","coordinates":[77.6356414,12.8962473]},"properties":{"name":"Garavebhavipalaya","operator":"BMTC","osm_id":11810954352}},{"type":"Feature","geometry":{"type":"Point","coordinates":[77.5358247,13.0114564]},"properties":{"name":"Nandini Layout","operator":"BMTC","osm_id":11811681391}},{"type":"Feature","geometry":{"type":"Point","coordinates":[77.5957681,12.9741511]},"properties":{"name":"Kasturba Road","operator":"BMTC","osm_id":11819678538}},{"type":"Feature","geometry":{"type":"Point","coordinates":[77.7262429,12.9764291]},"properties":{"name":"Bus Stop","operator":"BMTC","osm_id":11827253913}},{"type":"Feature","geometry":{"type":"Point","coordinates":[77.7262143,12.9764291]},"properties":{"name":"Bus Stop","operator":"BMTC","osm_id":11827253914}},{"type":"Feature","geometry":{"type":"Point","coordinates":[77.6516666,12.9208885]},"properties":{"name":"Bus Stop","operator":"BMTC","osm_id":11831380341}},{"type":"Feature","geometry":{"type":"Point","coordinates":[77.6516694,12.9208376]},"properties":{"name":"Bus Stop","operator":"BMTC","osm_id":11831380342}},{"type":"Feature","geometry":{"type":"Point","coordinates":[77.6516716,12.920779]},"properties":{"name":"Bus Stop","operator":"BMTC","osm_id":11831380343}},{"type":"Feature","geometry":{"type":"Point","coordinates":[77.5871839,13.0618785]},"properties":{"name":"Post Office Sahakara Nagara","operator":"BMTC","osm_id":11865663545}},{"type":"Feature","geometry":{"type":"Point","coordinates":[77.5668132,13.0736825]},"properties":{"name":"Thindlu","operator":"BMTC","osm_id":11869393619}},{"type":"Feature","geometry":{"type":"Point","coordinates":[77.5695606,13.0681658]},"properties":{"name":"Tennis Court Thindlu","operator":"BMTC","osm_id":11869393620}},{"type":"Feature","geometry":{"type":"Point","coordinates":[77.5717973,13.0638324]},"properties":{"name":"Virupakshapura","operator":"BMTC","osm_id":11869393621}},{"type":"Feature","geometry":{"type":"Point","coordinates":[77.5738356,13.0621296]},"properties":{"name":"Railway Gate Kodigehalli","operator":"BMTC","osm_id":11869393626}},{"type":"Feature","geometry":{"type":"Point","coordinates":[77.5766211,13.0600071]},"properties":{"name":"Kodigehalli","operator":"BMTC","osm_id":11869393627}},{"type":"Feature","geometry":{"type":"Point","coordinates":[77.5810356,13.0588949]},"properties":{"name":"Maruthi Nagara","operator":"BMTC","osm_id":11869393628}},{"type":"Feature","geometry":{"type":"Point","coordinates":[77.5880557,13.0578917]},"properties":{"name":"Sterling Apartment","operator":"BMTC","osm_id":11869393629}},{"type":"Feature","geometry":{"type":"Point","coordinates":[77.5913588,13.0576155]},"properties":{"name":"Sanjeevini Nagara","operator":"BMTC","osm_id":11869393631}},{"type":"Feature","geometry":{"type":"Point","coordinates":[77.5932328,13.0571397]},"properties":{"name":"Kodigehalli Gate","operator":"BMTC","osm_id":11869393632}},{"type":"Feature","geometry":{"type":"Point","coordinates":[77.593182,13.0571432]},"properties":{"name":"Kodigehalli Gate","operator":"BMTC","osm_id":11869393633}},{"type":"Feature","geometry":{"type":"Point","coordinates":[77.5944004,13.0018764]},"properties":{"name":"Jayamahal","operator":"BMTC","osm_id":11869483352}},{"type":"Feature","geometry":{"type":"Point","coordinates":[77.5928076,13.0066605]},"properties":{"name":"JC Nagara","operator":"BMTC","osm_id":11869483353}},{"type":"Feature","geometry":{"type":"Point","coordinates":[77.58924,13.0359144]},"properties":{"name":"Canara Bank Hebbal","operator":"BMTC","osm_id":11869483354}},{"type":"Feature","geometry":{"type":"Point","coordinates":[77.5931288,13.0500162]},"properties":{"name":"Kempapura Hebbala","operator":"BMTC","osm_id":11869483355}},{"type":"Feature","geometry":{"type":"Point","coordinates":[77.5936455,13.0569898]},"properties":{"name":"Kodigehalli Gate","operator":"BMTC","osm_id":11869483356}},{"type":"Feature","geometry":{"type":"Point","coordinates":[77.5929458,13.0730977]},"properties":{"name":"GKVK Gate","operator":"BMTC","osm_id":11869483357}},{"type":"Feature","geometry":{"type":"Point","coordinates":[77.5929675,13.0772318]},"properties":{"name":"Aerodrome","operator":"BMTC","osm_id":11869483358}},{"type":"Feature","geometry":{"type":"Point","coordinates":[77.5938641,13.0869634]},"properties":{"name":"Allalasandra Gate","operator":"BMTC","osm_id":11869483359}},{"type":"Feature","geometry":{"type":"Point","coordinates":[77.5944034,13.094771]},"properties":{"name":"Yelahanka Police Station","operator":"BMTC","osm_id":11869483360}},{"type":"Feature","geometry":{"type":"Point","coordinates":[77.5917658,13.0977026]},"properties":{"name":"NES Office","operator":"BMTC","osm_id":11869483361}},{"type":"Feature","geometry":{"type":"Point","coordinates":[77.5918215,13.0977614]},"properties":{"name":"NES Office","operator":"BMTC","osm_id":11869483362}},{"type":"Feature","geometry":{"type":"Point","coordinates":[77.588261,13.0994378]},"properties":{"name":"Sheshadripuram College","operator":"BMTC","osm_id":11869483363}},{"type":"Feature","geometry":{"type":"Point","coordinates":[77.5825423,13.0937184]},"properties":{"name":"Chikkabommasandra Cross","operator":"BMTC","osm_id":11869483364}},{"type":"Feature","geometry":{"type":"Point","coordinates":[77.5824746,13.0937467]},"properties":{"name":"Chikkabommasandra Cross","operator":"BMTC","osm_id":11869483365}},{"type":"Feature","geometry":{"type":"Point","coordinates":[77.5769356,13.1036908]},"properties":{"name":"Yelahanka Bakery","operator":"BMTC","osm_id":11869483366}},{"type":"Feature","geometry":{"type":"Point","coordinates":[77.575818,13.1070864]},"properties":{"name":"Srishti School Yelahanka","operator":"BMTC","osm_id":11869483367}},{"type":"Feature","geometry":{"type":"Point","coordinates":[77.5757961,13.1070323]},"properties":{"name":"Srishti School Yelahanka","operator":"BMTC","osm_id":11869483368}},{"type":"Feature","geometry":{"type":"Point","coordinates":[77.57246,13.1057125]},"properties":{"name":"5th Phase Yelahanka New Town","operator":"BMTC","osm_id":11869503569}},{"type":"Feature","geometry":{"type":"Point","coordinates":[77.666508,13.1302511]},"properties":{"name":"Bagalur Old Police Station","operator":"BMTC","osm_id":11872033075}},{"type":"Feature","geometry":{"type":"Point","coordinates":[77.6664452,13.1302377]},"properties":{"name":"Bagalur Old Police Station","operator":"BMTC","osm_id":11872033076}},{"type":"Feature","geometry":{"type":"Point","coordinates":[77.6547621,13.0872763]},"properties":{"name":"Kanakshree Layout Chikka Gubbi","operator":"BMTC","osm_id":11872033077}},{"type":"Feature","geometry":{"type":"Point","coordinates":[77.6546904,13.0872951]},"properties":{"name":"Kanakshree Layout Chikka Gubbi","operator":"BMTC","osm_id":11872033078}},{"type":"Feature","geometry":{"type":"Point","coordinates":[77.6371641,13.0328041]},"properties":{"name":"Hennur Petrol Bunk","operator":"BMTC","osm_id":11872033079}},{"type":"Feature","geometry":{"type":"Point","coordinates":[77.6371448,13.0328255]},"properties":{"name":"Hennur Petrol Bunk","operator":"BMTC","osm_id":11872033080}},{"type":"Feature","geometry":{"type":"Point","coordinates":[77.601203,13.1036164]},"properties":{"name":"Kogilu Cross","operator":"BMTC","osm_id":11872036741}},{"type":"Feature","geometry":{"type":"Point","coordinates":[77.6012045,13.103589]},"properties":{"name":"Kogilu Cross","operator":"BMTC","osm_id":11872036742}},{"type":"Feature","geometry":{"type":"Point","coordinates":[77.6062293,13.1043948]},"properties":{"name":"Maruthi Nagara","operator":"BMTC","osm_id":11872036743}},{"type":"Feature","geometry":{"type":"Point","coordinates":[77.6108037,13.1045105]},"properties":{"name":"Spathagiri Layout","operator":"BMTC","osm_id":11872036744}},{"type":"Feature","geometry":{"type":"Point","coordinates":[77.6161522,13.1035647]},"properties":{"name":"Kogilu","operator":"BMTC","osm_id":11872036745}},{"type":"Feature","geometry":{"type":"Point","coordinates":[77.6161424,13.1035374]},"properties":{"name":"Kogilu","operator":"BMTC","osm_id":11872036746}},{"type":"Feature","geometry":{"type":"Point","coordinates":[77.6236098,13.1033835]},"properties":{"name":"Srinivasapura Kogilu","operator":"BMTC","osm_id":11872036747}},{"type":"Feature","geometry":{"type":"Point","coordinates":[77.6283041,13.1026048]},"properties":{"name":"Ittige Factory","operator":"BMTC","osm_id":11872036756}},{"type":"Feature","geometry":{"type":"Point","coordinates":[77.6404405,12.9994616]},"properties":{"name":"Sir M Vishweshwaraiah Railway Station","operator":"BMTC","osm_id":11872065333}},{"type":"Feature","geometry":{"type":"Point","coordinates":[77.640464,12.9994746]},"properties":{"name":"Sir M Vishweshwaraiah Railway Station","operator":"BMTC","osm_id":11872065334}},{"type":"Feature","geometry":{"type":"Point","coordinates":[77.6110975,12.9956719]},"properties":{"name":"Seventh Day School","operator":"BMTC","osm_id":11872065335}},{"type":"Feature","geometry":{"type":"Point","coordinates":[77.6110596,12.9956942]},"properties":{"name":"Seventh Day School","operator":"BMTC","osm_id":11872065336}},{"type":"Feature","geometry":{"type":"Point","coordinates":[77.5399377,12.9957867]},"properties":{"name":"Kamalanagar Water Tank","operator":"BMTC","osm_id":11873228870}},{"type":"Feature","geometry":{"type":"Point","coordinates":[77.5375427,12.9882898]},"properties":{"name":"Havanuru Circle","operator":"BMTC","osm_id":11873228871}},{"type":"Feature","geometry":{"type":"Point","coordinates":[77.541889,12.9859116]},"properties":{"name":"Dasarahalli Kere","operator":"BMTC","osm_id":11873228872}},{"type":"Feature","geometry":{"type":"Point","coordinates":[77.5418647,12.985858]},"properties":{"name":"Dasarahalli Kere","operator":"BMTC","osm_id":11873228873}},{"type":"Feature","geometry":{"type":"Point","coordinates":[77.5539288,12.984474]},"properties":{"name":"Bashyam Circle Rajajinagara","operator":"BMTC","osm_id":11873228874}},{"type":"Feature","geometry":{"type":"Point","coordinates":[77.5539426,12.9844558]},"properties":{"name":"Bashyam Circle Rajajinagara","operator":"BMTC","osm_id":11873228875}},{"type":"Feature","geometry":{"type":"Point","coordinates":[77.5336884,12.9884923]},"properties":{"name":"Basaveshwaranagara New Bus Stand","operator":"BMTC","osm_id":11873231714}},{"type":"Feature","geometry":{"type":"Point","coordinates":[77.5336665,12.9884455]},"properties":{"name":"Basaveshwaranagara New Bus Stand","operator":"BMTC","osm_id":11873231715}},{"type":"Feature","geometry":{"type":"Point","coordinates":[77.537077,12.988006]},"properties":{"name":"Havanuru Circle","operator":"BMTC","osm_id":11873231718}},{"type":"Feature","geometry":{"type":"Point","coordinates":[77.5370622,12.9879241]},"properties":{"name":"Havanuru Circle","operator":"BMTC","osm_id":11873231719}},{"type":"Feature","geometry":{"type":"Point","coordinates":[77.5506031,13.0002344]},"properties":{"name":"Canara Bank Rajajinagara 1st Block","operator":"BMTC","osm_id":11873248318}},{"type":"Feature","geometry":{"type":"Point","coordinates":[77.5505242,13.0002194]},"properties":{"name":"Canara Bank Rajajinagara 1st Block","operator":"BMTC","osm_id":11873248319}},{"type":"Feature","geometry":{"type":"Point","coordinates":[77.5379281,12.9651776]},"properties":{"name":"Hampinagara Post Office","operator":"BMTC","osm_id":11873259299}},{"type":"Feature","geometry":{"type":"Point","coordinates":[77.5375567,12.961995]},"properties":{"name":"Hampinagara 7th Main","operator":"BMTC","osm_id":11873259300}},{"type":"Feature","geometry":{"type":"Point","coordinates":[77.5354557,12.959043]},"properties":{"name":"Hampinagara Bus Stand","operator":"BMTC","osm_id":11873259301}},{"type":"Feature","geometry":{"type":"Point","coordinates":[77.571342,12.9998283]},"properties":{"name":"Malleshwaram 8th Cross","operator":"BMTC","osm_id":11873345642}},{"type":"Feature","geometry":{"type":"Point","coordinates":[77.5216729,12.9617764]},"properties":{"name":"Maruthi Nagara","operator":"BMTC","osm_id":11881863300}},{"type":"Feature","geometry":{"type":"Point","coordinates":[77.5526032,12.938813]},"properties":{"name":"SBM Colony","operator":"BMTC","osm_id":11883179347}},{"type":"Feature","geometry":{"type":"Point","coordinates":[77.5158748,12.8368122]},"properties":{"name":"Shanimahathma Temple","operator":"BMTC","osm_id":11888184714}},{"type":"Feature","geometry":{"type":"Point","coordinates":[77.5848731,12.9775345]},"properties":{"name":"Maharani College","operator":"BMTC","osm_id":11890400011}},{"type":"Feature","geometry":{"type":"Point","coordinates":[77.6424041,12.9191537]},"properties":{"name":"Depot-25","operator":"BMTC","osm_id":11897220036}},{"type":"Feature","geometry":{"type":"Point","coordinates":[77.5715223,12.9969658]},"properties":{"name":"Malleswaram Circle","operator":"BMTC","osm_id":11898958081}},{"type":"Feature","geometry":{"type":"Point","coordinates":[77.5073341,13.0568493]},"properties":{"name":"Bagalkunte","operator":"BMTC","osm_id":11907347776}},{"type":"Feature","geometry":{"type":"Point","coordinates":[77.6258602,13.0122681]},"properties":{"name":"Lingarajapura","operator":"BMTC","osm_id":11917222400}},{"type":"Feature","geometry":{"type":"Point","coordinates":[77.6293161,13.0166472]},"properties":{"name":"Jyothi School","operator":"BMTC","osm_id":11917222404}},{"type":"Feature","geometry":{"type":"Point","coordinates":[77.5574312,13.0494009]},"properties":{"name":"BEL Hospital","operator":"BMTC","osm_id":11932321837}},{"type":"Feature","geometry":{"type":"Point","coordinates":[77.557489,13.0494057]},"properties":{"name":"BEL Hospital","operator":"BMTC","osm_id":11933332954}},{"type":"Feature","geometry":{"type":"Point","coordinates":[77.5568489,13.0465645]},"properties":{"name":"BEL Circle","operator":"BMTC","osm_id":11933332955}},{"type":"Feature","geometry":{"type":"Point","coordinates":[77.6659064,12.9212241]},"properties":{"name":"Sarjapura Road Junction","operator":"BMTC","osm_id":11955000967}},{"type":"Feature","geometry":{"type":"Point","coordinates":[77.5693762,12.9998962]},"properties":{"name":"Malleshwaram 8th Cross","operator":"BMTC","osm_id":11993402960}},{"type":"Feature","geometry":{"type":"Point","coordinates":[77.5498242,12.9737926]},"properties":{"name":"Magadi Road Tollgate","operator":"BMTC","osm_id":11993402965}},{"type":"Feature","geometry":{"type":"Point","coordinates":[77.6122192,12.9964741]},"properties":{"name":"Coles Road","operator":"BMTC","osm_id":12001070285}},{"type":"Feature","geometry":{"type":"Point","coordinates":[77.6122016,12.9964403]},"properties":{"name":"Coles Road","operator":"BMTC","osm_id":12001070286}},{"type":"Feature","geometry":{"type":"Point","coordinates":[77.630021,13.0014154]},"properties":{"name":"Jai Bharath Nagar","operator":"BMTC","osm_id":12001070287}},{"type":"Feature","geometry":{"type":"Point","coordinates":[77.6347049,13.0026361]},"properties":{"name":"Maruthi Sevanagar","operator":"BMTC","osm_id":12001070288}},{"type":"Feature","geometry":{"type":"Point","coordinates":[77.638443,13.005463]},"properties":{"name":"Indian Oil","operator":"BMTC","osm_id":12001070289}},{"type":"Feature","geometry":{"type":"Point","coordinates":[77.6410705,13.0077384]},"properties":{"name":"Subbayanapalya","operator":"BMTC","osm_id":12001070291}},{"type":"Feature","geometry":{"type":"Point","coordinates":[77.6410957,13.0077004]},"properties":{"name":"Subbayanapalya","operator":"BMTC","osm_id":12001070292}},{"type":"Feature","geometry":{"type":"Point","coordinates":[77.6442252,13.0097344]},"properties":{"name":"Maruthi School","operator":"BMTC","osm_id":12001070293}},{"type":"Feature","geometry":{"type":"Point","coordinates":[77.644262,13.0096891]},"properties":{"name":"Maruthi School","operator":"BMTC","osm_id":12001070294}},{"type":"Feature","geometry":{"type":"Point","coordinates":[77.6497899,13.0152054]},"properties":{"name":"Banaswadi 100 Feet Road","operator":"BMTC","osm_id":12001070295}},{"type":"Feature","geometry":{"type":"Point","coordinates":[77.6498115,13.0151902]},"properties":{"name":"Banaswadi 100 Feet Road","operator":"BMTC","osm_id":12001070296}},{"type":"Feature","geometry":{"type":"Point","coordinates":[77.6534479,13.0179922]},"properties":{"name":"Indira Canteen (Desi Masala)","operator":"BMTC","osm_id":12001070297}},{"type":"Feature","geometry":{"type":"Point","coordinates":[77.6534607,13.0179446]},"properties":{"name":"Indira Canteen (Desi Masala)","operator":"BMTC","osm_id":12001070298}},{"type":"Feature","geometry":{"type":"Point","coordinates":[77.6559202,13.0193961]},"properties":{"name":"Horamavu Junction","operator":"BMTC","osm_id":12001070299}},{"type":"Feature","geometry":{"type":"Point","coordinates":[77.6559283,13.019412]},"properties":{"name":"Horamavu Junction","operator":"BMTC","osm_id":12001070300}},{"type":"Feature","geometry":{"type":"Point","coordinates":[77.6580109,13.022883]},"properties":{"name":"RK Medical","operator":"BMTC","osm_id":12001070301}},{"type":"Feature","geometry":{"type":"Point","coordinates":[77.6580821,13.0228497]},"properties":{"name":"RK Medical","operator":"BMTC","osm_id":12001070302}},{"type":"Feature","geometry":{"type":"Point","coordinates":[77.6607329,13.0262916]},"properties":{"name":"Horamavu","operator":"BMTC","osm_id":12001070303}},{"type":"Feature","geometry":{"type":"Point","coordinates":[77.6607656,13.0262651]},"properties":{"name":"Horamavu","operator":"BMTC","osm_id":12001070304}},{"type":"Feature","geometry":{"type":"Point","coordinates":[77.6638996,13.0287464]},"properties":{"name":"Jayanthi Nagar","operator":"BMTC","osm_id":12001070305}},{"type":"Feature","geometry":{"type":"Point","coordinates":[77.6639132,13.0287274]},"properties":{"name":"Jayanthi Nagar","operator":"BMTC","osm_id":12001070306}},{"type":"Feature","geometry":{"type":"Point","coordinates":[77.6683812,13.0308702]},"properties":{"name":"Sun Shine School","operator":"BMTC","osm_id":12001070307}},{"type":"Feature","geometry":{"type":"Point","coordinates":[77.672722,13.0330373]},"properties":{"name":"Kalkere School","operator":"BMTC","osm_id":12001070308}},{"type":"Feature","geometry":{"type":"Point","coordinates":[77.672739,13.0330005]},"properties":{"name":"Kalkere School","operator":"BMTC","osm_id":12001070309}},{"type":"Feature","geometry":{"type":"Point","coordinates":[77.6745775,13.0335711]},"properties":{"name":"Kalkere","operator":"BMTC","osm_id":12001070310}},{"type":"Feature","geometry":{"type":"Point","coordinates":[77.6745884,13.0335362]},"properties":{"name":"Kalkere","operator":"BMTC","osm_id":12001070311}},{"type":"Feature","geometry":{"type":"Point","coordinates":[77.677677,13.0391348]},"properties":{"name":"Pooja Garden","operator":"BMTC","osm_id":12001070312}},{"type":"Feature","geometry":{"type":"Point","coordinates":[77.6794292,13.0400901]},"properties":{"name":"K Channasandra","operator":"BMTC","osm_id":12001070313}},{"type":"Feature","geometry":{"type":"Point","coordinates":[77.6532899,13.0180264]},"properties":{"name":"Indira Canteen (Desi Masala)","operator":"BMTC","osm_id":12001070314}},{"type":"Feature","geometry":{"type":"Point","coordinates":[77.6532622,13.0181302]},"properties":{"name":"Indira Canteen (Desi Masala)","operator":"BMTC","osm_id":12001070315}},{"type":"Feature","geometry":{"type":"Point","coordinates":[77.6496548,13.01515]},"properties":{"name":"Banaswadi 100 Feet Road","operator":"BMTC","osm_id":12001070316}},{"type":"Feature","geometry":{"type":"Point","coordinates":[77.649601,13.0151863]},"properties":{"name":"Banaswadi 100 Feet Road","operator":"BMTC","osm_id":12001070317}},{"type":"Feature","geometry":{"type":"Point","coordinates":[77.6459752,13.0112448]},"properties":{"name":"Banaswadi Fire Station","operator":"BMTC","osm_id":12001070318}},{"type":"Feature","geometry":{"type":"Point","coordinates":[77.645929,13.0113022]},"properties":{"name":"Banaswadi Fire Station","operator":"BMTC","osm_id":12001070319}},{"type":"Feature","geometry":{"type":"Point","coordinates":[77.6794578,13.0401523]},"properties":{"name":"K Channsandra","operator":"BMTC","osm_id":12001070320}},{"type":"Feature","geometry":{"type":"Point","coordinates":[77.6775803,13.0391705]},"properties":{"name":"Pooja Garden","operator":"BMTC","osm_id":12001070322}},{"type":"Feature","geometry":{"type":"Point","coordinates":[77.6727895,13.0331412]},"properties":{"name":"Kalkere School","operator":"BMTC","osm_id":12001077676}},{"type":"Feature","geometry":{"type":"Point","coordinates":[77.6727685,13.0331874]},"properties":{"name":"Kalkere School","operator":"BMTC","osm_id":12001077677}},{"type":"Feature","geometry":{"type":"Point","coordinates":[77.6684931,13.0310433]},"properties":{"name":"Sun Shine School","operator":"BMTC","osm_id":12001077682}},{"type":"Feature","geometry":{"type":"Point","coordinates":[77.5842618,12.9994892]},"properties":{"name":"Palace Guttahalli","operator":"BMTC","osm_id":12006306827}},{"type":"Feature","geometry":{"type":"Point","coordinates":[77.5689487,13.0085905]},"properties":{"name":"Bus Stop","operator":"BMTC","osm_id":12006313318}},{"type":"Feature","geometry":{"type":"Point","coordinates":[77.5727323,12.9897084]},"properties":{"name":"Central","operator":"BMTC","osm_id":12009455446}},{"type":"Feature","geometry":{"type":"Point","coordinates":[77.5727101,12.9896451]},"properties":{"name":"Central","operator":"BMTC","osm_id":12009455447}},{"type":"Feature","geometry":{"type":"Point","coordinates":[77.5317199,12.9599515]},"properties":{"name":"Income Tax Layout","operator":"BMTC","osm_id":12030513649}},{"type":"Feature","geometry":{"type":"Point","coordinates":[77.5295974,12.9604341]},"properties":{"name":"Chandra Public School","operator":"BMTC","osm_id":12030513650}},{"type":"Feature","geometry":{"type":"Point","coordinates":[77.5287544,12.9580839]},"properties":{"name":"Ganesha Temple Chandra Layout","operator":"BMTC","osm_id":12030513651}},{"type":"Feature","geometry":{"type":"Point","coordinates":[77.5262861,12.9583766]},"properties":{"name":"Chandra Layout Circle","operator":"BMTC","osm_id":12030513652}},{"type":"Feature","geometry":{"type":"Point","coordinates":[77.5262944,12.958394]},"properties":{"name":"Chandra Layout Circle","operator":"BMTC","osm_id":12030513653}},{"type":"Feature","geometry":{"type":"Point","coordinates":[77.5217815,12.959328]},"properties":{"name":"Jyothi Nagara","operator":"BMTC","osm_id":12030513654}},{"type":"Feature","geometry":{"type":"Point","coordinates":[77.6602398,12.8510856]},"properties":{"name":"Crown Plaza","operator":"BMTC","osm_id":12030513655}},{"type":"Feature","geometry":{"type":"Point","coordinates":[77.660193,12.8510899]},"properties":{"name":"Crown Plaza","operator":"BMTC","osm_id":12030513656}},{"type":"Feature","geometry":{"type":"Point","coordinates":[77.6640374,12.8561776]},"properties":{"name":"Konnappana Agrahara","operator":"BMTC","osm_id":12030513657}},{"type":"Feature","geometry":{"type":"Point","coordinates":[77.6639508,12.856112]},"properties":{"name":"Konnappana Agrahara","operator":"BMTC","osm_id":12030513658}},{"type":"Feature","geometry":{"type":"Point","coordinates":[77.5189513,12.9585049]},"properties":{"name":"Nagarbhavi Circle","operator":"BMTC","osm_id":12032633393}},{"type":"Feature","geometry":{"type":"Point","coordinates":[77.5190122,12.9584907]},"properties":{"name":"Nagarbhavi Circle","operator":"BMTC","osm_id":12032633394}},{"type":"Feature","geometry":{"type":"Point","coordinates":[77.651647,12.9919523]},"properties":{"name":"Baiyappanahalli Metro Station Back Gate","operator":"BMTC","osm_id":12032654081}},{"type":"Feature","geometry":{"type":"Point","coordinates":[77.6576446,13.0101958]},"properties":{"name":"B Channasandra","operator":"BMTC","osm_id":12032654130}},{"type":"Feature","geometry":{"type":"Point","coordinates":[77.6618897,13.0011542]},"properties":{"name":"Kasturinagara 2nd Stage","operator":"BMTC","osm_id":12032654132}},{"type":"Feature","geometry":{"type":"Point","coordinates":[77.6620397,13.0122945]},"properties":{"name":"B Channasandra Bridge","operator":"BMTC","osm_id":12032654133}},{"type":"Feature","geometry":{"type":"Point","coordinates":[77.6620196,13.012326]},"properties":{"name":"B Channasandra Bridge","operator":"BMTC","osm_id":12032654134}},{"type":"Feature","geometry":{"type":"Point","coordinates":[77.6594204,13.0062095]},"properties":{"name":"Doctors Layout Kasturinagara","operator":"BMTC","osm_id":12032654135}},{"type":"Feature","geometry":{"type":"Point","coordinates":[77.6593709,13.0061885]},"properties":{"name":"Doctors Layout Kasturinagara","operator":"BMTC","osm_id":12032654136}},{"type":"Feature","geometry":{"type":"Point","coordinates":[77.6627552,12.9971636]},"properties":{"name":"Benniganahalli Bridge","operator":"BMTC","osm_id":12032654137}},{"type":"Feature","geometry":{"type":"Point","coordinates":[77.6627317,12.9971996]},"properties":{"name":"Benniganahalli Bridge","operator":"BMTC","osm_id":12032654138}},{"type":"Feature","geometry":{"type":"Point","coordinates":[77.6580021,12.9943773]},"properties":{"name":"Sadananda Nagara","operator":"BMTC","osm_id":12032666183}},{"type":"Feature","geometry":{"type":"Point","coordinates":[77.6517129,12.9919946]},"properties":{"name":"Baiyappanahalli Metro Station Back Gate","operator":"BMTC","osm_id":12032666184}},{"type":"Feature","geometry":{"type":"Point","coordinates":[77.6130714,12.9322145]},"properties":{"name":"Hosur Junction","operator":"BMTC","osm_id":12032990387}},{"type":"Feature","geometry":{"type":"Point","coordinates":[77.601317,12.9358017]},"properties":{"name":"Bangalore Dairy Circle","operator":"BMTC","osm_id":12032990390}},{"type":"Feature","geometry":{"type":"Point","coordinates":[77.5924036,12.9270546]},"properties":{"name":"Sanjay Gandhi Hospital","operator":"BMTC","osm_id":12032990391}},{"type":"Feature","geometry":{"type":"Point","coordinates":[77.5929284,12.9269849]},"properties":{"name":"Sanjay Gandhi Hospital","operator":"BMTC","osm_id":12032990392}},{"type":"Feature","geometry":{"type":"Point","coordinates":[77.5970921,12.9267231]},"properties":{"name":"Carmel Convent","operator":"BMTC","osm_id":12032990393}},{"type":"Feature","geometry":{"type":"Point","coordinates":[77.5971456,12.9263412]},"properties":{"name":"Carmel Convent","operator":"BMTC","osm_id":12032990398}},{"type":"Feature","geometry":{"type":"Point","coordinates":[77.7183067,12.9647797]},"properties":{"name":"AECS Layout","operator":"BMTC","osm_id":12050487430}},{"type":"Feature","geometry":{"type":"Point","coordinates":[77.5880283,12.852801]},"properties":{"name":"Gottigere NICE Road Junction","operator":"BMTC","osm_id":12057048100}},{"type":"Feature","geometry":{"type":"Point","coordinates":[77.5880308,12.8529034]},"properties":{"name":"Gottigere NICE Road Junction","operator":"BMTC","osm_id":12057048101}},{"type":"Feature","geometry":{"type":"Point","coordinates":[77.569432,12.8558523]},"properties":{"name":"Anjanapura 10th Block","operator":"BMTC","osm_id":12057048102}},{"type":"Feature","geometry":{"type":"Point","coordinates":[77.5694311,12.8559276]},"properties":{"name":"Anjanapura 10th Block","operator":"BMTC","osm_id":12057048103}},{"type":"Feature","geometry":{"type":"Point","coordinates":[77.5595793,12.8606785]},"properties":{"name":"Anjanapura 2nd Cross","operator":"BMTC","osm_id":12057048104}},{"type":"Feature","geometry":{"type":"Point","coordinates":[77.5596115,12.8606476]},"properties":{"name":"Anjanapura 2nd Cross","operator":"BMTC","osm_id":12057048105}},{"type":"Feature","geometry":{"type":"Point","coordinates":[77.5639299,12.8620669]},"properties":{"name":"Anjanapura","operator":"BMTC","osm_id":12057048106}},{"type":"Feature","geometry":{"type":"Point","coordinates":[77.5639594,12.8620335]},"properties":{"name":"Anjanapura","operator":"BMTC","osm_id":12057048107}},{"type":"Feature","geometry":{"type":"Point","coordinates":[77.5656841,12.8675948]},"properties":{"name":"Nandi Garden Kothanur","operator":"BMTC","osm_id":12057048108}},{"type":"Feature","geometry":{"type":"Point","coordinates":[77.566445,12.8727543]},"properties":{"name":"Avalahalli","operator":"BMTC","osm_id":12057048109}},{"type":"Feature","geometry":{"type":"Point","coordinates":[77.5612141,12.8739401]},"properties":{"name":"Avalahalli BDA Layout Cross","operator":"BMTC","osm_id":12057048110}},{"type":"Feature","geometry":{"type":"Point","coordinates":[77.5538232,12.8796637]},"properties":{"name":"Narayana Nagara Cross","operator":"BMTC","osm_id":12057048111}},{"type":"Feature","geometry":{"type":"Point","coordinates":[77.5538515,12.8797005]},"properties":{"name":"Narayana Nagara Cross","operator":"BMTC","osm_id":12057048112}},{"type":"Feature","geometry":{"type":"Point","coordinates":[77.5461934,12.8811378]},"properties":{"name":"Raghuvanahalli Gate","operator":"BMTC","osm_id":12057048113}},{"type":"Feature","geometry":{"type":"Point","coordinates":[77.5363272,12.8884824]},"properties":{"name":"Karishma Hills","operator":"BMTC","osm_id":12057048114}},{"type":"Feature","geometry":{"type":"Point","coordinates":[77.5363688,12.8885159]},"properties":{"name":"Karishma Hills","operator":"BMTC","osm_id":12057048115}},{"type":"Feature","geometry":{"type":"Point","coordinates":[77.5217779,12.8927788]},"properties":{"name":"Kariyanapalya","operator":"BMTC","osm_id":12057048124}},{"type":"Feature","geometry":{"type":"Point","coordinates":[77.5217736,12.8928366]},"properties":{"name":"Kariyanapalya","operator":"BMTC","osm_id":12057048125}},{"type":"Feature","geometry":{"type":"Point","coordinates":[77.5121384,12.8984593]},"properties":{"name":"Ganakkal","operator":"BMTC","osm_id":12057048146}},{"type":"Feature","geometry":{"type":"Point","coordinates":[77.510892,12.9013834]},"properties":{"name":"Srinivasapura Uttarahalli Road","operator":"BMTC","osm_id":12057048147}},{"type":"Feature","geometry":{"type":"Point","coordinates":[77.5109321,12.90139]},"properties":{"name":"Srinivasapura Uttarahalli Road","operator":"BMTC","osm_id":12057048148}},{"type":"Feature","geometry":{"type":"Point","coordinates":[77.5106824,12.9038383]},"properties":{"name":"Srinivasapura","operator":"BMTC","osm_id":12057100536}},{"type":"Feature","geometry":{"type":"Point","coordinates":[77.5106478,12.9038372]},"properties":{"name":"Srinivasapura","operator":"BMTC","osm_id":12057100537}},{"type":"Feature","geometry":{"type":"Point","coordinates":[77.5107933,12.9015816]},"properties":{"name":"Srinivasapura Uttarahalli Road","operator":"BMTC","osm_id":12057100538}},{"type":"Feature","geometry":{"type":"Point","coordinates":[77.5107148,12.9015731]},"properties":{"name":"Srinivasapura Uttarahalli Road","operator":"BMTC","osm_id":12057100539}},{"type":"Feature","geometry":{"type":"Point","coordinates":[77.5121077,12.8982884]},"properties":{"name":"Ganakkal","operator":"BMTC","osm_id":12057100540}},{"type":"Feature","geometry":{"type":"Point","coordinates":[77.5216968,12.8927045]},"properties":{"name":"Kariyanapalya","operator":"BMTC","osm_id":12057100541}},{"type":"Feature","geometry":{"type":"Point","coordinates":[77.5217005,12.8926522]},"properties":{"name":"Kariyanapalya","operator":"BMTC","osm_id":12057100542}},{"type":"Feature","geometry":{"type":"Point","coordinates":[77.5362951,12.8883774]},"properties":{"name":"Karishma Hills","operator":"BMTC","osm_id":12057100543}},{"type":"Feature","geometry":{"type":"Point","coordinates":[77.5413722,12.8837458]},"properties":{"name":"Gubbalala","operator":"BMTC","osm_id":12057100544}},{"type":"Feature","geometry":{"type":"Point","coordinates":[77.5413403,12.8837102]},"properties":{"name":"Gubbalala","operator":"BMTC","osm_id":12057100545}},{"type":"Feature","geometry":{"type":"Point","coordinates":[77.5462315,12.880853]},"properties":{"name":"Raghuvanahalli Gate","operator":"BMTC","osm_id":12057100546}},{"type":"Feature","geometry":{"type":"Point","coordinates":[77.5462675,12.8808392]},"properties":{"name":"Raghuvanahalli Gate","operator":"BMTC","osm_id":12057100547}},{"type":"Feature","geometry":{"type":"Point","coordinates":[77.5543186,12.8789969]},"properties":{"name":"Narayana Nagara Cross","operator":"BMTC","osm_id":12057118680}},{"type":"Feature","geometry":{"type":"Point","coordinates":[77.5542793,12.8789462]},"properties":{"name":"Narayana Nagara Cross","operator":"BMTC","osm_id":12057118681}},{"type":"Feature","geometry":{"type":"Point","coordinates":[77.5611363,12.8738709]},"properties":{"name":"Avalahalli BDA Layout Cross","operator":"BMTC","osm_id":12057118682}},{"type":"Feature","geometry":{"type":"Point","coordinates":[77.566535,12.8726127]},"properties":{"name":"Avalahalli","operator":"BMTC","osm_id":12057118683}},{"type":"Feature","geometry":{"type":"Point","coordinates":[77.5665142,12.8726158]},"properties":{"name":"Avalahalli","operator":"BMTC","osm_id":12057118684}},{"type":"Feature","geometry":{"type":"Point","coordinates":[77.5657273,12.8676855]},"properties":{"name":"Nandi Garden Kothanur","operator":"BMTC","osm_id":12057118685}},{"type":"Feature","geometry":{"type":"Point","coordinates":[77.5656693,12.8677117]},"properties":{"name":"Nandi Garden Kothanur","operator":"BMTC","osm_id":12057118686}},{"type":"Feature","geometry":{"type":"Point","coordinates":[77.5639724,12.8621025]},"properties":{"name":"Anjanapura","operator":"BMTC","osm_id":12057118820}},{"type":"Feature","geometry":{"type":"Point","coordinates":[77.563952,12.8621257]},"properties":{"name":"Anjanapura","operator":"BMTC","osm_id":12057118821}},{"type":"Feature","geometry":{"type":"Point","coordinates":[77.5609278,12.8618975]},"properties":{"name":"Anjanapura Cross","operator":"BMTC","osm_id":12057118822}},{"type":"Feature","geometry":{"type":"Point","coordinates":[77.5596813,12.8607798]},"properties":{"name":"Anjanapura 2nd Cross","operator":"BMTC","osm_id":12057118823}},{"type":"Feature","geometry":{"type":"Point","coordinates":[77.5595994,12.8608581]},"properties":{"name":"Anjanapura 2nd Cross","operator":"BMTC","osm_id":12057118824}},{"type":"Feature","geometry":{"type":"Point","coordinates":[77.5695069,12.8558367]},"properties":{"name":"Anjanapura 10th Block","operator":"BMTC","osm_id":12057118833}},{"type":"Feature","geometry":{"type":"Point","coordinates":[77.5694941,12.8557786]},"properties":{"name":"Anjanapura 10th Block","operator":"BMTC","osm_id":12057118834}},{"type":"Feature","geometry":{"type":"Point","coordinates":[77.5879598,12.8527635]},"properties":{"name":"Gottigere NICE Road Junction","operator":"BMTC","osm_id":12057118835}},{"type":"Feature","geometry":{"type":"Point","coordinates":[77.6412959,12.956858]},"properties":{"name":"Domlur Flyover","operator":"BMTC","osm_id":12067366797}},{"type":"Feature","geometry":{"type":"Point","coordinates":[77.6670703,12.9216616]},"properties":{"name":"Sarjapura Signal","operator":"BMTC","osm_id":12074450334}},{"type":"Feature","geometry":{"type":"Point","coordinates":[77.6671302,12.9216908]},"properties":{"name":"Sarjapura Signal","operator":"BMTC","osm_id":12074450335}},{"type":"Feature","geometry":{"type":"Point","coordinates":[77.5737462,12.9764878]},"properties":{"name":"Bus Stop","operator":"BMTC","osm_id":12101699201}},{"type":"Feature","geometry":{"type":"Point","coordinates":[77.6406446,12.9835537]},"properties":{"name":"Binnamangala","operator":"BMTC","osm_id":12144229557}},{"type":"Feature","geometry":{"type":"Point","coordinates":[77.6184151,12.9374229]},"properties":{"name":"Koramangala Kalyana Mantapa","operator":"BMTC","osm_id":12164866911}},{"type":"Feature","geometry":{"type":"Point","coordinates":[77.5714287,12.9214109]},"properties":{"name":"Monotype","operator":"BMTC","osm_id":12165920409}},{"type":"Feature","geometry":{"type":"Point","coordinates":[77.6130803,12.9320453]},"properties":{"name":"Hosur Junction","operator":"BMTC","osm_id":12168378212}},{"type":"Feature","geometry":{"type":"Point","coordinates":[77.5982355,12.9387912]},"properties":{"name":"Nimhans Hospital","operator":"BMTC","osm_id":12168378238}},{"type":"Feature","geometry":{"type":"Point","coordinates":[77.5706656,12.9217322]},"properties":{"name":"Monotype","operator":"BMTC","osm_id":12176926329}},{"type":"Feature","geometry":{"type":"Point","coordinates":[77.5714374,12.9214476]},"properties":{"name":"Monotype","operator":"BMTC","osm_id":12176926330}},{"type":"Feature","geometry":{"type":"Point","coordinates":[77.7030467,12.9735707]},"properties":{"name":"Bus Stop","operator":"BMTC","osm_id":12209256753}},{"type":"Feature","geometry":{"type":"Point","coordinates":[77.6118661,13.1216554]},"properties":{"name":"Bus Stop","operator":"BMTC","osm_id":12211537120}},{"type":"Feature","geometry":{"type":"Point","coordinates":[77.6113859,13.1219072]},"properties":{"name":"Bus Stop","operator":"BMTC","osm_id":12212969783}},{"type":"Feature","geometry":{"type":"Point","coordinates":[77.611446,13.1219032]},"properties":{"name":"Bus Stop","operator":"BMTC","osm_id":12212969784}},{"type":"Feature","geometry":{"type":"Point","coordinates":[77.5987364,13.0987564]},"properties":{"name":"Kempegowda-Yelahanka","operator":"BMTC","osm_id":12225535079}},{"type":"Feature","geometry":{"type":"Point","coordinates":[77.6223147,12.9179911]},"properties":{"name":"Bus Stop","operator":"BMTC","osm_id":12229219527}},{"type":"Feature","geometry":{"type":"Point","coordinates":[77.6448796,12.9168514]},"properties":{"name":"Bus Stop","operator":"BMTC","osm_id":12238342433}},{"type":"Feature","geometry":{"type":"Point","coordinates":[77.5756518,13.1072011]},"properties":{"name":"Shiva Mandira","operator":"BMTC","osm_id":12249918943}},{"type":"Feature","geometry":{"type":"Point","coordinates":[77.568763,13.0339003]},"properties":{"name":"ITI Colony","operator":"BMTC","osm_id":12291501587}},{"type":"Feature","geometry":{"type":"Point","coordinates":[77.5687072,13.0338628]},"properties":{"name":"ITI Colony","operator":"BMTC","osm_id":12291502163}},{"type":"Feature","geometry":{"type":"Point","coordinates":[77.5663875,13.0365718]},"properties":{"name":"Devasandra","operator":"BMTC","osm_id":12291502205}},{"type":"Feature","geometry":{"type":"Point","coordinates":[77.6821452,12.9641669]},"properties":{"name":"Rameshnagara","operator":"BMTC","osm_id":12328467532}},{"type":"Feature","geometry":{"type":"Point","coordinates":[77.6821593,12.9641615]},"properties":{"name":"Rameshnagara","operator":"BMTC","osm_id":12328467533}},{"type":"Feature","geometry":{"type":"Point","coordinates":[77.6828455,12.9668537]},"properties":{"name":"Basavanagara","operator":"BMTC","osm_id":12328467534}},{"type":"Feature","geometry":{"type":"Point","coordinates":[77.6828496,12.9667792]},"properties":{"name":"Basavanagara","operator":"BMTC","osm_id":12328467535}},{"type":"Feature","geometry":{"type":"Point","coordinates":[77.6815769,12.9717372]},"properties":{"name":"Srirama Reddy Layout","operator":"BMTC","osm_id":12328467536}},{"type":"Feature","geometry":{"type":"Point","coordinates":[77.6777429,12.9727784]},"properties":{"name":"Mallesh Palya New Bus Stand","operator":"BMTC","osm_id":12328467537}},{"type":"Feature","geometry":{"type":"Point","coordinates":[77.6703641,12.9748113]},"properties":{"name":"Mallesh Palya","operator":"BMTC","osm_id":12328467538}},{"type":"Feature","geometry":{"type":"Point","coordinates":[77.6665313,12.9753565]},"properties":{"name":"GM Palya","operator":"BMTC","osm_id":12328467539}},{"type":"Feature","geometry":{"type":"Point","coordinates":[77.6665016,12.9754164]},"properties":{"name":"GM Palya","operator":"BMTC","osm_id":12328467540}},{"type":"Feature","geometry":{"type":"Point","coordinates":[77.6579593,12.9715575]},"properties":{"name":"BEML Gate","operator":"BMTC","osm_id":12328467541}},{"type":"Feature","geometry":{"type":"Point","coordinates":[77.6579587,12.9716148]},"properties":{"name":"BEML Gate","operator":"BMTC","osm_id":12328467542}},{"type":"Feature","geometry":{"type":"Point","coordinates":[77.654048,12.9720858]},"properties":{"name":"Thippasandra Ganesha Temple","operator":"BMTC","osm_id":12328467543}},{"type":"Feature","geometry":{"type":"Point","coordinates":[77.6508338,12.9725231]},"properties":{"name":"Tippasandra Market","operator":"BMTC","osm_id":12328467544}},{"type":"Feature","geometry":{"type":"Point","coordinates":[77.6467168,12.9775919]},"properties":{"name":"CMH Hospital","operator":"BMTC","osm_id":12328467545}},{"type":"Feature","geometry":{"type":"Point","coordinates":[77.6407041,12.9835737]},"properties":{"name":"Binnamangala","operator":"BMTC","osm_id":12328467546}},{"type":"Feature","geometry":{"type":"Point","coordinates":[77.6414352,12.9784436]},"properties":{"name":"Indiranagar Police Station","operator":"BMTC","osm_id":12328467547}},{"type":"Feature","geometry":{"type":"Point","coordinates":[77.6210995,12.9214902]},"properties":{"name":"Madivala","operator":"BMTC","osm_id":12328471497}},{"type":"Feature","geometry":{"type":"Point","coordinates":[77.6211213,12.9214542]},"properties":{"name":"Madivala","operator":"BMTC","osm_id":12328471498}},{"type":"Feature","geometry":{"type":"Point","coordinates":[77.6288098,12.924028]},"properties":{"name":"Krupanidhi College","operator":"BMTC","osm_id":12328471499}},{"type":"Feature","geometry":{"type":"Point","coordinates":[77.6266664,12.9369729]},"properties":{"name":"Sony World Signal","operator":"BMTC","osm_id":12328471500}},{"type":"Feature","geometry":{"type":"Point","coordinates":[77.6414861,12.9673099]},"properties":{"name":"New Horizon School Indiranagar","operator":"BMTC","osm_id":12328481701}},{"type":"Feature","geometry":{"type":"Point","coordinates":[77.6413516,12.9699165]},"properties":{"name":"Indiranagar 12th Main","operator":"BMTC","osm_id":12328481702}},{"type":"Feature","geometry":{"type":"Point","coordinates":[77.6411137,12.974051]},"properties":{"name":"Indiranagar 6th Main","operator":"BMTC","osm_id":12328481703}},{"type":"Feature","geometry":{"type":"Point","coordinates":[77.656111,12.9674713]},"properties":{"name":"Petrol Bunk","operator":"BMTC","osm_id":12328481704}},{"type":"Feature","geometry":{"type":"Point","coordinates":[77.6561187,12.9675333]},"properties":{"name":"Petrol Bunk","operator":"BMTC","osm_id":12328481705}},{"type":"Feature","geometry":{"type":"Point","coordinates":[77.6575057,12.9673018]},"properties":{"name":"Jeevan Bheema Nagar","operator":"BMTC","osm_id":12328483218}},{"type":"Feature","geometry":{"type":"Point","coordinates":[77.6589695,12.9710289]},"properties":{"name":"BEML Gate","operator":"BMTC","osm_id":12328483219}},{"type":"Feature","geometry":{"type":"Point","coordinates":[77.6590155,12.9710567]},"properties":{"name":"BEML Gate","operator":"BMTC","osm_id":12328483220}},{"type":"Feature","geometry":{"type":"Point","coordinates":[77.6664602,12.9753241]},"properties":{"name":"GM Palya","operator":"BMTC","osm_id":12328483221}},{"type":"Feature","geometry":{"type":"Point","coordinates":[77.6704736,12.9747736]},"properties":{"name":"Mallesh Palya","operator":"BMTC","osm_id":12328483222}},{"type":"Feature","geometry":{"type":"Point","coordinates":[77.6704645,12.9747486]},"properties":{"name":"Mallesh Palya","operator":"BMTC","osm_id":12328483223}},{"type":"Feature","geometry":{"type":"Point","coordinates":[77.6777424,12.9726504]},"properties":{"name":"Mallesh Palya New Bus Stand","operator":"BMTC","osm_id":12328483224}},{"type":"Feature","geometry":{"type":"Point","coordinates":[77.6777313,12.972608]},"properties":{"name":"Mallesh Palya New Bus Stand","operator":"BMTC","osm_id":12328483225}},{"type":"Feature","geometry":{"type":"Point","coordinates":[77.5799864,12.9443248]},"properties":{"name":"Rv Teachers College,Basavanagudi","operator":"BMTC","osm_id":12343736437}},{"type":"Feature","geometry":{"type":"Point","coordinates":[77.6927116,12.9831817]},"properties":{"name":"EMC square","operator":"BMTC","osm_id":12362143801}},{"type":"Feature","geometry":{"type":"Point","coordinates":[77.68952,12.9882859]},"properties":{"name":"Mahadevapura","operator":"BMTC","osm_id":12362143901}},{"type":"Feature","geometry":{"type":"Point","coordinates":[77.5840216,13.0102719]},"properties":{"name":"Palace Ground","operator":"BMTC","osm_id":12378327165}},{"type":"Feature","geometry":{"type":"Point","coordinates":[77.5840303,13.0104117]},"properties":{"name":"Palace Ground","operator":"BMTC","osm_id":12378327166}},{"type":"Feature","geometry":{"type":"Point","coordinates":[77.5839709,13.0104936]},"properties":{"name":"Palace Ground","operator":"BMTC","osm_id":12378327167}},{"type":"Feature","geometry":{"type":"Point","coordinates":[77.5840397,13.0105633]},"properties":{"name":"Palace Ground","operator":"BMTC","osm_id":12378546335}},{"type":"Feature","geometry":{"type":"Point","coordinates":[77.580296,13.0086333]},"properties":{"name":"Sadashivanagar","operator":"BMTC","osm_id":12378818546}},{"type":"Feature","geometry":{"type":"Point","coordinates":[77.5405964,12.9789851]},"properties":{"name":"Agrahara Dasarahalli","operator":"BMTC","osm_id":12386430525}},{"type":"Feature","geometry":{"type":"Point","coordinates":[77.5405645,12.9789155]},"properties":{"name":"Agrahara Dasarahalli","operator":"BMTC","osm_id":12386430526}},{"type":"Feature","geometry":{"type":"Point","coordinates":[77.7137275,12.9558306]},"properties":{"name":"Kundanahalli Gate","operator":"BMTC","osm_id":12422729198}},{"type":"Feature","geometry":{"type":"Point","coordinates":[77.5714364,12.9977329]},"properties":{"name":"Malleswaram Circle","operator":"BMTC","osm_id":12425345228}},{"type":"Feature","geometry":{"type":"Point","coordinates":[77.5367385,12.9755632]},"properties":{"name":"Govindaraja Nagar","operator":"BMTC","osm_id":12438122539}},{"type":"Feature","geometry":{"type":"Point","coordinates":[77.5416311,12.9990606]},"properties":{"name":"Shankar Mutt","operator":"BMTC","osm_id":12441118648}},{"type":"Feature","geometry":{"type":"Point","coordinates":[77.5398767,12.9958074]},"properties":{"name":"Kamalanagar Water Tank","operator":"BMTC","osm_id":12441126024}},{"type":"Feature","geometry":{"type":"Point","coordinates":[77.5374906,12.9883094]},"properties":{"name":"Havanuru Circle","operator":"BMTC","osm_id":12441126036}},{"type":"Feature","geometry":{"type":"Point","coordinates":[77.6095838,12.916679]},"properties":{"name":"16th Main BTM Layout","operator":"BMTC","osm_id":12462543988}},{"type":"Feature","geometry":{"type":"Point","coordinates":[77.6032644,12.9167865]},"properties":{"name":"MICO Layout","operator":"BMTC","osm_id":12462543989}},{"type":"Feature","geometry":{"type":"Point","coordinates":[77.5970268,12.9217633]},"properties":{"name":"Jayanagara Pump House","operator":"BMTC","osm_id":12462543990}},{"type":"Feature","geometry":{"type":"Point","coordinates":[77.5851672,12.938059]},"properties":{"name":"Rani Saraladevi","operator":"BMTC","osm_id":12462543991}},{"type":"Feature","geometry":{"type":"Point","coordinates":[77.5852421,12.943282]},"properties":{"name":"Ashoka Pillar","operator":"BMTC","osm_id":12462543992}},{"type":"Feature","geometry":{"type":"Point","coordinates":[77.5590291,12.9602173]},"properties":{"name":"Sirsi Circle","operator":"BMTC","osm_id":12462547447}},{"type":"Feature","geometry":{"type":"Point","coordinates":[77.5707129,12.9458189]},"properties":{"name":"Gandhi Bazaar, Basavanagudi","operator":"BMTC","osm_id":12462547448}},{"type":"Feature","geometry":{"type":"Point","coordinates":[77.5723964,12.9396778]},"properties":{"name":"Nettakallappa Circle","operator":"BMTC","osm_id":12462547449}},{"type":"Feature","geometry":{"type":"Point","coordinates":[77.5720709,12.9368613]},"properties":{"name":"Nagasandra Circle","operator":"BMTC","osm_id":12462547450}},{"type":"Feature","geometry":{"type":"Point","coordinates":[77.5771247,12.9367531]},"properties":{"name":"Shanthi Talkies","operator":"BMTC","osm_id":12462547451}},{"type":"Feature","geometry":{"type":"Point","coordinates":[77.5839634,12.9364505]},"properties":{"name":"Madavan Park","operator":"BMTC","osm_id":12462547452}},{"type":"Feature","geometry":{"type":"Point","coordinates":[77.5838891,12.9319322]},"properties":{"name":"Jayanagar 3rd Block","operator":"BMTC","osm_id":12462547453}},{"type":"Feature","geometry":{"type":"Point","coordinates":[77.5895751,12.9234167]},"properties":{"name":"Jayanagara 18th Main","operator":"BMTC","osm_id":12462547454}},{"type":"Feature","geometry":{"type":"Point","coordinates":[77.5895195,12.9234175]},"properties":{"name":"Jayanagara 18th Main","operator":"BMTC","osm_id":12462547455}},{"type":"Feature","geometry":{"type":"Point","coordinates":[77.5934443,12.9230562]},"properties":{"name":"Jayanagara 4th T Block","operator":"BMTC","osm_id":12462547456}},{"type":"Feature","geometry":{"type":"Point","coordinates":[77.5923364,12.919694]},"properties":{"name":"Jayanagar 9th Block","operator":"BMTC","osm_id":12462547457}},{"type":"Feature","geometry":{"type":"Point","coordinates":[77.583092,12.8706159]},"properties":{"name":"BK Circle","operator":"BMTC","osm_id":12462551318}},{"type":"Feature","geometry":{"type":"Point","coordinates":[77.5830835,12.8705684]},"properties":{"name":"BK Circle","operator":"BMTC","osm_id":12462551319}},{"type":"Feature","geometry":{"type":"Point","coordinates":[77.5842181,12.8745665]},"properties":{"name":"Water Tank Kothnuru Dinne","operator":"BMTC","osm_id":12462551320}},{"type":"Feature","geometry":{"type":"Point","coordinates":[77.5839658,12.8769429]},"properties":{"name":"Kothnuru Dinne","operator":"BMTC","osm_id":12462551321}},{"type":"Feature","geometry":{"type":"Point","coordinates":[77.5837931,12.8812594]},"properties":{"name":"Navodaya Nagara","operator":"BMTC","osm_id":12462551322}},{"type":"Feature","geometry":{"type":"Point","coordinates":[77.5826146,12.884762]},"properties":{"name":"Gowrava Nagar","operator":"BMTC","osm_id":12462551323}},{"type":"Feature","geometry":{"type":"Point","coordinates":[77.5820133,12.887959]},"properties":{"name":"RBI Layout","operator":"BMTC","osm_id":12462551324}},{"type":"Feature","geometry":{"type":"Point","coordinates":[77.5819226,12.8919422]},"properties":{"name":"Brigade Millenium","operator":"BMTC","osm_id":12462551325}},{"type":"Feature","geometry":{"type":"Point","coordinates":[77.5819892,12.8919437]},"properties":{"name":"Brigade Millenium","operator":"BMTC","osm_id":12462551326}},{"type":"Feature","geometry":{"type":"Point","coordinates":[77.5878632,12.8913057]},"properties":{"name":"Nayara Petrol Pump Lakshmi Layout","operator":"BMTC","osm_id":12462551327}},{"type":"Feature","geometry":{"type":"Point","coordinates":[77.5858706,12.8977323]},"properties":{"name":"Shobha Tulip JP Nagara","operator":"BMTC","osm_id":12462551328}},{"type":"Feature","geometry":{"type":"Point","coordinates":[77.5858542,12.9010699]},"properties":{"name":"Auto Gas/Royal School","operator":"BMTC","osm_id":12462551329}},{"type":"Feature","geometry":{"type":"Point","coordinates":[77.5858171,12.9026679]},"properties":{"name":"Inchara Hotel JP Nagara","operator":"BMTC","osm_id":12462551330}},{"type":"Feature","geometry":{"type":"Point","coordinates":[77.5858167,12.9052961]},"properties":{"name":"Nandini Hotel JP Nagara","operator":"BMTC","osm_id":12462551331}},{"type":"Feature","geometry":{"type":"Point","coordinates":[77.5857634,12.9065665]},"properties":{"name":"JP Nagara 15th Cross","operator":"BMTC","osm_id":12462551332}},{"type":"Feature","geometry":{"type":"Point","coordinates":[77.585814,12.9065667]},"properties":{"name":"JP Nagara 15th Cross","operator":"BMTC","osm_id":12462551333}},{"type":"Feature","geometry":{"type":"Point","coordinates":[77.5857496,12.9097302]},"properties":{"name":"RV Dental College","operator":"BMTC","osm_id":12462551334}},{"type":"Feature","geometry":{"type":"Point","coordinates":[77.5858161,12.9147496]},"properties":{"name":"Marenahalli","operator":"BMTC","osm_id":12462551335}},{"type":"Feature","geometry":{"type":"Point","coordinates":[77.5801403,12.9358015]},"properties":{"name":"South End Circle","operator":"BMTC","osm_id":12462551336}},{"type":"Feature","geometry":{"type":"Point","coordinates":[77.5801653,12.9358102]},"properties":{"name":"South End Circle","operator":"BMTC","osm_id":12462551337}},{"type":"Feature","geometry":{"type":"Point","coordinates":[77.5801014,12.9411901]},"properties":{"name":"Vijaya College","operator":"BMTC","osm_id":12462551338}},{"type":"Feature","geometry":{"type":"Point","coordinates":[77.5800855,12.9443269]},"properties":{"name":"RV Teachers College","operator":"BMTC","osm_id":12462551339}},{"type":"Feature","geometry":{"type":"Point","coordinates":[77.5803445,12.9287383]},"properties":{"name":"Jayanagara Metro Station","operator":"BMTC","osm_id":12462601104}},{"type":"Feature","geometry":{"type":"Point","coordinates":[77.580345,12.9287715]},"properties":{"name":"Jayanagara Metro Station","operator":"BMTC","osm_id":12462601105}},{"type":"Feature","geometry":{"type":"Point","coordinates":[77.5801878,12.9216809]},"properties":{"name":"RV Road Metro Station","operator":"BMTC","osm_id":12462601106}},{"type":"Feature","geometry":{"type":"Point","coordinates":[77.5801411,12.9216804]},"properties":{"name":"RV Road Metro Station","operator":"BMTC","osm_id":12462601107}},{"type":"Feature","geometry":{"type":"Point","coordinates":[77.4612102,13.0371334]},"properties":{"name":"Lakshmipura","operator":"BMTC","osm_id":12462603243}},{"type":"Feature","geometry":{"type":"Point","coordinates":[77.461167,13.0454953]},"properties":{"name":"Rajeshwarinagara","operator":"BMTC","osm_id":12462603244}},{"type":"Feature","geometry":{"type":"Point","coordinates":[77.4731321,13.0571294]},"properties":{"name":"Madavara","operator":"BMTC","osm_id":12462603245}},{"type":"Feature","geometry":{"type":"Point","coordinates":[77.4730566,13.0567217]},"properties":{"name":"Madavara","operator":"BMTC","osm_id":12462646823}},{"type":"Feature","geometry":{"type":"Point","coordinates":[77.5676674,12.9533505]},"properties":{"name":"Bus Stop","operator":"BMTC","osm_id":12466417388}},{"type":"Feature","geometry":{"type":"Point","coordinates":[77.5721999,12.9786]},"properties":{"name":"Platform 20B","operator":"BMTC","osm_id":12479801113}},{"type":"Feature","geometry":{"type":"Point","coordinates":[77.5720175,12.9785778]},"properties":{"name":"Platform 20A","operator":"BMTC","osm_id":12479801114}},{"type":"Feature","geometry":{"type":"Point","coordinates":[77.5718715,12.9785118]},"properties":{"name":"Platform 20","operator":"BMTC","osm_id":12479801115}},{"type":"Feature","geometry":{"type":"Point","coordinates":[77.5715901,12.9783014]},"properties":{"name":"Platform 19B","operator":"BMTC","osm_id":12479801117}},{"type":"Feature","geometry":{"type":"Point","coordinates":[77.5714678,12.978148]},"properties":{"name":"Platform 19A","operator":"BMTC","osm_id":12479801118}},{"type":"Feature","geometry":{"type":"Point","coordinates":[77.5713937,12.978004]},"properties":{"name":"Platform 19","operator":"BMTC","osm_id":12479801119}},{"type":"Feature","geometry":{"type":"Point","coordinates":[77.5716,12.9778982]},"properties":{"name":"Platform 18A","operator":"BMTC","osm_id":12479801171}},{"type":"Feature","geometry":{"type":"Point","coordinates":[77.5716466,12.9780256]},"properties":{"name":"Platform 18","operator":"BMTC","osm_id":12479801172}},{"type":"Feature","geometry":{"type":"Point","coordinates":[77.5717468,12.978163]},"properties":{"name":"Platform 17A","operator":"BMTC","osm_id":12479801173}},{"type":"Feature","geometry":{"type":"Point","coordinates":[77.5718746,12.9782831]},"properties":{"name":"Platform 17","operator":"BMTC","osm_id":12479801174}},{"type":"Feature","geometry":{"type":"Point","coordinates":[77.5719972,12.9783511]},"properties":{"name":"Platform 16","operator":"BMTC","osm_id":12479801175}},{"type":"Feature","geometry":{"type":"Point","coordinates":[77.5721601,12.9784076]},"properties":{"name":"Platform 15A","operator":"BMTC","osm_id":12479801176}},{"type":"Feature","geometry":{"type":"Point","coordinates":[77.5722951,12.9784244]},"properties":{"name":"Platform 15","operator":"BMTC","osm_id":12479801177}},{"type":"Feature","geometry":{"type":"Point","coordinates":[77.5724888,12.9784189]},"properties":{"name":"Platform 14","operator":"BMTC","osm_id":12479801190}},{"type":"Feature","geometry":{"type":"Point","coordinates":[77.5725967,12.9783995]},"properties":{"name":"Platform 13","operator":"BMTC","osm_id":12479801191}},{"type":"Feature","geometry":{"type":"Point","coordinates":[77.5727364,12.9783424]},"properties":{"name":"Platform 12A","operator":"BMTC","osm_id":12479801192}},{"type":"Feature","geometry":{"type":"Point","coordinates":[77.5731353,12.9779899]},"properties":{"name":"Platform 11A","operator":"BMTC","osm_id":12479801194}},{"type":"Feature","geometry":{"type":"Point","coordinates":[77.5731873,12.9778782]},"properties":{"name":"Platform 11","operator":"BMTC","osm_id":12479801195}},{"type":"Feature","geometry":{"type":"Point","coordinates":[77.572811,12.9780777]},"properties":{"name":"Platform 9","operator":"BMTC","osm_id":12479806808}},{"type":"Feature","geometry":{"type":"Point","coordinates":[77.5726809,12.9781644]},"properties":{"name":"Platform 8B","operator":"BMTC","osm_id":12479806809}},{"type":"Feature","geometry":{"type":"Point","coordinates":[77.5719062,12.9777735]},"properties":{"name":"Platform 4B","operator":"BMTC","osm_id":12479806822}},{"type":"Feature","geometry":{"type":"Point","coordinates":[77.572024,12.9779433]},"properties":{"name":"Platform 4A","operator":"BMTC","osm_id":12479806823}},{"type":"Feature","geometry":{"type":"Point","coordinates":[77.5729337,12.9779386]},"properties":{"name":"Platform 10","operator":"BMTC","osm_id":12479806835}},{"type":"Feature","geometry":{"type":"Point","coordinates":[77.5721195,12.9780131]},"properties":{"name":"Platform 4","operator":"BMTC","osm_id":12479806836}},{"type":"Feature","geometry":{"type":"Point","coordinates":[77.5836829,12.9237961]},"properties":{"name":"Jayanagara Telephone Exchange","operator":"BMTC","osm_id":12491787298}},{"type":"Feature","geometry":{"type":"Point","coordinates":[77.5836803,12.9238842]},"properties":{"name":"Jayanagara Telephone Exchange","operator":"BMTC","osm_id":12492581443}},{"type":"Feature","geometry":{"type":"Point","coordinates":[77.5837211,12.9239802]},"properties":{"name":"Jayanagara Telephone Exchange","operator":"BMTC","osm_id":12492581444}},{"type":"Feature","geometry":{"type":"Point","coordinates":[77.6210071,12.9973496]},"properties":{"name":"Cox Town","operator":"BMTC","osm_id":12495403816}},{"type":"Feature","geometry":{"type":"Point","coordinates":[77.6210197,12.9973551]},"properties":{"name":"Cox Town","operator":"BMTC","osm_id":12495403817}},{"type":"Feature","geometry":{"type":"Point","coordinates":[77.5725538,12.9784072]},"properties":{"name":"Platform 25C","operator":"BMTC","osm_id":12506944637}},{"type":"Feature","geometry":{"type":"Point","coordinates":[77.5727541,12.9783342]},"properties":{"name":"Platform 25B","operator":"BMTC","osm_id":12506944638}},{"type":"Feature","geometry":{"type":"Point","coordinates":[77.5728788,12.9782715]},"properties":{"name":"Platform 25A","operator":"BMTC","osm_id":12506944639}},{"type":"Feature","geometry":{"type":"Point","coordinates":[77.5730294,12.9781179]},"properties":{"name":"Platform 25","operator":"BMTC","osm_id":12506944640}},{"type":"Feature","geometry":{"type":"Point","coordinates":[77.5731729,12.9779091]},"properties":{"name":"Platform 24","operator":"BMTC","osm_id":12506944641}},{"type":"Feature","geometry":{"type":"Point","coordinates":[77.5715876,12.9778642]},"properties":{"name":"Platform 29C","operator":"BMTC","osm_id":12506944656}},{"type":"Feature","geometry":{"type":"Point","coordinates":[77.5716174,12.9779458]},"properties":{"name":"Platform 29B","operator":"BMTC","osm_id":12506944657}},{"type":"Feature","geometry":{"type":"Point","coordinates":[77.5716411,12.9780107]},"properties":{"name":"Platform 29A","operator":"BMTC","osm_id":12506944658}},{"type":"Feature","geometry":{"type":"Point","coordinates":[77.5716859,12.9780846]},"properties":{"name":"Platform 29","operator":"BMTC","osm_id":12506944659}},{"type":"Feature","geometry":{"type":"Point","coordinates":[77.5718623,12.9782721]},"properties":{"name":"Platform 28","operator":"BMTC","osm_id":12506944660}},{"type":"Feature","geometry":{"type":"Point","coordinates":[77.571935,12.9783183]},"properties":{"name":"Platform 27A","operator":"BMTC","osm_id":12506944661}},{"type":"Feature","geometry":{"type":"Point","coordinates":[77.5720375,12.9783675]},"properties":{"name":"Platform 27","operator":"BMTC","osm_id":12506944662}},{"type":"Feature","geometry":{"type":"Point","coordinates":[77.5721355,12.978402]},"properties":{"name":"Platform 26A","operator":"BMTC","osm_id":12506944663}},{"type":"Feature","geometry":{"type":"Point","coordinates":[77.5722573,12.9784197]},"properties":{"name":"Platform 26","operator":"BMTC","osm_id":12506944664}},{"type":"Feature","geometry":{"type":"Point","coordinates":[77.5716921,12.9783916]},"properties":{"name":"Platform 19C","operator":"BMTC","osm_id":12506944679}},{"type":"Feature","geometry":{"type":"Point","coordinates":[77.5729941,12.9781569]},"properties":{"name":"Platform 11C","operator":"BMTC","osm_id":12506944680}},{"type":"Feature","geometry":{"type":"Point","coordinates":[77.5730497,12.9780954]},"properties":{"name":"Platform 11B","operator":"BMTC","osm_id":12506944681}},{"type":"Feature","geometry":{"type":"Point","coordinates":[77.5726718,12.9775139]},"properties":{"name":"KIA Bus Stop","operator":"BMTC","osm_id":12506944693}},{"type":"Feature","geometry":{"type":"Point","coordinates":[77.5733875,12.9778904]},"properties":{"name":"Platform 23D","operator":"BMTC","osm_id":12506944698}},{"type":"Feature","geometry":{"type":"Point","coordinates":[77.5733244,12.9780198]},"properties":{"name":"Platform 23C","operator":"BMTC","osm_id":12506944699}},{"type":"Feature","geometry":{"type":"Point","coordinates":[77.5731911,12.9782161]},"properties":{"name":"Platform 23A","operator":"BMTC","osm_id":12506944700}},{"type":"Feature","geometry":{"type":"Point","coordinates":[77.5729077,12.9784828]},"properties":{"name":"Platform 22B","operator":"BMTC","osm_id":12506953101}},{"type":"Feature","geometry":{"type":"Point","coordinates":[77.5727305,12.9785603]},"properties":{"name":"Platform 22","operator":"BMTC","osm_id":12506953102}},{"type":"Feature","geometry":{"type":"Point","coordinates":[77.5730389,12.9177491]},"properties":{"name":"Platform 3","operator":"BMTC","osm_id":12507052200}},{"type":"Feature","geometry":{"type":"Point","coordinates":[77.5727806,12.9177471]},"properties":{"name":"Platform 9","operator":"BMTC","osm_id":12507070301}},{"type":"Feature","geometry":{"type":"Point","coordinates":[77.5727789,12.9175589]},"properties":{"name":"Platform 8","operator":"BMTC","osm_id":12507070302}},{"type":"Feature","geometry":{"type":"Point","coordinates":[77.5727771,12.917353]},"properties":{"name":"Platform 7","operator":"BMTC","osm_id":12507070303}},{"type":"Feature","geometry":{"type":"Point","coordinates":[77.5729061,12.9173556]},"properties":{"name":"Platform 4","operator":"BMTC","osm_id":12507070304}},{"type":"Feature","geometry":{"type":"Point","coordinates":[77.5730378,12.9175602]},"properties":{"name":"Platform 2","operator":"BMTC","osm_id":12507070305}},{"type":"Feature","geometry":{"type":"Point","coordinates":[77.5729058,12.9175628]},"properties":{"name":"Platform 5","operator":"BMTC","osm_id":12507070306}},{"type":"Feature","geometry":{"type":"Point","coordinates":[77.5729056,12.9177582]},"properties":{"name":"Platform 6","operator":"BMTC","osm_id":12507070307}},{"type":"Feature","geometry":{"type":"Point","coordinates":[77.5730367,12.9173665]},"properties":{"name":"Platform 1","operator":"BMTC","osm_id":12507070326}},{"type":"Feature","geometry":{"type":"Point","coordinates":[77.6030616,12.9837499]},"properties":{"name":"Platform 12","operator":"BMTC","osm_id":12507237905}},{"type":"Feature","geometry":{"type":"Point","coordinates":[77.602996,12.9835508]},"properties":{"name":"Platform 11","operator":"BMTC","osm_id":12507237906}},{"type":"Feature","geometry":{"type":"Point","coordinates":[77.6029292,12.9833479]},"properties":{"name":"Platform 10","operator":"BMTC","osm_id":12507237907}},{"type":"Feature","geometry":{"type":"Point","coordinates":[77.6028619,12.9831435]},"properties":{"name":"Platform 9","operator":"BMTC","osm_id":12507237908}},{"type":"Feature","geometry":{"type":"Point","coordinates":[77.6029756,12.9831135]},"properties":{"name":"Platform 5","operator":"BMTC","osm_id":12507237909}},{"type":"Feature","geometry":{"type":"Point","coordinates":[77.6030402,12.983317]},"properties":{"name":"Platform 6","operator":"BMTC","osm_id":12507237910}},{"type":"Feature","geometry":{"type":"Point","coordinates":[77.6031685,12.9837213]},"properties":{"name":"Platform 8","operator":"BMTC","osm_id":12507237911}},{"type":"Feature","geometry":{"type":"Point","coordinates":[77.6032885,12.9836838]},"properties":{"name":"Platform 4","operator":"BMTC","osm_id":12507237912}},{"type":"Feature","geometry":{"type":"Point","coordinates":[77.6032283,12.9834832]},"properties":{"name":"Platform 3","operator":"BMTC","osm_id":12507237913}},{"type":"Feature","geometry":{"type":"Point","coordinates":[77.6031693,12.9832866]},"properties":{"name":"Platform 2","operator":"BMTC","osm_id":12507237914}},{"type":"Feature","geometry":{"type":"Point","coordinates":[77.6031071,12.9830792]},"properties":{"name":"Platform 1","operator":"BMTC","osm_id":12507237915}},{"type":"Feature","geometry":{"type":"Point","coordinates":[77.5774231,12.9610244]},"properties":{"name":"Platform 6C","operator":"BMTC","osm_id":12507290067}},{"type":"Feature","geometry":{"type":"Point","coordinates":[77.5773141,12.9609478]},"properties":{"name":"Platform 6B","operator":"BMTC","osm_id":12507290068}},{"type":"Feature","geometry":{"type":"Point","coordinates":[77.5772111,12.9608754]},"properties":{"name":"Platform 6A","operator":"BMTC","osm_id":12507290069}},{"type":"Feature","geometry":{"type":"Point","coordinates":[77.5771138,12.960807]},"properties":{"name":"Platform 6","operator":"BMTC","osm_id":12507290070}},{"type":"Feature","geometry":{"type":"Point","coordinates":[77.5773906,12.9608221]},"properties":{"name":"Platform 5B","operator":"BMTC","osm_id":12507290071}},{"type":"Feature","geometry":{"type":"Point","coordinates":[77.5772338,12.9607074]},"properties":{"name":"Platform 5A","operator":"BMTC","osm_id":12507290072}},{"type":"Feature","geometry":{"type":"Point","coordinates":[77.5770855,12.9605989]},"properties":{"name":"Platform 5","operator":"BMTC","osm_id":12507290073}},{"type":"Feature","geometry":{"type":"Point","coordinates":[77.5773696,12.9606322]},"properties":{"name":"Platform 4","operator":"BMTC","osm_id":12507290074}},{"type":"Feature","geometry":{"type":"Point","coordinates":[77.5772587,12.9605549]},"properties":{"name":"Platform 3B","operator":"BMTC","osm_id":12507290075}},{"type":"Feature","geometry":{"type":"Point","coordinates":[77.5771554,12.9604827]},"properties":{"name":"Platform 3A","operator":"BMTC","osm_id":12507290076}},{"type":"Feature","geometry":{"type":"Point","coordinates":[77.5770383,12.960401]},"properties":{"name":"Platform 3","operator":"BMTC","osm_id":12507290077}},{"type":"Feature","geometry":{"type":"Point","coordinates":[77.487472,12.9136377]},"properties":{"name":"Platform 3","operator":"BMTC","osm_id":12507331061}},{"type":"Feature","geometry":{"type":"Point","coordinates":[77.4873423,12.9136729]},"properties":{"name":"Platform 2","operator":"BMTC","osm_id":12507331064}},{"type":"Feature","geometry":{"type":"Point","coordinates":[77.487233,12.9136988]},"properties":{"name":"Platform 1","operator":"BMTC","osm_id":12507331065}},{"type":"Feature","geometry":{"type":"Point","coordinates":[77.5947355,13.1008246]},"properties":{"name":"Platform 3","operator":"BMTC","osm_id":12507340327}},{"type":"Feature","geometry":{"type":"Point","coordinates":[77.5947497,13.1008767]},"properties":{"name":"Platform 2","operator":"BMTC","osm_id":12507340328}},{"type":"Feature","geometry":{"type":"Point","coordinates":[77.5947641,13.1009287]},"properties":{"name":"Platform 1","operator":"BMTC","osm_id":12507340329}},{"type":"Feature","geometry":{"type":"Point","coordinates":[77.6387846,12.9617472]},"properties":{"name":"Platform 6","operator":"BMTC","osm_id":12507390901}},{"type":"Feature","geometry":{"type":"Point","coordinates":[77.6386457,12.9616185]},"properties":{"name":"Platform 5","operator":"BMTC","osm_id":12507390902}},{"type":"Feature","geometry":{"type":"Point","coordinates":[77.6387312,12.96183]},"properties":{"name":"Platform 4","operator":"BMTC","osm_id":12507390903}},{"type":"Feature","geometry":{"type":"Point","coordinates":[77.6385834,12.9616995]},"properties":{"name":"Platform 3","operator":"BMTC","osm_id":12507390904}},{"type":"Feature","geometry":{"type":"Point","coordinates":[77.638679,12.9618927]},"properties":{"name":"Platform 2","operator":"BMTC","osm_id":12507390905}},{"type":"Feature","geometry":{"type":"Point","coordinates":[77.6385377,12.9617604]},"properties":{"name":"Platform 1","operator":"BMTC","osm_id":12507390906}},{"type":"Feature","geometry":{"type":"Point","coordinates":[77.5374428,12.8747772]},"properties":{"name":"Manjunatha Kalyana Mantapa","operator":"BMTC","osm_id":12508633661}},{"type":"Feature","geometry":{"type":"Point","coordinates":[77.5374323,12.8747129]},"properties":{"name":"Manjunatha Kalyana Mantapa","operator":"BMTC","osm_id":12508633662}},{"type":"Feature","geometry":{"type":"Point","coordinates":[77.5374785,12.8748626]},"properties":{"name":"Manjunatha Kalyana Mantapa","operator":"BMTC","osm_id":12508633664}},{"type":"Feature","geometry":{"type":"Point","coordinates":[77.5916216,12.9511732]},"properties":{"name":"Lalbagh HOPCOMS","operator":"BMTC","osm_id":12511443667}},{"type":"Feature","geometry":{"type":"Point","coordinates":[77.5772696,12.9564797]},"properties":{"name":"Basappa Circle","operator":"BMTC","osm_id":12511443668}},{"type":"Feature","geometry":{"type":"Point","coordinates":[77.5738382,12.9576978]},"properties":{"name":"Makkala Koota","operator":"BMTC","osm_id":12511443669}},{"type":"Feature","geometry":{"type":"Point","coordinates":[77.5738621,12.9576895]},"properties":{"name":"Makkala Koota","operator":"BMTC","osm_id":12511443670}},{"type":"Feature","geometry":{"type":"Point","coordinates":[77.6168929,12.9193784]},"properties":{"name":"Jai Bhima Nagara","operator":"BMTC","osm_id":12511444254}},{"type":"Feature","geometry":{"type":"Point","coordinates":[77.6130998,12.9196229]},"properties":{"name":"Gangothri Circle","operator":"BMTC","osm_id":12511444255}},{"type":"Feature","geometry":{"type":"Point","coordinates":[77.610508,12.9221855]},"properties":{"name":"Tavarekere Aladamara","operator":"BMTC","osm_id":12511444256}},{"type":"Feature","geometry":{"type":"Point","coordinates":[77.6087855,12.9251802]},"properties":{"name":"Tavarekere Mori","operator":"BMTC","osm_id":12511444257}},{"type":"Feature","geometry":{"type":"Point","coordinates":[77.6091639,12.9278312]},"properties":{"name":"Chikka Adugodi","operator":"BMTC","osm_id":12511444258}},{"type":"Feature","geometry":{"type":"Point","coordinates":[77.609227,12.9278212]},"properties":{"name":"Chikka Adugodi","operator":"BMTC","osm_id":12511444259}},{"type":"Feature","geometry":{"type":"Point","coordinates":[77.6098502,12.9310533]},"properties":{"name":"Suddaguntepalya","operator":"BMTC","osm_id":12511444260}},{"type":"Feature","geometry":{"type":"Point","coordinates":[77.5715225,12.9969892]},"properties":{"name":"Malleswaram Circle","operator":"BMTC","osm_id":12511727434}},{"type":"Feature","geometry":{"type":"Point","coordinates":[77.5779993,12.9944198]},"properties":{"name":"RMS Sheshadripuram","operator":"BMTC","osm_id":12511727435}},{"type":"Feature","geometry":{"type":"Point","coordinates":[77.5779618,12.9944632]},"properties":{"name":"RMS Sheshadripuram","operator":"BMTC","osm_id":12511727436}},{"type":"Feature","geometry":{"type":"Point","coordinates":[77.5296914,12.8611057]},"properties":{"name":"Silk Institute Metro Station","operator":"BMTC","osm_id":12511888189}},{"type":"Feature","geometry":{"type":"Point","coordinates":[77.5297183,12.8610895]},"properties":{"name":"Silk Institute Metro Station","operator":"BMTC","osm_id":12511888190}},{"type":"Feature","geometry":{"type":"Point","coordinates":[77.5840988,12.9977498]},"properties":{"name":"Guttahalli Underpass","operator":"BMTC","osm_id":12512417632}},{"type":"Feature","geometry":{"type":"Point","coordinates":[77.5841021,12.9977321]},"properties":{"name":"Guttahalli Underpass","operator":"BMTC","osm_id":12512417633}},{"type":"Feature","geometry":{"type":"Point","coordinates":[77.584791,12.9977878]},"properties":{"name":"Guttahalli Underpass","operator":"BMTC","osm_id":12512417634}},{"type":"Feature","geometry":{"type":"Point","coordinates":[77.5847941,12.997817]},"properties":{"name":"Guttahalli Underpass","operator":"BMTC","osm_id":12512417635}},{"type":"Feature","geometry":{"type":"Point","coordinates":[77.5827481,12.9992356]},"properties":{"name":"RM Guttahalli Post Office","operator":"BMTC","osm_id":12512417636}},{"type":"Feature","geometry":{"type":"Point","coordinates":[77.5827274,12.9992577]},"properties":{"name":"RM Guttahalli Post Office","operator":"BMTC","osm_id":12512417637}},{"type":"Feature","geometry":{"type":"Point","coordinates":[77.571683,12.9905573]},"properties":{"name":"Mantri Square Metro Station","operator":"BMTC","osm_id":12512417638}},{"type":"Feature","geometry":{"type":"Point","coordinates":[77.5716647,12.990554]},"properties":{"name":"Mantri Square Metro Station","operator":"BMTC","osm_id":12512417639}},{"type":"Feature","geometry":{"type":"Point","coordinates":[77.560491,12.9972417]},"properties":{"name":"Harishchandra Ghat","operator":"BMTC","osm_id":12512535280}},{"type":"Feature","geometry":{"type":"Point","coordinates":[77.5605112,12.9972821]},"properties":{"name":"Harishchandra Ghat","operator":"BMTC","osm_id":12512566601}},{"type":"Feature","geometry":{"type":"Point","coordinates":[77.6716182,12.8467448]},"properties":{"name":"Electronic City","operator":"BMTC","osm_id":12514041531}},{"type":"Feature","geometry":{"type":"Point","coordinates":[77.6715401,12.8466888]},"properties":{"name":"Electronic City","operator":"BMTC","osm_id":12514041532}},{"type":"Feature","geometry":{"type":"Point","coordinates":[77.6711384,12.847806]},"properties":{"name":"Electronic City","operator":"BMTC","osm_id":12514041582}},{"type":"Feature","geometry":{"type":"Point","coordinates":[77.502415,12.9899035]},"properties":{"name":"Sunkadakatte","operator":"BMTC","osm_id":12523178676}},{"type":"Feature","geometry":{"type":"Point","coordinates":[77.5023973,12.9899522]},"properties":{"name":"Sunkadakatte","operator":"BMTC","osm_id":12523178677}},{"type":"Feature","geometry":{"type":"Point","coordinates":[77.4932283,12.9876002]},"properties":{"name":"Herohalli Cross","operator":"BMTC","osm_id":12523178678}},{"type":"Feature","geometry":{"type":"Point","coordinates":[77.4794694,13.0000648]},"properties":{"name":"Lingadeeranahalli","operator":"BMTC","osm_id":12523178679}},{"type":"Feature","geometry":{"type":"Point","coordinates":[77.539867,13.0287619]},"properties":{"name":"Goraguntepalaya","operator":"BMTC","osm_id":12525728510}},{"type":"Feature","geometry":{"type":"Point","coordinates":[77.5849664,12.9774225]},"properties":{"name":"Maharani College","operator":"BMTC","osm_id":12526327042}},{"type":"Feature","geometry":{"type":"Point","coordinates":[77.5849181,12.9774564]},"properties":{"name":"Maharani College","operator":"BMTC","osm_id":12526327043}},{"type":"Feature","geometry":{"type":"Point","coordinates":[77.5745434,12.9817573]},"properties":{"name":"Ananda Rao Circle","operator":"BMTC","osm_id":12526337222}},{"type":"Feature","geometry":{"type":"Point","coordinates":[77.5745507,12.981686]},"properties":{"name":"Ananda Rao Circle","operator":"BMTC","osm_id":12526337223}},{"type":"Feature","geometry":{"type":"Point","coordinates":[77.574589,12.9816889]},"properties":{"name":"Ananda Rao Circle","operator":"BMTC","osm_id":12526337224}},{"type":"Feature","geometry":{"type":"Point","coordinates":[77.6082101,12.9950789]},"properties":{"name":"Coles Park","operator":"BMTC","osm_id":12531340553}},{"type":"Feature","geometry":{"type":"Point","coordinates":[77.7266513,12.9892717]},"properties":{"name":"Prestige Shantiniketan","operator":"BMTC","osm_id":12534145128}},{"type":"Feature","geometry":{"type":"Point","coordinates":[77.7266513,12.9892717]},"properties":{"name":"Prestige Shantiniketan","operator":"BMTC","osm_id":12534184755}},{"type":"Feature","geometry":{"type":"Point","coordinates":[77.5413847,13.0697553]},"properties":{"name":"Kuvempnagara 1st stage","operator":"BMTC","osm_id":12620870365}},{"type":"Feature","geometry":{"type":"Point","coordinates":[77.6266111,12.9375016]},"properties":{"name":"Sony World Signal","operator":"BMTC","osm_id":12621966843}},{"type":"Feature","geometry":{"type":"Point","coordinates":[77.6720227,12.8467776]},"properties":{"name":"KSRTC Pickup Point - Electronic City","operator":"BMTC","osm_id":12681590616}},{"type":"Feature","geometry":{"type":"Point","coordinates":[77.5837496,12.922535]},"properties":{"name":"Jayanagar 38th Cross","operator":"BMTC","osm_id":12684804810}},{"type":"Feature","geometry":{"type":"Point","coordinates":[77.5463255,13.0563105]},"properties":{"name":"Gangamma Circle","operator":"BMTC","osm_id":12688134101}},{"type":"Feature","geometry":{"type":"Point","coordinates":[77.5463245,13.0563254]},"properties":{"name":"Gangamma Circle","operator":"BMTC","osm_id":12688134102}},{"type":"Feature","geometry":{"type":"Point","coordinates":[77.5463423,13.0563278]},"properties":{"name":"Gangamma Circle","operator":"BMTC","osm_id":12688134103}},{"type":"Feature","geometry":{"type":"Point","coordinates":[77.5558571,13.0462602]},"properties":{"name":"BEL Circle","operator":"BMTC","osm_id":12688134107}},{"type":"Feature","geometry":{"type":"Point","coordinates":[77.5559208,13.0462704]},"properties":{"name":"BEL Circle","operator":"BMTC","osm_id":12688134108}},{"type":"Feature","geometry":{"type":"Point","coordinates":[77.5591641,13.0599082]},"properties":{"name":"Doddabommasandra","operator":"BMTC","osm_id":12698073337}},{"type":"Feature","geometry":{"type":"Point","coordinates":[77.6692287,12.996938]},"properties":{"name":"Tin Factory","operator":"BMTC","osm_id":12712321786}},{"type":"Feature","geometry":{"type":"Point","coordinates":[77.7452443,12.956268]},"properties":{"name":"Varthuru Kodi","operator":"BMTC","osm_id":12729312345}},{"type":"Feature","geometry":{"type":"Point","coordinates":[77.6369221,13.0213105]},"properties":{"name":"Jalavayu Vihara","operator":"BMTC","osm_id":12734401894}},{"type":"Feature","geometry":{"type":"Point","coordinates":[77.6425374,12.9852537]},"properties":{"name":"Isolation Hospital","operator":"BMTC","osm_id":12735728191}},{"type":"Feature","geometry":{"type":"Point","coordinates":[77.6425231,12.9852559]},"properties":{"name":"Isolation Hospital","operator":"BMTC","osm_id":12735728192}},{"type":"Feature","geometry":{"type":"Point","coordinates":[77.5558035,13.0859239]},"properties":{"name":"Jelly Machine Yalahanka","operator":"BMTC","osm_id":12805665276}},{"type":"Feature","geometry":{"type":"Point","coordinates":[77.5582234,13.0762237]},"properties":{"name":"Vidyaranyapura Post Office","operator":"BMTC","osm_id":12806363244}},{"type":"Feature","geometry":{"type":"Point","coordinates":[77.5799086,12.9537548]},"properties":{"name":"Bus Stop","operator":"BMTC","osm_id":12811796679}},{"type":"Feature","geometry":{"type":"Point","coordinates":[77.5290679,12.8600827]},"properties":{"name":"Jyothi Farm","operator":"BMTC","osm_id":12852317293}},{"type":"Feature","geometry":{"type":"Point","coordinates":[77.5290906,12.8600704]},"properties":{"name":"Jyothi Farm","operator":"BMTC","osm_id":12852317294}},{"type":"Feature","geometry":{"type":"Point","coordinates":[77.5332461,12.864708]},"properties":{"name":"Vajramuneshwara Gate","operator":"BMTC","osm_id":12852317295}},{"type":"Feature","geometry":{"type":"Point","coordinates":[77.5333004,12.8646641]},"properties":{"name":"Vajramuneshwara Gate","operator":"BMTC","osm_id":12852317296}},{"type":"Feature","geometry":{"type":"Point","coordinates":[77.536901,12.8694458]},"properties":{"name":"Thalaghattapura","operator":"BMTC","osm_id":12852317297}},{"type":"Feature","geometry":{"type":"Point","coordinates":[77.5369616,12.8693996]},"properties":{"name":"Thalaghattapura","operator":"BMTC","osm_id":12852317298}},{"type":"Feature","geometry":{"type":"Point","coordinates":[77.5437083,12.8755314]},"properties":{"name":"Bayyanapalya","operator":"BMTC","osm_id":12852317299}},{"type":"Feature","geometry":{"type":"Point","coordinates":[77.543757,12.8754829]},"properties":{"name":"Bayyanapalya","operator":"BMTC","osm_id":12852317300}},{"type":"Feature","geometry":{"type":"Point","coordinates":[77.5511773,12.8840566]},"properties":{"name":"Gubbalala Gate","operator":"BMTC","osm_id":12852349201}},{"type":"Feature","geometry":{"type":"Point","coordinates":[77.556698,12.8857861]},"properties":{"name":"Doddakallasandra","operator":"BMTC","osm_id":12852349202}},{"type":"Feature","geometry":{"type":"Point","coordinates":[77.5567047,12.8857647]},"properties":{"name":"Doddakallasandra","operator":"BMTC","osm_id":12852349203}},{"type":"Feature","geometry":{"type":"Point","coordinates":[77.5770404,12.9265076]},"properties":{"name":"Deepak Nursing Home","operator":"BMTC","osm_id":12917084001}},{"type":"Feature","geometry":{"type":"Point","coordinates":[77.5764426,12.9308214]},"properties":{"name":"Yediyuru","operator":"BMTC","osm_id":12917084114}},{"type":"Feature","geometry":{"type":"Point","coordinates":[77.5764424,12.9308067]},"properties":{"name":"Yediyuru","operator":"BMTC","osm_id":12917084115}},{"type":"Feature","geometry":{"type":"Point","coordinates":[77.577999,12.9308007]},"properties":{"name":"Jayanagar 6th Block","operator":"BMTC","osm_id":12917084116}},{"type":"Feature","geometry":{"type":"Point","coordinates":[77.5779987,12.9307772]},"properties":{"name":"Jayanagar 6th Block","operator":"BMTC","osm_id":12917084117}},{"type":"Feature","geometry":{"type":"Point","coordinates":[77.5783998,12.9308841]},"properties":{"name":"Jayanagar 6th Block","operator":"BMTC","osm_id":12917084118}},{"type":"Feature","geometry":{"type":"Point","coordinates":[77.5784004,12.9309387]},"properties":{"name":"Jayanagar 6th Block","operator":"BMTC","osm_id":12917084119}},{"type":"Feature","geometry":{"type":"Point","coordinates":[77.5763694,12.9301625]},"properties":{"name":"Yediyur","operator":"BMTC","osm_id":12917084122}},{"type":"Feature","geometry":{"type":"Point","coordinates":[77.5763445,12.9301531]},"properties":{"name":"Yediyur","operator":"BMTC","osm_id":12917084123}},{"type":"Feature","geometry":{"type":"Point","coordinates":[77.5165582,13.1036206]},"properties":{"name":"Kalathammanahalli","operator":"BMTC","osm_id":12951405510}},{"type":"Feature","geometry":{"type":"Point","coordinates":[77.6371883,13.0264383]},"properties":{"name":"Kalyan Nagar Junction","operator":"BMTC","osm_id":12952263207}},{"type":"Feature","geometry":{"type":"Point","coordinates":[77.5268859,13.0074142]},"properties":{"name":"Bus Stop","operator":"BMTC","osm_id":12955539269}},{"type":"Feature","geometry":{"type":"Point","coordinates":[77.5862814,13.0268237]},"properties":{"name":"CBI","operator":"BMTC","osm_id":12959628803}},{"type":"Feature","geometry":{"type":"Point","coordinates":[77.5862606,13.026863]},"properties":{"name":"CBI","operator":"BMTC","osm_id":12959628804}},{"type":"Feature","geometry":{"type":"Point","coordinates":[77.586225,13.0268361]},"properties":{"name":"CBI","operator":"BMTC","osm_id":12959628805}},{"type":"Feature","geometry":{"type":"Point","coordinates":[77.5865234,13.0268492]},"properties":{"name":"CBI","operator":"BMTC","osm_id":12959628806}},{"type":"Feature","geometry":{"type":"Point","coordinates":[77.5864724,13.0268113]},"properties":{"name":"CBI","operator":"BMTC","osm_id":12959628807}},{"type":"Feature","geometry":{"type":"Point","coordinates":[77.661288,13.0024523]},"properties":{"name":"Kasthurinagara","operator":"BMTC","osm_id":12974494634}},{"type":"Feature","geometry":{"type":"Point","coordinates":[77.6398487,13.0004061]},"properties":{"name":"Sathya Nagara","operator":"BMTC","osm_id":12981544253}},{"type":"Feature","geometry":{"type":"Point","coordinates":[77.639827,13.0003951]},"properties":{"name":"Sathya Nagara","operator":"BMTC","osm_id":12981544254}},{"type":"Feature","geometry":{"type":"Point","coordinates":[77.4924937,12.9874]},"properties":{"name":"Herohalli Cross","operator":"BMTC","osm_id":12981611946}},{"type":"Feature","geometry":{"type":"Point","coordinates":[77.4924724,12.9874647]},"properties":{"name":"Herohalli Cross","operator":"BMTC","osm_id":12981611947}},{"type":"Feature","geometry":{"type":"Point","coordinates":[77.4851531,12.9813585]},"properties":{"name":"Bharath Nagara 1st Phase","operator":"BMTC","osm_id":12981611994}},{"type":"Feature","geometry":{"type":"Point","coordinates":[77.4851178,12.9813678]},"properties":{"name":"Bharath Nagara 1st Phase","operator":"BMTC","osm_id":12981611995}},{"type":"Feature","geometry":{"type":"Point","coordinates":[77.505529,13.0455601]},"properties":{"name":"8th Mile Dasarahalli","operator":"BMTC","osm_id":12981629722}},{"type":"Feature","geometry":{"type":"Point","coordinates":[77.504852,13.0410321]},"properties":{"name":"Rukmini Nagara","operator":"BMTC","osm_id":12981629723}},{"type":"Feature","geometry":{"type":"Point","coordinates":[77.5041395,13.033767]},"properties":{"name":"HMT Layout","operator":"BMTC","osm_id":12981629724}},{"type":"Feature","geometry":{"type":"Point","coordinates":[77.5034853,13.0314658]},"properties":{"name":"Nelagedaranahalli","operator":"BMTC","osm_id":12981629725}},{"type":"Feature","geometry":{"type":"Point","coordinates":[77.499783,13.029731]},"properties":{"name":"Gruhalaxmi Layout","operator":"BMTC","osm_id":12981629726}},{"type":"Feature","geometry":{"type":"Point","coordinates":[77.4962229,13.028271]},"properties":{"name":"Ganga International School","operator":"BMTC","osm_id":12981629727}},{"type":"Feature","geometry":{"type":"Point","coordinates":[77.4962185,13.0282993]},"properties":{"name":"Ganga International School","operator":"BMTC","osm_id":12981629728}},{"type":"Feature","geometry":{"type":"Point","coordinates":[77.4937952,13.0276623]},"properties":{"name":"Indiranagara","operator":"BMTC","osm_id":12981629729}},{"type":"Feature","geometry":{"type":"Point","coordinates":[77.4889512,13.0261018]},"properties":{"name":"Siddhartha School Cross","operator":"BMTC","osm_id":12981629730}},{"type":"Feature","geometry":{"type":"Point","coordinates":[77.4889283,13.0261472]},"properties":{"name":"Siddhartha School Cross","operator":"BMTC","osm_id":12981629731}},{"type":"Feature","geometry":{"type":"Point","coordinates":[77.4866168,13.0250126]},"properties":{"name":"Kari Obanahalli","operator":"BMTC","osm_id":12981629732}},{"type":"Feature","geometry":{"type":"Point","coordinates":[77.4865981,13.0250536]},"properties":{"name":"Kari Obanahalli","operator":"BMTC","osm_id":12981629733}},{"type":"Feature","geometry":{"type":"Point","coordinates":[77.4841106,13.0157449]},"properties":{"name":"Garudappa Circle Thigalarapalya","operator":"BMTC","osm_id":12981629739}},{"type":"Feature","geometry":{"type":"Point","coordinates":[77.4840822,13.015734]},"properties":{"name":"Garudappa Circle Thigalarapalya","operator":"BMTC","osm_id":12981629740}},{"type":"Feature","geometry":{"type":"Point","coordinates":[77.4828739,13.00966]},"properties":{"name":"Andrahalli Government School","operator":"BMTC","osm_id":12981629763}},{"type":"Feature","geometry":{"type":"Point","coordinates":[77.4847834,13.008054]},"properties":{"name":"Andrahalli","operator":"BMTC","osm_id":12981629764}},{"type":"Feature","geometry":{"type":"Point","coordinates":[77.4847652,13.0080359]},"properties":{"name":"Andrahalli","operator":"BMTC","osm_id":12981629765}},{"type":"Feature","geometry":{"type":"Point","coordinates":[77.4882111,13.0023603]},"properties":{"name":"Acharya College","operator":"BMTC","osm_id":12981629770}},{"type":"Feature","geometry":{"type":"Point","coordinates":[77.488142,13.0023468]},"properties":{"name":"Acharya College","operator":"BMTC","osm_id":12981629771}},{"type":"Feature","geometry":{"type":"Point","coordinates":[77.4887857,12.9994304]},"properties":{"name":"Arch Lingadeeranahalli","operator":"BMTC","osm_id":12981629772}},{"type":"Feature","geometry":{"type":"Point","coordinates":[77.4887163,12.9994091]},"properties":{"name":"Arch Lingadeeranahalli","operator":"BMTC","osm_id":12981629773}},{"type":"Feature","geometry":{"type":"Point","coordinates":[77.4895384,12.9978986]},"properties":{"name":"Syndicate Bank Colony","operator":"BMTC","osm_id":12981629774}},{"type":"Feature","geometry":{"type":"Point","coordinates":[77.4885736,12.9933154]},"properties":{"name":"Venkateshwara Layout","operator":"BMTC","osm_id":12981629775}},{"type":"Feature","geometry":{"type":"Point","coordinates":[77.4874377,12.9904879]},"properties":{"name":"Herohalli","operator":"BMTC","osm_id":12981629776}},{"type":"Feature","geometry":{"type":"Point","coordinates":[77.4874399,12.9904626]},"properties":{"name":"Herohalli","operator":"BMTC","osm_id":12981629777}},{"type":"Feature","geometry":{"type":"Point","coordinates":[77.4878536,12.9746193]},"properties":{"name":"Gidadakonenahalli Cross","operator":"BMTC","osm_id":12981630860}},{"type":"Feature","geometry":{"type":"Point","coordinates":[77.4877942,12.9746219]},"properties":{"name":"Gidadakonenahalli Cross","operator":"BMTC","osm_id":12981630861}},{"type":"Feature","geometry":{"type":"Point","coordinates":[77.4882809,12.9712807]},"properties":{"name":"Muddinapalya Junction","operator":"BMTC","osm_id":12981630862}},{"type":"Feature","geometry":{"type":"Point","coordinates":[77.4882468,12.9712095]},"properties":{"name":"Muddinapalya Junction","operator":"BMTC","osm_id":12981630863}},{"type":"Feature","geometry":{"type":"Point","coordinates":[77.4963568,12.9700417]},"properties":{"name":"Annapoorneshwari Nagara Cross","operator":"BMTC","osm_id":12981630864}},{"type":"Feature","geometry":{"type":"Point","coordinates":[77.4963448,12.9699736]},"properties":{"name":"Annapoorneshwari Nagara Cross","operator":"BMTC","osm_id":12981630865}},{"type":"Feature","geometry":{"type":"Point","coordinates":[77.4993993,12.9691547]},"properties":{"name":"Nagarbhavi Vishweshwariah Sports Club","operator":"BMTC","osm_id":12981630874}},{"type":"Feature","geometry":{"type":"Point","coordinates":[77.4993612,12.9690723]},"properties":{"name":"Nagarbhavi Vishweshwariah Sports Club","operator":"BMTC","osm_id":12981630875}},{"type":"Feature","geometry":{"type":"Point","coordinates":[77.5023804,12.967811]},"properties":{"name":"ITI Layout","operator":"BMTC","osm_id":12981630902}},{"type":"Feature","geometry":{"type":"Point","coordinates":[77.5023634,12.9677746]},"properties":{"name":"ITI Layout","operator":"BMTC","osm_id":12981630903}},{"type":"Feature","geometry":{"type":"Point","coordinates":[77.5048976,12.9665838]},"properties":{"name":"Deepa Complex","operator":"BMTC","osm_id":12981630912}},{"type":"Feature","geometry":{"type":"Point","coordinates":[77.504949,12.9629652]},"properties":{"name":"Ambedkar Institute of Technology","operator":"BMTC","osm_id":12981630913}},{"type":"Feature","geometry":{"type":"Point","coordinates":[77.5049162,12.9629717]},"properties":{"name":"Ambedkar Institute of Technology","operator":"BMTC","osm_id":12981630914}},{"type":"Feature","geometry":{"type":"Point","coordinates":[77.5043766,12.9607467]},"properties":{"name":"Kengunte Circle","operator":"BMTC","osm_id":12981630915}},{"type":"Feature","geometry":{"type":"Point","coordinates":[77.5043313,12.9607599]},"properties":{"name":"Kengunte Circle","operator":"BMTC","osm_id":12981630916}},{"type":"Feature","geometry":{"type":"Point","coordinates":[77.5030999,12.9574651]},"properties":{"name":"Mallathalli Cross","operator":"BMTC","osm_id":12981630917}},{"type":"Feature","geometry":{"type":"Point","coordinates":[77.5030522,12.9574836]},"properties":{"name":"Mallathalli Cross","operator":"BMTC","osm_id":12981630918}},{"type":"Feature","geometry":{"type":"Point","coordinates":[77.4998029,12.9523715]},"properties":{"name":"University Quarters","operator":"BMTC","osm_id":12981630923}},{"type":"Feature","geometry":{"type":"Point","coordinates":[77.5011403,12.949147]},"properties":{"name":"BUC Admin Block","operator":"BMTC","osm_id":12981630924}},{"type":"Feature","geometry":{"type":"Point","coordinates":[77.5010908,12.9491271]},"properties":{"name":"BUC Admin Block","operator":"BMTC","osm_id":12981630925}},{"type":"Feature","geometry":{"type":"Point","coordinates":[77.5042516,12.9442912]},"properties":{"name":"BUC Library","operator":"BMTC","osm_id":12981630935}},{"type":"Feature","geometry":{"type":"Point","coordinates":[77.5042329,12.9442791]},"properties":{"name":"BUC Library","operator":"BMTC","osm_id":12981630936}},{"type":"Feature","geometry":{"type":"Point","coordinates":[77.5057027,12.9422115]},"properties":{"name":"BUC Ladies Hostel","operator":"BMTC","osm_id":12981630937}},{"type":"Feature","geometry":{"type":"Point","coordinates":[77.505647,12.942176]},"properties":{"name":"BUC Ladies Hostel","operator":"BMTC","osm_id":12981630942}},{"type":"Feature","geometry":{"type":"Point","coordinates":[77.5127796,12.9359199]},"properties":{"name":"Bengaluru University Gate","operator":"BMTC","osm_id":12981630951}},{"type":"Feature","geometry":{"type":"Point","coordinates":[77.5127142,12.9359016]},"properties":{"name":"Bengaluru University Gate","operator":"BMTC","osm_id":12981630952}},{"type":"Feature","geometry":{"type":"Point","coordinates":[77.5832935,12.8713756]},"properties":{"name":"BK Circle","operator":"BMTC","osm_id":12984944735}},{"type":"Feature","geometry":{"type":"Point","coordinates":[77.7525111,12.8830039]},"properties":{"name":"Dommasandra Circle","operator":"BMTC","osm_id":12989025954}},{"type":"Feature","geometry":{"type":"Point","coordinates":[77.7525549,12.8830212]},"properties":{"name":"Dommasandra Circle","operator":"BMTC","osm_id":12989025955}},{"type":"Feature","geometry":{"type":"Point","coordinates":[77.7496133,12.8917488]},"properties":{"name":"TISB","operator":"BMTC","osm_id":12989025990}},{"type":"Feature","geometry":{"type":"Point","coordinates":[77.7496755,12.8917607]},"properties":{"name":"TISB Boys Hostel","operator":"BMTC","osm_id":12989025991}},{"type":"Feature","geometry":{"type":"Point","coordinates":[77.7478175,12.9013706]},"properties":{"name":"Green Wood High School","operator":"BMTC","osm_id":12989025992}},{"type":"Feature","geometry":{"type":"Point","coordinates":[77.7478999,12.9013835]},"properties":{"name":"Green Wood High School","operator":"BMTC","osm_id":12989025993}},{"type":"Feature","geometry":{"type":"Point","coordinates":[77.7465325,12.906088]},"properties":{"name":"Heggondanahalli","operator":"BMTC","osm_id":12989026905}},{"type":"Feature","geometry":{"type":"Point","coordinates":[77.7465615,12.9060961]},"properties":{"name":"Heggondanahalli","operator":"BMTC","osm_id":12989026906}},{"type":"Feature","geometry":{"type":"Point","coordinates":[77.7516718,12.979957]},"properties":{"name":"Coffee Day Hope Farm","operator":"BMTC","osm_id":12989026907}},{"type":"Feature","geometry":{"type":"Point","coordinates":[77.7517086,12.9799512]},"properties":{"name":"Coffee Day Hope Farm","operator":"BMTC","osm_id":12989026908}},{"type":"Feature","geometry":{"type":"Point","coordinates":[77.7578103,12.9945193]},"properties":{"name":"Kadugodi Bridge","operator":"BMTC","osm_id":12989026909}},{"type":"Feature","geometry":{"type":"Point","coordinates":[77.7576413,13.001271]},"properties":{"name":"Sathya Sai Baba Mandir","operator":"BMTC","osm_id":12989026910}},{"type":"Feature","geometry":{"type":"Point","coordinates":[77.7576819,13.0012792]},"properties":{"name":"Sathya Sai Baba Mandir","operator":"BMTC","osm_id":12989026911}},{"type":"Feature","geometry":{"type":"Point","coordinates":[77.7570683,13.0040067]},"properties":{"name":"Belathur","operator":"BMTC","osm_id":12989026912}},{"type":"Feature","geometry":{"type":"Point","coordinates":[77.757116,13.0040142]},"properties":{"name":"Belathur","operator":"BMTC","osm_id":12989026913}},{"type":"Feature","geometry":{"type":"Point","coordinates":[77.7622223,13.0178879]},"properties":{"name":"Shell Petrol Bank","operator":"BMTC","osm_id":12989026914}},{"type":"Feature","geometry":{"type":"Point","coordinates":[77.7620623,13.0218295]},"properties":{"name":"Chaitanya Samarpan Apartment","operator":"BMTC","osm_id":12989026922}},{"type":"Feature","geometry":{"type":"Point","coordinates":[77.7621464,13.0218371]},"properties":{"name":"Chaitanya Samarpan Apartment","operator":"BMTC","osm_id":12989026923}},{"type":"Feature","geometry":{"type":"Point","coordinates":[77.7617897,13.0247481]},"properties":{"name":"Sai Lakshmi Industries","operator":"BMTC","osm_id":12989027154}},{"type":"Feature","geometry":{"type":"Point","coordinates":[77.7604688,13.027913]},"properties":{"name":"Bevina Mara Kannamangala","operator":"BMTC","osm_id":12989027161}},{"type":"Feature","geometry":{"type":"Point","coordinates":[77.7605227,13.0279401]},"properties":{"name":"Bevina Mara Kannamangala","operator":"BMTC","osm_id":12989027162}},{"type":"Feature","geometry":{"type":"Point","coordinates":[77.7587249,13.0322787]},"properties":{"name":"Kannamangala Gate","operator":"BMTC","osm_id":12989027163}},{"type":"Feature","geometry":{"type":"Point","coordinates":[77.7590686,13.034698]},"properties":{"name":"Khaji Sonnenahalli Gate","operator":"BMTC","osm_id":12989027164}},{"type":"Feature","geometry":{"type":"Point","coordinates":[77.7591186,13.0346865]},"properties":{"name":"Khaji Sonnenahalli Gate","operator":"BMTC","osm_id":12989027165}},{"type":"Feature","geometry":{"type":"Point","coordinates":[77.7598089,13.0379112]},"properties":{"name":"Safal Market","operator":"BMTC","osm_id":12989027171}},{"type":"Feature","geometry":{"type":"Point","coordinates":[77.7598598,13.0379012]},"properties":{"name":"Safal Market","operator":"BMTC","osm_id":12989027172}},{"type":"Feature","geometry":{"type":"Point","coordinates":[77.7604514,13.044071]},"properties":{"name":"Gorivegere Gate","operator":"BMTC","osm_id":12989027173}},{"type":"Feature","geometry":{"type":"Point","coordinates":[77.7604855,13.0440731]},"properties":{"name":"Gorivegere Gate","operator":"BMTC","osm_id":12989027174}},{"type":"Feature","geometry":{"type":"Point","coordinates":[77.7607185,13.047903]},"properties":{"name":"Sannathammanahalli","operator":"BMTC","osm_id":12989027175}},{"type":"Feature","geometry":{"type":"Point","coordinates":[77.7620071,13.0530682]},"properties":{"name":"Katamanallur Gate","operator":"BMTC","osm_id":12989027176}},{"type":"Feature","geometry":{"type":"Point","coordinates":[77.7505035,13.0464358]},"properties":{"name":"Budigere Cross","operator":"BMTC","osm_id":12989027194}},{"type":"Feature","geometry":{"type":"Point","coordinates":[77.7566385,13.0507872]},"properties":{"name":"Sapthagiri Convention Hall","operator":"BMTC","osm_id":12989027195}},{"type":"Feature","geometry":{"type":"Point","coordinates":[77.7566129,13.0508236]},"properties":{"name":"Sapthagiri Convention Hall","operator":"BMTC","osm_id":12989027196}},{"type":"Feature","geometry":{"type":"Point","coordinates":[77.4615575,12.9325929]},"properties":{"name":"Ramasandra Cross","operator":"BMTC","osm_id":12989264993}},{"type":"Feature","geometry":{"type":"Point","coordinates":[77.465391,12.9297361]},"properties":{"name":"Kommaghatta","operator":"BMTC","osm_id":12989264994}},{"type":"Feature","geometry":{"type":"Point","coordinates":[77.472936,12.9234498]},"properties":{"name":"Kengeri Club","operator":"BMTC","osm_id":12989265003}},{"type":"Feature","geometry":{"type":"Point","coordinates":[77.4746403,12.9223789]},"properties":{"name":"Beedi Karmikara Colony Gate","operator":"BMTC","osm_id":12989265004}},{"type":"Feature","geometry":{"type":"Point","coordinates":[77.4768275,12.9198652]},"properties":{"name":"Kengeri Bande Mata","operator":"BMTC","osm_id":12989265005}},{"type":"Feature","geometry":{"type":"Point","coordinates":[77.4797622,12.9160663]},"properties":{"name":"Robin Talkies","operator":"BMTC","osm_id":12989265006}},{"type":"Feature","geometry":{"type":"Point","coordinates":[77.4814366,12.9143718]},"properties":{"name":"Kommaghatta Junction","operator":"BMTC","osm_id":12989265007}},{"type":"Feature","geometry":{"type":"Point","coordinates":[77.4813909,12.9143883]},"properties":{"name":"Kommaghatta Junction","operator":"BMTC","osm_id":12989265008}},{"type":"Feature","geometry":{"type":"Point","coordinates":[77.4804406,12.9116345]},"properties":{"name":"Kengeri Ganesha Temple","operator":"BMTC","osm_id":12989265009}},{"type":"Feature","geometry":{"type":"Point","coordinates":[77.4804039,12.9116465]},"properties":{"name":"Kengeri Ganesha Temple","operator":"BMTC","osm_id":12989265010}},{"type":"Feature","geometry":{"type":"Point","coordinates":[77.4831112,12.9607653]},"properties":{"name":"Upkar Residency Layout","operator":"BMTC","osm_id":12989273924}},{"type":"Feature","geometry":{"type":"Point","coordinates":[77.4878099,12.9663379]},"properties":{"name":"Muddinapalya","operator":"BMTC","osm_id":12989273925}},{"type":"Feature","geometry":{"type":"Point","coordinates":[77.5049905,12.9603128]},"properties":{"name":"Kengunte Circle","operator":"BMTC","osm_id":12989273926}},{"type":"Feature","geometry":{"type":"Point","coordinates":[77.5049897,12.9602851]},"properties":{"name":"Kengunte Circle","operator":"BMTC","osm_id":12989273927}},{"type":"Feature","geometry":{"type":"Point","coordinates":[77.5074221,12.9606361]},"properties":{"name":"Vinayaka Layout Nagarbhavi","operator":"BMTC","osm_id":12989273928}},{"type":"Feature","geometry":{"type":"Point","coordinates":[77.5099744,12.9610165]},"properties":{"name":"NGEF Layout Nagarbhavi","operator":"BMTC","osm_id":12989273929}},{"type":"Feature","geometry":{"type":"Point","coordinates":[77.5140431,12.9601605]},"properties":{"name":"12th Block Nagarbhavi","operator":"BMTC","osm_id":12989273930}},{"type":"Feature","geometry":{"type":"Point","coordinates":[77.5140361,12.9601427]},"properties":{"name":"12th Block Nagarbhavi","operator":"BMTC","osm_id":12989273931}},{"type":"Feature","geometry":{"type":"Point","coordinates":[77.5167294,12.9588869]},"properties":{"name":"Nagarbhavi Village","operator":"BMTC","osm_id":12989273932}},{"type":"Feature","geometry":{"type":"Point","coordinates":[77.5217683,12.9592235]},"properties":{"name":"Jyothi Nagara","operator":"BMTC","osm_id":12989273933}},{"type":"Feature","geometry":{"type":"Point","coordinates":[77.5217669,12.9592141]},"properties":{"name":"Jyothi Nagara","operator":"BMTC","osm_id":12989273934}},{"type":"Feature","geometry":{"type":"Point","coordinates":[77.5264024,12.9581961]},"properties":{"name":"Chandra Layout Circle","operator":"BMTC","osm_id":12989273935}},{"type":"Feature","geometry":{"type":"Point","coordinates":[77.526391,12.9581731]},"properties":{"name":"Chandra Layout Circle","operator":"BMTC","osm_id":12989273936}},{"type":"Feature","geometry":{"type":"Point","coordinates":[77.5286351,12.9577351]},"properties":{"name":"Ganesha Temple Chandra Layout","operator":"BMTC","osm_id":12989273941}},{"type":"Feature","geometry":{"type":"Point","coordinates":[77.5286803,12.9577209]},"properties":{"name":"Ganesha Temple Chandra Layout","operator":"BMTC","osm_id":12989273942}},{"type":"Feature","geometry":{"type":"Point","coordinates":[77.5295505,12.9603053]},"properties":{"name":"Chandra Public School","operator":"BMTC","osm_id":12989273943}},{"type":"Feature","geometry":{"type":"Point","coordinates":[77.5295748,12.9602969]},"properties":{"name":"Chandra Public School","operator":"BMTC","osm_id":12989273944}},{"type":"Feature","geometry":{"type":"Point","coordinates":[77.531505,12.9599963]},"properties":{"name":"Income Tax Layout","operator":"BMTC","osm_id":12989273945}},{"type":"Feature","geometry":{"type":"Point","coordinates":[77.5314765,12.9599323]},"properties":{"name":"Income Tax Layout","operator":"BMTC","osm_id":12989273946}},{"type":"Feature","geometry":{"type":"Point","coordinates":[77.5513532,12.9741112]},"properties":{"name":"Prasanna Talkies","operator":"BMTC","osm_id":12989273947}},{"type":"Feature","geometry":{"type":"Point","coordinates":[77.5537605,12.9796725]},"properties":{"name":"6th Block Rajajinagara","operator":"BMTC","osm_id":12989273948}},{"type":"Feature","geometry":{"type":"Point","coordinates":[77.5538112,12.9796559]},"properties":{"name":"6th Block Rajajinagara","operator":"BMTC","osm_id":12989273949}},{"type":"Feature","geometry":{"type":"Point","coordinates":[77.5580989,12.9806538]},"properties":{"name":"Gopalapura","operator":"BMTC","osm_id":12989273950}},{"type":"Feature","geometry":{"type":"Point","coordinates":[77.7461998,12.9376094]},"properties":{"name":"Varthuru Police Station","operator":"BMTC","osm_id":12997705404}},{"type":"Feature","geometry":{"type":"Point","coordinates":[77.7428051,12.9330665]},"properties":{"name":"KK School, Varthur","operator":"BMTC","osm_id":12997705844}},{"type":"Feature","geometry":{"type":"Point","coordinates":[77.742746,12.9330941]},"properties":{"name":"KK School, Varthur","operator":"BMTC","osm_id":12997705845}},{"type":"Feature","geometry":{"type":"Point","coordinates":[77.742744,12.9329545]},"properties":{"name":"KK School, Varthur","operator":"BMTC","osm_id":12997705846}},{"type":"Feature","geometry":{"type":"Point","coordinates":[77.5851505,12.9424571]},"properties":{"name":"Ashoka Pillar","operator":"BMTC","osm_id":12999114793}},{"type":"Feature","geometry":{"type":"Point","coordinates":[77.6547796,12.9767395]},"properties":{"name":"Geetanjali Layout","operator":"BMTC","osm_id":13016547162}},{"type":"Feature","geometry":{"type":"Point","coordinates":[77.6547468,12.9767102]},"properties":{"name":"Geetanjali Layout","operator":"BMTC","osm_id":13016547163}},{"type":"Feature","geometry":{"type":"Point","coordinates":[77.6463813,12.9786144]},"properties":{"name":"Chinmaya Mission Hospital","operator":"BMTC","osm_id":13016547164}},{"type":"Feature","geometry":{"type":"Point","coordinates":[77.6463796,12.9786522]},"properties":{"name":"Chinmaya Mission Hospital","operator":"BMTC","osm_id":13016547165}},{"type":"Feature","geometry":{"type":"Point","coordinates":[77.650244,12.9820546]},"properties":{"name":"GTRE Engine Division","operator":"BMTC","osm_id":13016547166}},{"type":"Feature","geometry":{"type":"Point","coordinates":[77.6502239,12.9820428]},"properties":{"name":"GTRE Engine Division","operator":"BMTC","osm_id":13016547167}},{"type":"Feature","geometry":{"type":"Point","coordinates":[77.6567531,12.9807418]},"properties":{"name":"Bagmane Tech Park","operator":"BMTC","osm_id":13016547169}},{"type":"Feature","geometry":{"type":"Point","coordinates":[77.6609234,12.9839465]},"properties":{"name":"DRDO Quarters","operator":"BMTC","osm_id":13016547170}},{"type":"Feature","geometry":{"type":"Point","coordinates":[77.5988844,13.098734]},"properties":{"name":"Kempegowda-Yelahanka","operator":"BMTC","osm_id":13017482821}},{"type":"Feature","geometry":{"type":"Point","coordinates":[77.7704215,13.0592736]},"properties":{"name":"Hosakote Toll","operator":"BMTC","osm_id":13019311941}},{"type":"Feature","geometry":{"type":"Point","coordinates":[77.7703768,13.0593106]},"properties":{"name":"Hosakote Toll","operator":"BMTC","osm_id":13019311942}},{"type":"Feature","geometry":{"type":"Point","coordinates":[77.6952901,13.0083742]},"properties":{"name":"KR Pura Market","operator":"BMTC","osm_id":13019311943}},{"type":"Feature","geometry":{"type":"Point","coordinates":[77.5835475,12.9274788]},"properties":{"name":"Jayanagar TTMC","operator":"BMTC","osm_id":13020103081}},{"type":"Feature","geometry":{"type":"Point","coordinates":[77.5800085,13.1105334]},"properties":{"name":"Puttenahalli","operator":"BMTC","osm_id":13020305520}},{"type":"Feature","geometry":{"type":"Point","coordinates":[77.5821286,13.106017]},"properties":{"name":"Wheel And Axle Plant","operator":"BMTC","osm_id":13020305521}},{"type":"Feature","geometry":{"type":"Point","coordinates":[77.5937177,13.0865152]},"properties":{"name":"Allalasandra Gate","operator":"BMTC","osm_id":13020305522}},{"type":"Feature","geometry":{"type":"Point","coordinates":[77.6770903,13.0001013]},"properties":{"name":"KR Pura Metro Station","operator":"BMTC","osm_id":13020309804}},{"type":"Feature","geometry":{"type":"Point","coordinates":[77.6770943,13.0000391]},"properties":{"name":"KR Pura Metro Station","operator":"BMTC","osm_id":13020309805}},{"type":"Feature","geometry":{"type":"Point","coordinates":[77.4652186,12.977282]},"properties":{"name":"Yale Kodigehalli","operator":"BMTC","osm_id":13020365385}},{"type":"Feature","geometry":{"type":"Point","coordinates":[77.4683644,12.9827664]},"properties":{"name":"Yale Kodigehalli Colony","operator":"BMTC","osm_id":13020365386}},{"type":"Feature","geometry":{"type":"Point","coordinates":[77.468411,12.98274]},"properties":{"name":"Yale Kodigehalli Colony","operator":"BMTC","osm_id":13020365387}},{"type":"Feature","geometry":{"type":"Point","coordinates":[77.4726045,12.9886038]},"properties":{"name":"Gollarahatti","operator":"BMTC","osm_id":13020365388}},{"type":"Feature","geometry":{"type":"Point","coordinates":[77.4725886,12.9885723]},"properties":{"name":"Gollarahatti","operator":"BMTC","osm_id":13020365389}},{"type":"Feature","geometry":{"type":"Point","coordinates":[77.4795802,12.9855381]},"properties":{"name":"College Cross Byadarahalli","operator":"BMTC","osm_id":13020365390}},{"type":"Feature","geometry":{"type":"Point","coordinates":[77.4795744,12.9855091]},"properties":{"name":"College Cross Byadarahalli","operator":"BMTC","osm_id":13020365391}},{"type":"Feature","geometry":{"type":"Point","coordinates":[77.4818856,12.9850888]},"properties":{"name":"Byadarahalli","operator":"BMTC","osm_id":13020365392}},{"type":"Feature","geometry":{"type":"Point","coordinates":[77.481873,12.9850165]},"properties":{"name":"Byadarahalli","operator":"BMTC","osm_id":13020365393}},{"type":"Feature","geometry":{"type":"Point","coordinates":[77.4863859,12.9855483]},"properties":{"name":"East West College Cross","operator":"BMTC","osm_id":13020365394}},{"type":"Feature","geometry":{"type":"Point","coordinates":[77.488444,12.9861319]},"properties":{"name":"Anjananagara","operator":"BMTC","osm_id":13020365395}},{"type":"Feature","geometry":{"type":"Point","coordinates":[77.4884525,12.9860998]},"properties":{"name":"Anjananagara","operator":"BMTC","osm_id":13020365396}},{"type":"Feature","geometry":{"type":"Point","coordinates":[77.4932408,12.9875144]},"properties":{"name":"Herohalli Cross","operator":"BMTC","osm_id":13020365397}},{"type":"Feature","geometry":{"type":"Point","coordinates":[77.4932536,12.987472]},"properties":{"name":"Herohalli Cross","operator":"BMTC","osm_id":13020365398}},{"type":"Feature","geometry":{"type":"Point","coordinates":[77.4991627,12.9888334]},"properties":{"name":"Janapriya Apartment","operator":"BMTC","osm_id":13020365399}},{"type":"Feature","geometry":{"type":"Point","coordinates":[77.4991626,12.9887853]},"properties":{"name":"Janapriya Apartment","operator":"BMTC","osm_id":13020365400}},{"type":"Feature","geometry":{"type":"Point","coordinates":[77.569099,13.1353982]},"properties":{"name":"Avalahalli","operator":"BMTC","osm_id":13020380235}},{"type":"Feature","geometry":{"type":"Point","coordinates":[77.5750068,13.1237224]},"properties":{"name":"CRPF","operator":"BMTC","osm_id":13020380236}},{"type":"Feature","geometry":{"type":"Point","coordinates":[77.5790336,13.114593]},"properties":{"name":"Ananthapura Gate","operator":"BMTC","osm_id":13020380237}},{"type":"Feature","geometry":{"type":"Point","coordinates":[77.5789905,13.1145738]},"properties":{"name":"Ananthapura Gate","operator":"BMTC","osm_id":13020380238}},{"type":"Feature","geometry":{"type":"Point","coordinates":[77.4995245,12.9933349]},"properties":{"name":"Vigneshwara Nagara","operator":"BMTC","osm_id":13020406481}},{"type":"Feature","geometry":{"type":"Point","coordinates":[77.5025178,12.9958696]},"properties":{"name":"Neelagiri Thopu","operator":"BMTC","osm_id":13020406482}},{"type":"Feature","geometry":{"type":"Point","coordinates":[77.5041228,12.9997528]},"properties":{"name":"Hegganahalli Cross","operator":"BMTC","osm_id":13020406483}},{"type":"Feature","geometry":{"type":"Point","coordinates":[77.5047469,13.0038168]},"properties":{"name":"Hegganahalli","operator":"BMTC","osm_id":13020406485}},{"type":"Feature","geometry":{"type":"Point","coordinates":[77.5055865,13.007577]},"properties":{"name":"Milk Dairy Hegganahalli","operator":"BMTC","osm_id":13020406486}},{"type":"Feature","geometry":{"type":"Point","coordinates":[77.5056374,13.0075671]},"properties":{"name":"Milk Dairy Hegganahalli","operator":"BMTC","osm_id":13020406487}},{"type":"Feature","geometry":{"type":"Point","coordinates":[77.5090508,13.0141168]},"properties":{"name":"Rajagopalanagar Rajni Farms","operator":"BMTC","osm_id":13020406488}},{"type":"Feature","geometry":{"type":"Point","coordinates":[77.50572,13.0164496]},"properties":{"name":"Peenya 14th Cross","operator":"BMTC","osm_id":13020406489}},{"type":"Feature","geometry":{"type":"Point","coordinates":[77.5080722,13.0202654]},"properties":{"name":"Brundavana Peenya 2nd Stage","operator":"BMTC","osm_id":13020406490}},{"type":"Feature","geometry":{"type":"Point","coordinates":[77.5110598,13.0248896]},"properties":{"name":"NTTF Peenya","operator":"BMTC","osm_id":13020406491}},{"type":"Feature","geometry":{"type":"Point","coordinates":[77.5111105,13.024871]},"properties":{"name":"NTTF Peenya","operator":"BMTC","osm_id":13020406492}},{"type":"Feature","geometry":{"type":"Point","coordinates":[77.5147295,13.0264921]},"properties":{"name":"Rolling Mill","operator":"BMTC","osm_id":13020406493}},{"type":"Feature","geometry":{"type":"Point","coordinates":[77.5147408,13.0264677]},"properties":{"name":"Rolling Mill","operator":"BMTC","osm_id":13020406494}},{"type":"Feature","geometry":{"type":"Point","coordinates":[77.5197196,13.0286746]},"properties":{"name":"TVS Cross Peenya","operator":"BMTC","osm_id":13020406495}},{"type":"Feature","geometry":{"type":"Point","coordinates":[77.5197794,13.0287032]},"properties":{"name":"TVS Cross Peenya","operator":"BMTC","osm_id":13020406496}},{"type":"Feature","geometry":{"type":"Point","coordinates":[77.518149,13.0354466]},"properties":{"name":"Systems Peenya","operator":"BMTC","osm_id":13020406497}},{"type":"Feature","geometry":{"type":"Point","coordinates":[77.5839524,12.9998796]},"properties":{"name":"RM Guttahalli","operator":"BMTC","osm_id":13020763140}},{"type":"Feature","geometry":{"type":"Point","coordinates":[77.5957807,12.9502567]},"properties":{"name":"Wilson Garden Police Station","operator":"BMTC","osm_id":13020763141}},{"type":"Feature","geometry":{"type":"Point","coordinates":[77.5522768,12.8846027]},"properties":{"name":"Doddakallasandra Metro Station","operator":"BMTC","osm_id":13020763143}},{"type":"Feature","geometry":{"type":"Point","coordinates":[77.5522663,12.8846358]},"properties":{"name":"Doddakallasandra Metro Station","operator":"BMTC","osm_id":13020763144}},{"type":"Feature","geometry":{"type":"Point","coordinates":[77.544516,12.8771135]},"properties":{"name":"Vajarahalli Metro Station","operator":"BMTC","osm_id":13020763145}},{"type":"Feature","geometry":{"type":"Point","coordinates":[77.5444517,12.8771394]},"properties":{"name":"Vajarahalli Metro Station","operator":"BMTC","osm_id":13020763146}},{"type":"Feature","geometry":{"type":"Point","coordinates":[77.5365838,12.8692635]},"properties":{"name":"Thalaghattapura","operator":"BMTC","osm_id":13020763147}},{"type":"Feature","geometry":{"type":"Point","coordinates":[77.5298923,12.86201]},"properties":{"name":"Silk Institute Metro Station","operator":"BMTC","osm_id":13020763148}},{"type":"Feature","geometry":{"type":"Point","coordinates":[77.5299396,12.8619812]},"properties":{"name":"Silk Institute Metro Station","operator":"BMTC","osm_id":13020763149}},{"type":"Feature","geometry":{"type":"Point","coordinates":[77.5159158,12.8367858]},"properties":{"name":"Shanimahathma Temple","operator":"BMTC","osm_id":13020763150}},{"type":"Feature","geometry":{"type":"Point","coordinates":[77.6203679,13.0613252]},"properties":{"name":"Mestripalya","operator":"BMTC","osm_id":13043333368}},{"type":"Feature","geometry":{"type":"Point","coordinates":[77.6500714,12.8829318]},"properties":{"name":"AECS Layout Singasandra","operator":"BMTC","osm_id":13048329096}},{"type":"Feature","geometry":{"type":"Point","coordinates":[77.6500831,12.8829572]},"properties":{"name":"AECS Layout Singasandra","operator":"BMTC","osm_id":13048329097}},{"type":"Feature","geometry":{"type":"Point","coordinates":[77.6490418,12.8896242]},"properties":{"name":"Kudlu Panchayath Office","operator":"BMTC","osm_id":13048329098}},{"type":"Feature","geometry":{"type":"Point","coordinates":[77.6490618,12.8896572]},"properties":{"name":"Kudlu Panchayath Office","operator":"BMTC","osm_id":13048329099}},{"type":"Feature","geometry":{"type":"Point","coordinates":[77.6462926,12.8903278]},"properties":{"name":"BTR Garden","operator":"BMTC","osm_id":13048329100}},{"type":"Feature","geometry":{"type":"Point","coordinates":[77.6462978,12.890354]},"properties":{"name":"BTR Garden","operator":"BMTC","osm_id":13048335801}},{"type":"Feature","geometry":{"type":"Point","coordinates":[77.7285205,12.8923039]},"properties":{"name":"Sulikunte","operator":"BMTC","osm_id":13061996464}},{"type":"Feature","geometry":{"type":"Point","coordinates":[77.7338236,12.8709825]},"properties":{"name":"Kammasandra Gate","operator":"BMTC","osm_id":13061996465}},{"type":"Feature","geometry":{"type":"Point","coordinates":[77.7337381,12.8709829]},"properties":{"name":"Kammasandra Gate","operator":"BMTC","osm_id":13061996466}},{"type":"Feature","geometry":{"type":"Point","coordinates":[77.7325556,12.8653755]},"properties":{"name":"Harohalli Gate","operator":"BMTC","osm_id":13061996467}},{"type":"Feature","geometry":{"type":"Point","coordinates":[77.7324986,12.8653963]},"properties":{"name":"Harohalli Gate","operator":"BMTC","osm_id":13061996468}},{"type":"Feature","geometry":{"type":"Point","coordinates":[77.7321829,12.8613977]},"properties":{"name":"Head Start School Gate","operator":"BMTC","osm_id":13061996469}},{"type":"Feature","geometry":{"type":"Point","coordinates":[77.731235,12.8559919]},"properties":{"name":"Kaggalipura Gate","operator":"BMTC","osm_id":13061996470}},{"type":"Feature","geometry":{"type":"Point","coordinates":[77.7311897,12.8560113]},"properties":{"name":"Kaggalipura Gate","operator":"BMTC","osm_id":13061996471}},{"type":"Feature","geometry":{"type":"Point","coordinates":[77.7299056,12.8525462]},"properties":{"name":"Gopasandra Gate","operator":"BMTC","osm_id":13061996472}},{"type":"Feature","geometry":{"type":"Point","coordinates":[77.7298701,12.852638]},"properties":{"name":"Gopasandra Gate","operator":"BMTC","osm_id":13061996473}},{"type":"Feature","geometry":{"type":"Point","coordinates":[77.7273607,12.8431611]},"properties":{"name":"Muttanalluru Junction","operator":"BMTC","osm_id":13061996474}},{"type":"Feature","geometry":{"type":"Point","coordinates":[77.7273959,12.8432026]},"properties":{"name":"Muttanalluru Junction","operator":"BMTC","osm_id":13061996475}},{"type":"Feature","geometry":{"type":"Point","coordinates":[77.7122721,12.8546777]},"properties":{"name":"Chinthala Madivala","operator":"BMTC","osm_id":13061996476}},{"type":"Feature","geometry":{"type":"Point","coordinates":[77.7052711,12.8614314]},"properties":{"name":"Huskur","operator":"BMTC","osm_id":13061996477}},{"type":"Feature","geometry":{"type":"Point","coordinates":[77.7052689,12.8615602]},"properties":{"name":"Huskur","operator":"BMTC","osm_id":13061996478}},{"type":"Feature","geometry":{"type":"Point","coordinates":[77.703754,12.8593467]},"properties":{"name":"Chikka Nagamangala Gate","operator":"BMTC","osm_id":13061996479}},{"type":"Feature","geometry":{"type":"Point","coordinates":[77.7036998,12.8593846]},"properties":{"name":"Chikka Nagamangala Gate","operator":"BMTC","osm_id":13061996480}},{"type":"Feature","geometry":{"type":"Point","coordinates":[77.6998985,12.8547029]},"properties":{"name":"Sumuka Layout","operator":"BMTC","osm_id":13061996481}},{"type":"Feature","geometry":{"type":"Point","coordinates":[77.6998562,12.8547483]},"properties":{"name":"Sumuka Layout","operator":"BMTC","osm_id":13061996482}},{"type":"Feature","geometry":{"type":"Point","coordinates":[77.6925091,12.8489789]},"properties":{"name":"Depot 38 Gate","operator":"BMTC","osm_id":13061996483}},{"type":"Feature","geometry":{"type":"Point","coordinates":[77.6924747,12.8490031]},"properties":{"name":"Depot 38 Gate","operator":"BMTC","osm_id":13061996484}},{"type":"Feature","geometry":{"type":"Point","coordinates":[77.6908976,12.8474372]},"properties":{"name":"Doddamma Temple","operator":"BMTC","osm_id":13061996485}},{"type":"Feature","geometry":{"type":"Point","coordinates":[77.6871499,12.8425586]},"properties":{"name":"Singena Agrahara Fruit Market","operator":"BMTC","osm_id":13061996486}},{"type":"Feature","geometry":{"type":"Point","coordinates":[77.6871157,12.8425831]},"properties":{"name":"Singena Agrahara Fruit Market","operator":"BMTC","osm_id":13061996487}},{"type":"Feature","geometry":{"type":"Point","coordinates":[77.6790201,12.8372715]},"properties":{"name":"Huskur Gate","operator":"BMTC","osm_id":13061996488}},{"type":"Feature","geometry":{"type":"Point","coordinates":[77.677166,12.8399443]},"properties":{"name":"Veerasandra","operator":"BMTC","osm_id":13061996489}},{"type":"Feature","geometry":{"type":"Point","coordinates":[77.6771392,12.8399235]},"properties":{"name":"Veerasandra","operator":"BMTC","osm_id":13061996490}},{"type":"Feature","geometry":{"type":"Point","coordinates":[77.657757,12.8511533]},"properties":{"name":"Velankani Drive","operator":"BMTC","osm_id":13061996491}},{"type":"Feature","geometry":{"type":"Point","coordinates":[77.6599864,12.8450932]},"properties":{"name":"BHEL","operator":"BMTC","osm_id":13061996492}},{"type":"Feature","geometry":{"type":"Point","coordinates":[77.6599831,12.8450668]},"properties":{"name":"BHEL","operator":"BMTC","osm_id":13061996493}},{"type":"Feature","geometry":{"type":"Point","coordinates":[77.6841217,12.9108872]},"properties":{"name":"Moori Gate","operator":"BMTC","osm_id":13062011329}},{"type":"Feature","geometry":{"type":"Point","coordinates":[77.7126526,12.8991071]},"properties":{"name":"Ambedkar Nagara","operator":"BMTC","osm_id":13062011331}},{"type":"Feature","geometry":{"type":"Point","coordinates":[77.7131919,12.8991373]},"properties":{"name":"Ambedkar Nagara","operator":"BMTC","osm_id":13062011332}},{"type":"Feature","geometry":{"type":"Point","coordinates":[77.6897782,12.9088018]},"properties":{"name":"Radhareddy Layout","operator":"BMTC","osm_id":13062011333}},{"type":"Feature","geometry":{"type":"Point","coordinates":[77.6897992,12.9088452]},"properties":{"name":"Radhareddy Layout","operator":"BMTC","osm_id":13062011334}},{"type":"Feature","geometry":{"type":"Point","coordinates":[77.6760149,12.9048756]},"properties":{"name":"Kasavanahalli","operator":"BMTC","osm_id":13062011335}},{"type":"Feature","geometry":{"type":"Point","coordinates":[77.6759314,12.9048811]},"properties":{"name":"Kasavanahalli","operator":"BMTC","osm_id":13062011336}},{"type":"Feature","geometry":{"type":"Point","coordinates":[77.6751856,12.8968642]},"properties":{"name":"Amrita University - Kasavanahalli","operator":"BMTC","osm_id":13062011337}},{"type":"Feature","geometry":{"type":"Point","coordinates":[77.6751329,12.8968817]},"properties":{"name":"Amrita University - Kasavanahalli","operator":"BMTC","osm_id":13062011338}},{"type":"Feature","geometry":{"type":"Point","coordinates":[77.6729848,12.8885816]},"properties":{"name":"Choodasandra Circle","operator":"BMTC","osm_id":13062011339}},{"type":"Feature","geometry":{"type":"Point","coordinates":[77.672959,12.8885865]},"properties":{"name":"Choodasandra Circle","operator":"BMTC","osm_id":13062011340}},{"type":"Feature","geometry":{"type":"Point","coordinates":[77.6720841,12.8795539]},"properties":{"name":"Rayasandra","operator":"BMTC","osm_id":13062011341}},{"type":"Feature","geometry":{"type":"Point","coordinates":[77.6724601,12.8863615]},"properties":{"name":"KSRP Training Centre","operator":"BMTC","osm_id":13062011342}},{"type":"Feature","geometry":{"type":"Point","coordinates":[77.6719842,12.8795774]},"properties":{"name":"Rayasandra","operator":"BMTC","osm_id":13062011343}},{"type":"Feature","geometry":{"type":"Point","coordinates":[77.6711966,12.8757208]},"properties":{"name":"Rayasandra Circle","operator":"BMTC","osm_id":13062011344}},{"type":"Feature","geometry":{"type":"Point","coordinates":[77.6711906,12.8757671]},"properties":{"name":"Rayasandra Circle","operator":"BMTC","osm_id":13062011345}},{"type":"Feature","geometry":{"type":"Point","coordinates":[77.6660536,12.8736931]},"properties":{"name":"Bengaluru Central Jail","operator":"BMTC","osm_id":13062011346}},{"type":"Feature","geometry":{"type":"Point","coordinates":[77.6580377,12.8703958]},"properties":{"name":"New MICO Gate","operator":"BMTC","osm_id":13062011347}},{"type":"Feature","geometry":{"type":"Point","coordinates":[77.6580426,12.8704467]},"properties":{"name":"New MICO Gate","operator":"BMTC","osm_id":13062011348}},{"type":"Feature","geometry":{"type":"Point","coordinates":[77.6537185,12.8703135]},"properties":{"name":"Hosa Road","operator":"BMTC","osm_id":13062011349}},{"type":"Feature","geometry":{"type":"Point","coordinates":[77.6536923,12.8703422]},"properties":{"name":"Hosa Road","operator":"BMTC","osm_id":13062011350}},{"type":"Feature","geometry":{"type":"Point","coordinates":[77.6616694,12.859154]},"properties":{"name":"Electronic City PESIT College","operator":"BMTC","osm_id":13062011351}},{"type":"Feature","geometry":{"type":"Point","coordinates":[77.6616468,12.8591368]},"properties":{"name":"Electronic City PESIT College","operator":"BMTC","osm_id":13062011352}},{"type":"Feature","geometry":{"type":"Point","coordinates":[77.6572509,12.8359614]},"properties":{"name":"Electronic City Wipro Main Gate","operator":"BMTC","osm_id":13062011353}},{"type":"Feature","geometry":{"type":"Point","coordinates":[77.6768585,12.839718]},"properties":{"name":"Veerasandra","operator":"BMTC","osm_id":13062091909}},{"type":"Feature","geometry":{"type":"Point","coordinates":[77.6768796,12.8397342]},"properties":{"name":"Veerasandra","operator":"BMTC","osm_id":13062091910}},{"type":"Feature","geometry":{"type":"Point","coordinates":[77.6639236,12.8555495]},"properties":{"name":"Konnappana Agrahara","operator":"BMTC","osm_id":13062091914}},{"type":"Feature","geometry":{"type":"Point","coordinates":[77.6639549,12.8555229]},"properties":{"name":"Konnappana Agrahara","operator":"BMTC","osm_id":13062091915}},{"type":"Feature","geometry":{"type":"Point","coordinates":[77.6602772,12.8432122]},"properties":{"name":"Bus Stop","operator":"ELCITA","osm_id":13071979650}},{"type":"Feature","geometry":{"type":"Point","coordinates":[77.6600756,12.8410254]},"properties":{"name":"Wipro Gate","operator":"BMTC","osm_id":13072789389}},{"type":"Feature","geometry":{"type":"Point","coordinates":[77.6603286,12.8432185]},"properties":{"name":"Bus Stop","operator":"ELCITA","osm_id":13072789393}},{"type":"Feature","geometry":{"type":"Point","coordinates":[77.5886066,12.9824045]},"properties":{"name":"Telephone Exchange AGO/VSD","operator":"BMTC","osm_id":13074467490}},{"type":"Feature","geometry":{"type":"Point","coordinates":[77.6351063,12.9160949]},"properties":{"name":"HSR Layout BDA Complex","operator":"BMTC","osm_id":13075407942}},{"type":"Feature","geometry":{"type":"Point","coordinates":[77.5872291,13.0618872]},"properties":{"name":"Post Office Sahakara Nagara","operator":"BMTC","osm_id":13084774595}},{"type":"Feature","geometry":{"type":"Point","coordinates":[77.7516955,12.9839588]},"properties":{"name":"Hope Farm","operator":"BMTC","osm_id":13086731139}},{"type":"Feature","geometry":{"type":"Point","coordinates":[77.752496,12.9840093]},"properties":{"name":"Hope Farm","operator":"BMTC","osm_id":13086731140}},{"type":"Feature","geometry":{"type":"Point","coordinates":[77.7526162,12.9840804]},"properties":{"name":"Hope Farm","operator":"BMTC","osm_id":13086731141}},{"type":"Feature","geometry":{"type":"Point","coordinates":[77.6407979,12.9788197]},"properties":{"name":"Indiranagar Police Station","operator":"BMTC","osm_id":13104075613}},{"type":"Feature","geometry":{"type":"Point","coordinates":[77.5968101,12.8867798]},"properties":{"name":"Arekere BPL","operator":"BMTC","osm_id":13110965269}},{"type":"Feature","geometry":{"type":"Point","coordinates":[77.5736094,12.922888]},"properties":{"name":"Monotype Corporation","operator":"BMTC","osm_id":13110965685}},{"type":"Feature","geometry":{"type":"Point","coordinates":[77.5736719,12.9228875]},"properties":{"name":"Monotype Corporation","operator":"BMTC","osm_id":13110965686}},{"type":"Feature","geometry":{"type":"Point","coordinates":[77.5738973,12.9361338]},"properties":{"name":"Tata Silk Farm","operator":"BMTC","osm_id":13110965687}},{"type":"Feature","geometry":{"type":"Point","coordinates":[77.5739137,12.9361337]},"properties":{"name":"Tata Silk Farm","operator":"BMTC","osm_id":13110965688}},{"type":"Feature","geometry":{"type":"Point","coordinates":[77.5738341,12.9360198]},"properties":{"name":"Tata Silk Farm","operator":"BMTC","osm_id":13110965689}},{"type":"Feature","geometry":{"type":"Point","coordinates":[77.573834,12.9415864]},"properties":{"name":"Basavanagudi Police Station","operator":"BMTC","osm_id":13110965690}},{"type":"Feature","geometry":{"type":"Point","coordinates":[77.5738804,12.9415839]},"properties":{"name":"Basavanagudi Police Station","operator":"BMTC","osm_id":13110965691}},{"type":"Feature","geometry":{"type":"Point","coordinates":[77.5737601,12.949791]},"properties":{"name":"National College","operator":"BMTC","osm_id":13110965693}},{"type":"Feature","geometry":{"type":"Point","coordinates":[77.6586476,12.8384847]},"properties":{"name":"Wipro Gate","operator":"BMTC","osm_id":13112252427}},{"type":"Feature","geometry":{"type":"Point","coordinates":[77.7462926,12.9377724]},"properties":{"name":"Varthur Police Station","operator":"BMTC","osm_id":13116015630}},{"type":"Feature","geometry":{"type":"Point","coordinates":[77.6034493,12.8960047]},"properties":{"name":"IIMB Bus Station","operator":"Indian Institute Of Management Bangalore","osm_id":13125315828}},{"type":"Feature","geometry":{"type":"Point","coordinates":[77.5122918,12.9067657]},"properties":{"name":"Glass House Halage Vaderahalli","operator":"BMTC","osm_id":13127586574}},{"type":"Feature","geometry":{"type":"Point","coordinates":[77.5942077,12.8732729]},"properties":{"name":"meenakshi temple bus stop","operator":"BMTC","osm_id":13130036325}},{"type":"Feature","geometry":{"type":"Point","coordinates":[77.5944319,12.8741873]},"properties":{"name":"Meenakshi Temple","operator":"BMTC","osm_id":13130269301}},{"type":"Feature","geometry":{"type":"Point","coordinates":[77.5945104,12.8740437]},"properties":{"name":"Meenakshi Temple","operator":"BMTC","osm_id":13130269308}},{"type":"Feature","geometry":{"type":"Point","coordinates":[77.5563543,13.0895271]},"properties":{"name":"Chikkabettahalli","operator":"BMTC","osm_id":13130332986}},{"type":"Feature","geometry":{"type":"Point","coordinates":[77.5561904,13.089442]},"properties":{"name":"Chikkabettahalli","operator":"BMTC","osm_id":13130332987}},{"type":"Feature","geometry":{"type":"Point","coordinates":[77.5630989,13.0976806]},"properties":{"name":"Thirumala Daba","operator":"BMTC","osm_id":13130334025}},{"type":"Feature","geometry":{"type":"Point","coordinates":[77.5631135,13.0977599]},"properties":{"name":"Thirumala Daba","operator":"BMTC","osm_id":13130334026}},{"type":"Feature","geometry":{"type":"Point","coordinates":[77.5997263,12.861396]},"properties":{"name":"Doddakammnahalli Bus stop","operator":"BMTC","osm_id":13131377203}},{"type":"Feature","geometry":{"type":"Point","coordinates":[77.5849872,12.9374832]},"properties":{"name":"Jayanagar 2nd Block","operator":"BMTC","osm_id":13179755394}},{"type":"Feature","geometry":{"type":"Point","coordinates":[77.746962,12.9431032]},"properties":{"name":"Bus Stop","operator":"BMTC","osm_id":13200227931}},{"type":"Feature","geometry":{"type":"Point","coordinates":[77.5385777,12.8712838]},"properties":{"name":"Thalagattapura Metro Station","operator":"BMTC","osm_id":13235863342}},{"type":"Feature","geometry":{"type":"Point","coordinates":[77.5385602,12.8712967]},"properties":{"name":"Thalagattapura Metro Station","operator":"BMTC","osm_id":13235863343}},{"type":"Feature","geometry":{"type":"Point","coordinates":[77.5331944,12.8761189]},"properties":{"name":"Ganigarapalya","operator":"BMTC","osm_id":13235863344}},{"type":"Feature","geometry":{"type":"Point","coordinates":[77.5331984,12.8761419]},"properties":{"name":"Ganigarapalya","operator":"BMTC","osm_id":13235863345}},{"type":"Feature","geometry":{"type":"Point","coordinates":[77.5166677,12.8780465]},"properties":{"name":"Chikkegowdanapalya Junction","operator":"BMTC","osm_id":13235863346}},{"type":"Feature","geometry":{"type":"Point","coordinates":[77.5166827,12.878082]},"properties":{"name":"Chikkegowdanapalya Junction","operator":"BMTC","osm_id":13235863347}},{"type":"Feature","geometry":{"type":"Point","coordinates":[77.5161236,12.8882761]},"properties":{"name":"MRB Grand Hotel","operator":"BMTC","osm_id":13235863348}},{"type":"Feature","geometry":{"type":"Point","coordinates":[77.5161691,12.8882806]},"properties":{"name":"MRB Grand Hotel","operator":"BMTC","osm_id":13235863349}},{"type":"Feature","geometry":{"type":"Point","coordinates":[77.5143509,12.8922521]},"properties":{"name":"Kariyanapalya Cross (80 Foot Road Junction)","operator":"BMTC","osm_id":13235863394}},{"type":"Feature","geometry":{"type":"Point","coordinates":[77.5144109,12.8922601]},"properties":{"name":"Kariyanapalya Cross (80 Foot Road Junction)","operator":"BMTC","osm_id":13235863395}},{"type":"Feature","geometry":{"type":"Point","coordinates":[77.5107651,12.9039326]},"properties":{"name":"Srinivasapura","operator":"BMTC","osm_id":13235863396}},{"type":"Feature","geometry":{"type":"Point","coordinates":[77.5108355,12.9039352]},"properties":{"name":"Srinivasapura","operator":"BMTC","osm_id":13235863397}},{"type":"Feature","geometry":{"type":"Point","coordinates":[77.5134562,12.9097827]},"properties":{"name":"Bengaluru Children Hospital","operator":"BMTC","osm_id":13235863398}},{"type":"Feature","geometry":{"type":"Point","coordinates":[77.513696,12.913025]},"properties":{"name":"Jnanakshi Layout","operator":"BMTC","osm_id":13235863399}},{"type":"Feature","geometry":{"type":"Point","coordinates":[77.5137162,12.9130243]},"properties":{"name":"Jnanakshi Layout","operator":"BMTC","osm_id":13235863400}},{"type":"Feature","geometry":{"type":"Point","coordinates":[77.5139433,12.9199955]},"properties":{"name":"Halage Vaderahalli","operator":"BMTC","osm_id":13235885201}},{"type":"Feature","geometry":{"type":"Point","coordinates":[77.5143201,12.9228854]},"properties":{"name":"Maramma Temple Halage Vaderahalli","operator":"BMTC","osm_id":13235885202}},{"type":"Feature","geometry":{"type":"Point","coordinates":[77.5143398,12.9228908]},"properties":{"name":"Maramma Temple Halage Vaderahalli","operator":"BMTC","osm_id":13235885203}},{"type":"Feature","geometry":{"type":"Point","coordinates":[77.5146076,12.9263102]},"properties":{"name":"Pattanagere Jayanna Circle","operator":"BMTC","osm_id":13235885204}},{"type":"Feature","geometry":{"type":"Point","coordinates":[77.5146268,12.9263141]},"properties":{"name":"Pattanagere Jayanna Circle","operator":"BMTC","osm_id":13235885205}},{"type":"Feature","geometry":{"type":"Point","coordinates":[77.5197254,12.9364546]},"properties":{"name":"Rajarajeshwari Nagar Metro Station","operator":"BMTC","osm_id":13235885210}},{"type":"Feature","geometry":{"type":"Point","coordinates":[77.519719,12.9364702]},"properties":{"name":"Rajarajeshwari Nagar Metro Station","operator":"BMTC","osm_id":13235885211}},{"type":"Feature","geometry":{"type":"Point","coordinates":[77.5736727,12.9292829]},"properties":{"name":"MM industries","operator":"BMTC","osm_id":13245235117}},{"type":"Feature","geometry":{"type":"Point","coordinates":[77.507973,12.9037869]},"properties":{"name":"JSS College","operator":"BMTC","osm_id":13276814991}},{"type":"Feature","geometry":{"type":"Point","coordinates":[77.5482175,13.0244143]},"properties":{"name":"RMC Yard","operator":"BMTC","osm_id":13277115723}},{"type":"Feature","geometry":{"type":"Point","coordinates":[77.5483905,13.0243144]},"properties":{"name":"RMC Yard","operator":"BMTC","osm_id":13277115724}},{"type":"Feature","geometry":{"type":"Point","coordinates":[77.5743571,13.0375629]},"properties":{"name":"RMS Sanjaynagara","operator":"BMTC","osm_id":13287555695}},{"type":"Feature","geometry":{"type":"Point","coordinates":[77.5743328,13.0375538]},"properties":{"name":"RMS Sanjaynagara","operator":"BMTC","osm_id":13287555696}},{"type":"Feature","geometry":{"type":"Point","coordinates":[77.61956,12.9706503]},"properties":{"name":"Bus Stop","operator":"BMTC","osm_id":13299108713}},{"type":"Feature","geometry":{"type":"Point","coordinates":[77.6435141,12.9605149]},"properties":{"name":"Bus Stop","operator":"BMTC","osm_id":13315889964}},{"type":"Feature","geometry":{"type":"Point","coordinates":[77.6474485,13.1319042]},"properties":{"name":"Sathanuru","operator":"BMTC","osm_id":13325759550}},{"type":"Feature","geometry":{"type":"Point","coordinates":[77.6289105,13.1025878]},"properties":{"name":"Ittige Factory","operator":"BMTC","osm_id":13325759551}},{"type":"Feature","geometry":{"type":"Point","coordinates":[77.6228778,13.1035885]},"properties":{"name":"Srinivasapura Cross","operator":"BMTC","osm_id":13325759552}},{"type":"Feature","geometry":{"type":"Point","coordinates":[77.6106387,13.104576]},"properties":{"name":"Sapthagiri Layout","operator":"BMTC","osm_id":13325759553}},{"type":"Feature","geometry":{"type":"Point","coordinates":[77.5802162,12.9324686]},"properties":{"name":"Nanda Talkies","operator":"BMTC","osm_id":13342657831}},{"type":"Feature","geometry":{"type":"Point","coordinates":[77.5801626,12.9357161]},"properties":{"name":"South End Circle","operator":"BMTC","osm_id":13342657832}},{"type":"Feature","geometry":{"type":"Point","coordinates":[77.7039581,12.9035614]},"properties":{"name":"Carmelaram Gate","operator":"BMTC","osm_id":13342713087}},{"type":"Feature","geometry":{"type":"Point","coordinates":[77.5794511,13.0268982]},"properties":{"name":"Ashwath Nagar","operator":"BMTC","osm_id":13345246758}},{"type":"Feature","geometry":{"type":"Point","coordinates":[77.7371697,12.9878346]},"properties":{"name":"ITPL","operator":"BMTC","osm_id":13353633839}},{"type":"Feature","geometry":{"type":"Point","coordinates":[77.5973649,12.9168408]},"properties":{"name":"East end Jayanagara","operator":"BMTC","osm_id":13354608888}},{"type":"Feature","geometry":{"type":"Point","coordinates":[77.5894782,13.0412727]},"properties":{"name":"Hebbala","operator":"BMTC","osm_id":13391083266}},{"type":"Feature","geometry":{"type":"Point","coordinates":[77.5894712,13.0412206]},"properties":{"name":"Hebbala","operator":"BMTC","osm_id":13391083267}},{"type":"Feature","geometry":{"type":"Point","coordinates":[77.6369865,12.9611561]},"properties":{"name":"Domlur","operator":"BMTC","osm_id":13394452120}},{"type":"Feature","geometry":{"type":"Point","coordinates":[77.7536432,12.9865003]},"properties":{"name":"Bus Stop","operator":"BMTC","osm_id":13420680794}},{"type":"Feature","geometry":{"type":"Point","coordinates":[77.610715,12.9166482]},"properties":{"name":"16th Main BTM Layout","operator":"BMTC","osm_id":13451824601}},{"type":"Feature","geometry":{"type":"Point","coordinates":[77.5386175,12.9876966]},"properties":{"name":"Bus Stop","operator":"BMTC","osm_id":13540587252}}]}