{"type":"FeatureCollection","features":[{"type":"Feature","geometry":{"type":"Polygon","coordinates":[[[77.6319,13.054799999999998],[77.63419999999999,13.054799999999998],[77.63419999999999,13.0571],[77.6319,13.0571],[77.6319,13.054799999999998]]]},"properties":{"tree_count":1,"dominant_species":null}},{"type":"Feature","geometry":{"type":"Polygon","coordinates":[[[77.5997,12.942099999999998],[77.60199999999999,12.942099999999998],[77.60199999999999,12.9444],[77.5997,12.9444],[77.5997,12.942099999999998]]]},"properties":{"tree_count":2,"dominant_species":null}},{"type":"Feature","geometry":{"type":"Polygon","coordinates":[[[77.5951,12.9789],[77.5974,12.9789],[77.5974,12.981200000000001],[77.5951,12.981200000000001],[77.5951,12.9789]]]},"properties":{"tree_count":5,"dominant_species":null}},{"type":"Feature","geometry":{"type":"Polygon","coordinates":[[[77.5468,13.043299999999999],[77.5491,13.043299999999999],[77.5491,13.0456],[77.5468,13.0456],[77.5468,13.043299999999999]]]},"properties":{"tree_count":1,"dominant_species":null}},{"type":"Feature","geometry":{"type":"Polygon","coordinates":[[[77.5629,13.004199999999999],[77.56519999999999,13.004199999999999],[77.56519999999999,13.0065],[77.5629,13.0065],[77.5629,13.004199999999999]]]},"properties":{"tree_count":3,"dominant_species":"Swietenia macrophylla"}},{"type":"Feature","geometry":{"type":"Polygon","coordinates":[[[77.7423,13.061699999999998],[77.74459999999999,13.061699999999998],[77.74459999999999,13.064],[77.7423,13.064],[77.7423,13.061699999999998]]]},"properties":{"tree_count":22,"dominant_species":null}},{"type":"Feature","geometry":{"type":"Polygon","coordinates":[[[77.7423,13.063999999999998],[77.74459999999999,13.063999999999998],[77.74459999999999,13.0663],[77.7423,13.0663],[77.7423,13.063999999999998]]]},"properties":{"tree_count":29,"dominant_species":null}},{"type":"Feature","geometry":{"type":"Polygon","coordinates":[[[77.7423,13.059399999999998],[77.74459999999999,13.059399999999998],[77.74459999999999,13.0617],[77.7423,13.0617],[77.7423,13.059399999999998]]]},"properties":{"tree_count":1,"dominant_species":null}},{"type":"Feature","geometry":{"type":"Polygon","coordinates":[[[77.74000000000001,13.059399999999998],[77.7423,13.059399999999998],[77.7423,13.0617],[77.74000000000001,13.0617],[77.74000000000001,13.059399999999998]]]},"properties":{"tree_count":3,"dominant_species":null}},{"type":"Feature","geometry":{"type":"Polygon","coordinates":[[[77.74000000000001,13.061699999999998],[77.7423,13.061699999999998],[77.7423,13.064],[77.74000000000001,13.064],[77.74000000000001,13.061699999999998]]]},"properties":{"tree_count":26,"dominant_species":null}},{"type":"Feature","geometry":{"type":"Polygon","coordinates":[[[77.7469,13.061699999999998],[77.74919999999999,13.061699999999998],[77.74919999999999,13.064],[77.7469,13.064],[77.7469,13.061699999999998]]]},"properties":{"tree_count":4,"dominant_species":null}},{"type":"Feature","geometry":{"type":"Polygon","coordinates":[[[77.7469,13.063999999999998],[77.74919999999999,13.063999999999998],[77.74919999999999,13.0663],[77.7469,13.0663],[77.7469,13.063999999999998]]]},"properties":{"tree_count":11,"dominant_species":null}},{"type":"Feature","geometry":{"type":"Polygon","coordinates":[[[77.7446,13.063999999999998],[77.7469,13.063999999999998],[77.7469,13.0663],[77.7446,13.0663],[77.7446,13.063999999999998]]]},"properties":{"tree_count":18,"dominant_species":null}},{"type":"Feature","geometry":{"type":"Polygon","coordinates":[[[77.7446,13.066299999999998],[77.7469,13.066299999999998],[77.7469,13.0686],[77.7446,13.0686],[77.7446,13.066299999999998]]]},"properties":{"tree_count":4,"dominant_species":null}},{"type":"Feature","geometry":{"type":"Polygon","coordinates":[[[77.7423,13.066299999999998],[77.74459999999999,13.066299999999998],[77.74459999999999,13.0686],[77.7423,13.0686],[77.7423,13.066299999999998]]]},"properties":{"tree_count":6,"dominant_species":null}},{"type":"Feature","geometry":{"type":"Polygon","coordinates":[[[77.6388,12.9651],[77.6411,12.9651],[77.6411,12.967400000000001],[77.6388,12.967400000000001],[77.6388,12.9651]]]},"properties":{"tree_count":1,"dominant_species":null}},{"type":"Feature","geometry":{"type":"Polygon","coordinates":[[[77.5744,13.011099999999999],[77.57669999999999,13.011099999999999],[77.57669999999999,13.0134],[77.5744,13.0134],[77.5744,13.011099999999999]]]},"properties":{"tree_count":3,"dominant_species":null}},{"type":"Feature","geometry":{"type":"Polygon","coordinates":[[[77.5997,12.995],[77.60199999999999,12.995],[77.60199999999999,12.997300000000001],[77.5997,12.997300000000001],[77.5997,12.995]]]},"properties":{"tree_count":8,"dominant_species":null}},{"type":"Feature","geometry":{"type":"Polygon","coordinates":[[[77.6181,12.939799999999998],[77.62039999999999,12.939799999999998],[77.62039999999999,12.9421],[77.6181,12.9421],[77.6181,12.939799999999998]]]},"properties":{"tree_count":1,"dominant_species":null}},{"type":"Feature","geometry":{"type":"Polygon","coordinates":[[[77.5169,12.900699999999999],[77.5192,12.900699999999999],[77.5192,12.903],[77.5169,12.903],[77.5169,12.900699999999999]]]},"properties":{"tree_count":4,"dominant_species":null}},{"type":"Feature","geometry":{"type":"Polygon","coordinates":[[[77.5698,13.027199999999999],[77.57209999999999,13.027199999999999],[77.57209999999999,13.0295],[77.5698,13.0295],[77.5698,13.027199999999999]]]},"properties":{"tree_count":22,"dominant_species":null}},{"type":"Feature","geometry":{"type":"Polygon","coordinates":[[[77.56750000000001,13.027199999999999],[77.5698,13.027199999999999],[77.5698,13.0295],[77.56750000000001,13.0295],[77.56750000000001,13.027199999999999]]]},"properties":{"tree_count":35,"dominant_species":null}},{"type":"Feature","geometry":{"type":"Polygon","coordinates":[[[77.5652,13.027199999999999],[77.5675,13.027199999999999],[77.5675,13.0295],[77.5652,13.0295],[77.5652,13.027199999999999]]]},"properties":{"tree_count":34,"dominant_species":null}},{"type":"Feature","geometry":{"type":"Polygon","coordinates":[[[77.5629,13.027199999999999],[77.56519999999999,13.027199999999999],[77.56519999999999,13.0295],[77.5629,13.0295],[77.5629,13.027199999999999]]]},"properties":{"tree_count":12,"dominant_species":null}},{"type":"Feature","geometry":{"type":"Polygon","coordinates":[[[77.5652,13.029499999999999],[77.5675,13.029499999999999],[77.5675,13.0318],[77.5652,13.0318],[77.5652,13.029499999999999]]]},"properties":{"tree_count":29,"dominant_species":null}},{"type":"Feature","geometry":{"type":"Polygon","coordinates":[[[77.5629,13.029499999999999],[77.56519999999999,13.029499999999999],[77.56519999999999,13.0318],[77.5629,13.0318],[77.5629,13.029499999999999]]]},"properties":{"tree_count":15,"dominant_species":null}},{"type":"Feature","geometry":{"type":"Polygon","coordinates":[[[77.56750000000001,13.029499999999999],[77.5698,13.029499999999999],[77.5698,13.0318],[77.56750000000001,13.0318],[77.56750000000001,13.029499999999999]]]},"properties":{"tree_count":11,"dominant_species":null}},{"type":"Feature","geometry":{"type":"Polygon","coordinates":[[[77.5652,13.031799999999999],[77.5675,13.031799999999999],[77.5675,13.0341],[77.5652,13.0341],[77.5652,13.031799999999999]]]},"properties":{"tree_count":7,"dominant_species":null}},{"type":"Feature","geometry":{"type":"Polygon","coordinates":[[[77.5629,13.031799999999999],[77.56519999999999,13.031799999999999],[77.56519999999999,13.0341],[77.5629,13.0341],[77.5629,13.031799999999999]]]},"properties":{"tree_count":7,"dominant_species":null}},{"type":"Feature","geometry":{"type":"Polygon","coordinates":[[[77.58590000000001,12.946699999999998],[77.5882,12.946699999999998],[77.5882,12.949],[77.58590000000001,12.949],[77.58590000000001,12.946699999999998]]]},"properties":{"tree_count":2,"dominant_species":null}},{"type":"Feature","geometry":{"type":"Polygon","coordinates":[[[77.67790000000001,12.909899999999999],[77.6802,12.909899999999999],[77.6802,12.9122],[77.67790000000001,12.9122],[77.67790000000001,12.909899999999999]]]},"properties":{"tree_count":1,"dominant_species":"integrifolia"}},{"type":"Feature","geometry":{"type":"Polygon","coordinates":[[[77.6802,12.909899999999999],[77.68249999999999,12.909899999999999],[77.68249999999999,12.9122],[77.6802,12.9122],[77.6802,12.909899999999999]]]},"properties":{"tree_count":1,"dominant_species":"integrifolia"}},{"type":"Feature","geometry":{"type":"Polygon","coordinates":[[[77.56750000000001,12.9743],[77.5698,12.9743],[77.5698,12.976600000000001],[77.56750000000001,12.976600000000001],[77.56750000000001,12.9743]]]},"properties":{"tree_count":2,"dominant_species":null}},{"type":"Feature","geometry":{"type":"Polygon","coordinates":[[[77.5698,12.948999999999998],[77.57209999999999,12.948999999999998],[77.57209999999999,12.9513],[77.5698,12.9513],[77.5698,12.948999999999998]]]},"properties":{"tree_count":1,"dominant_species":null}},{"type":"Feature","geometry":{"type":"Polygon","coordinates":[[[77.6365,12.9651],[77.63879999999999,12.9651],[77.63879999999999,12.967400000000001],[77.6365,12.967400000000001],[77.6365,12.9651]]]},"properties":{"tree_count":15,"dominant_species":null}},{"type":"Feature","geometry":{"type":"Polygon","coordinates":[[[77.7239,12.875399999999999],[77.72619999999999,12.875399999999999],[77.72619999999999,12.8777],[77.7239,12.8777],[77.7239,12.875399999999999]]]},"properties":{"tree_count":17,"dominant_species":null}},{"type":"Feature","geometry":{"type":"Polygon","coordinates":[[[77.72160000000001,12.875399999999999],[77.7239,12.875399999999999],[77.7239,12.8777],[77.72160000000001,12.8777],[77.72160000000001,12.875399999999999]]]},"properties":{"tree_count":2,"dominant_species":null}},{"type":"Feature","geometry":{"type":"Polygon","coordinates":[[[77.6917,12.891499999999999],[77.69399999999999,12.891499999999999],[77.69399999999999,12.8938],[77.6917,12.8938],[77.6917,12.891499999999999]]]},"properties":{"tree_count":1,"dominant_species":null}},{"type":"Feature","geometry":{"type":"Polygon","coordinates":[[[77.6204,12.9789],[77.6227,12.9789],[77.6227,12.981200000000001],[77.6204,12.981200000000001],[77.6204,12.9789]]]},"properties":{"tree_count":2,"dominant_species":null}},{"type":"Feature","geometry":{"type":"Polygon","coordinates":[[[77.59740000000001,12.9766],[77.5997,12.9766],[77.5997,12.978900000000001],[77.59740000000001,12.978900000000001],[77.59740000000001,12.9766]]]},"properties":{"tree_count":14,"dominant_species":"Pinus echinata"}},{"type":"Feature","geometry":{"type":"Polygon","coordinates":[[[77.5997,12.9766],[77.60199999999999,12.9766],[77.60199999999999,12.978900000000001],[77.5997,12.978900000000001],[77.5997,12.9766]]]},"properties":{"tree_count":12,"dominant_species":"Pinus echinata"}},{"type":"Feature","geometry":{"type":"Polygon","coordinates":[[[77.64110000000001,12.9766],[77.6434,12.9766],[77.6434,12.978900000000001],[77.64110000000001,12.978900000000001],[77.64110000000001,12.9766]]]},"properties":{"tree_count":11,"dominant_species":null}},{"type":"Feature","geometry":{"type":"Polygon","coordinates":[[[77.6802,12.9628],[77.68249999999999,12.9628],[77.68249999999999,12.965100000000001],[77.6802,12.965100000000001],[77.6802,12.9628]]]},"properties":{"tree_count":22,"dominant_species":null}},{"type":"Feature","geometry":{"type":"Polygon","coordinates":[[[77.6802,12.9605],[77.68249999999999,12.9605],[77.68249999999999,12.962800000000001],[77.6802,12.962800000000001],[77.6802,12.9605]]]},"properties":{"tree_count":39,"dominant_species":null}},{"type":"Feature","geometry":{"type":"Polygon","coordinates":[[[77.6825,12.9628],[77.6848,12.9628],[77.6848,12.965100000000001],[77.6825,12.965100000000001],[77.6825,12.9628]]]},"properties":{"tree_count":17,"dominant_species":null}},{"type":"Feature","geometry":{"type":"Polygon","coordinates":[[[77.6825,12.9605],[77.6848,12.9605],[77.6848,12.962800000000001],[77.6825,12.962800000000001],[77.6825,12.9605]]]},"properties":{"tree_count":14,"dominant_species":null}},{"type":"Feature","geometry":{"type":"Polygon","coordinates":[[[77.5882,12.948999999999998],[77.59049999999999,12.948999999999998],[77.59049999999999,12.9513],[77.5882,12.9513],[77.5882,12.948999999999998]]]},"properties":{"tree_count":4,"dominant_species":null}},{"type":"Feature","geometry":{"type":"Polygon","coordinates":[[[77.58590000000001,12.948999999999998],[77.5882,12.948999999999998],[77.5882,12.9513],[77.58590000000001,12.9513],[77.58590000000001,12.948999999999998]]]},"properties":{"tree_count":12,"dominant_species":null}},{"type":"Feature","geometry":{"type":"Polygon","coordinates":[[[77.5836,12.948999999999998],[77.5859,12.948999999999998],[77.5859,12.9513],[77.5836,12.9513],[77.5836,12.948999999999998]]]},"properties":{"tree_count":36,"dominant_species":"guianensis"}},{"type":"Feature","geometry":{"type":"Polygon","coordinates":[[[77.5905,12.948999999999998],[77.5928,12.948999999999998],[77.5928,12.9513],[77.5905,12.9513],[77.5905,12.948999999999998]]]},"properties":{"tree_count":1,"dominant_species":null}},{"type":"Feature","geometry":{"type":"Polygon","coordinates":[[[77.5836,12.946699999999998],[77.5859,12.946699999999998],[77.5859,12.949],[77.5836,12.949],[77.5836,12.946699999999998]]]},"properties":{"tree_count":3,"dominant_species":null}},{"type":"Feature","geometry":{"type":"Polygon","coordinates":[[[77.5813,12.948999999999998],[77.58359999999999,12.948999999999998],[77.58359999999999,12.9513],[77.5813,12.9513],[77.5813,12.948999999999998]]]},"properties":{"tree_count":33,"dominant_species":"enterolobium cyclocarpium"}},{"type":"Feature","geometry":{"type":"Polygon","coordinates":[[[77.5836,12.951299999999998],[77.5859,12.951299999999998],[77.5859,12.9536],[77.5836,12.9536],[77.5836,12.951299999999998]]]},"properties":{"tree_count":73,"dominant_species":"Grevillea robusta"}},{"type":"Feature","geometry":{"type":"Polygon","coordinates":[[[77.5813,12.951299999999998],[77.58359999999999,12.951299999999998],[77.58359999999999,12.9536],[77.5813,12.9536],[77.5813,12.951299999999998]]]},"properties":{"tree_count":6,"dominant_species":"Grevillea robusta"}},{"type":"Feature","geometry":{"type":"Polygon","coordinates":[[[77.5813,12.944399999999998],[77.58359999999999,12.944399999999998],[77.58359999999999,12.9467],[77.5813,12.9467],[77.5813,12.944399999999998]]]},"properties":{"tree_count":7,"dominant_species":null}},{"type":"Feature","geometry":{"type":"Polygon","coordinates":[[[77.65950000000001,12.9927],[77.6618,12.9927],[77.6618,12.995000000000001],[77.65950000000001,12.995000000000001],[77.65950000000001,12.9927]]]},"properties":{"tree_count":15,"dominant_species":null}},{"type":"Feature","geometry":{"type":"Polygon","coordinates":[[[77.5652,12.939799999999998],[77.5675,12.939799999999998],[77.5675,12.9421],[77.5652,12.9421],[77.5652,12.939799999999998]]]},"properties":{"tree_count":19,"dominant_species":null}},{"type":"Feature","geometry":{"type":"Polygon","coordinates":[[[77.58590000000001,12.951299999999998],[77.5882,12.951299999999998],[77.5882,12.9536],[77.58590000000001,12.9536],[77.58590000000001,12.951299999999998]]]},"properties":{"tree_count":1,"dominant_species":null}},{"type":"Feature","geometry":{"type":"Polygon","coordinates":[[[77.5836,12.9536],[77.5859,12.9536],[77.5859,12.955900000000002],[77.5836,12.955900000000002],[77.5836,12.9536]]]},"properties":{"tree_count":14,"dominant_species":"Grevillea robusta"}},{"type":"Feature","geometry":{"type":"Polygon","coordinates":[[[77.6365,12.9789],[77.63879999999999,12.9789],[77.63879999999999,12.981200000000001],[77.6365,12.981200000000001],[77.6365,12.9789]]]},"properties":{"tree_count":87,"dominant_species":null}},{"type":"Feature","geometry":{"type":"Polygon","coordinates":[[[77.6365,12.9812],[77.63879999999999,12.9812],[77.63879999999999,12.983500000000001],[77.6365,12.983500000000001],[77.6365,12.9812]]]},"properties":{"tree_count":17,"dominant_species":null}},{"type":"Feature","geometry":{"type":"Polygon","coordinates":[[[77.6342,12.9789],[77.6365,12.9789],[77.6365,12.981200000000001],[77.6342,12.981200000000001],[77.6342,12.9789]]]},"properties":{"tree_count":285,"dominant_species":"Azadirachta indica"}},{"type":"Feature","geometry":{"type":"Polygon","coordinates":[[[77.6342,12.9812],[77.6365,12.9812],[77.6365,12.983500000000001],[77.6342,12.983500000000001],[77.6342,12.9812]]]},"properties":{"tree_count":55,"dominant_species":null}},{"type":"Feature","geometry":{"type":"Polygon","coordinates":[[[77.6342,12.9766],[77.6365,12.9766],[77.6365,12.978900000000001],[77.6342,12.978900000000001],[77.6342,12.9766]]]},"properties":{"tree_count":101,"dominant_species":"Spathodea campanulata"}},{"type":"Feature","geometry":{"type":"Polygon","coordinates":[[[77.6319,12.9789],[77.63419999999999,12.9789],[77.63419999999999,12.981200000000001],[77.6319,12.981200000000001],[77.6319,12.9789]]]},"properties":{"tree_count":18,"dominant_species":"Spathodea campanulata"}},{"type":"Feature","geometry":{"type":"Polygon","coordinates":[[[77.6319,12.9766],[77.63419999999999,12.9766],[77.63419999999999,12.978900000000001],[77.6319,12.978900000000001],[77.6319,12.9766]]]},"properties":{"tree_count":28,"dominant_species":"Spathodea campanulata"}},{"type":"Feature","geometry":{"type":"Polygon","coordinates":[[[77.7009,12.9674],[77.7032,12.9674],[77.7032,12.969700000000001],[77.7009,12.969700000000001],[77.7009,12.9674]]]},"properties":{"tree_count":1,"dominant_species":null}},{"type":"Feature","geometry":{"type":"Polygon","coordinates":[[[77.56060000000001,13.027199999999999],[77.5629,13.027199999999999],[77.5629,13.0295],[77.56060000000001,13.0295],[77.56060000000001,13.027199999999999]]]},"properties":{"tree_count":1,"dominant_species":null}},{"type":"Feature","geometry":{"type":"Polygon","coordinates":[[[77.6549,12.8501],[77.65719999999999,12.8501],[77.65719999999999,12.852400000000001],[77.6549,12.852400000000001],[77.6549,12.8501]]]},"properties":{"tree_count":1,"dominant_species":null}},{"type":"Feature","geometry":{"type":"Polygon","coordinates":[[[77.62270000000001,12.9996],[77.625,12.9996],[77.625,13.001900000000001],[77.62270000000001,13.001900000000001],[77.62270000000001,12.9996]]]},"properties":{"tree_count":190,"dominant_species":"Delonix regia"}},{"type":"Feature","geometry":{"type":"Polygon","coordinates":[[[77.6342,13.1146],[77.6365,13.1146],[77.6365,13.116900000000001],[77.6342,13.116900000000001],[77.6342,13.1146]]]},"properties":{"tree_count":95,"dominant_species":null}},{"type":"Feature","geometry":{"type":"Polygon","coordinates":[[[77.6342,13.1169],[77.6365,13.1169],[77.6365,13.119200000000001],[77.6342,13.119200000000001],[77.6342,13.1169]]]},"properties":{"tree_count":34,"dominant_species":null}},{"type":"Feature","geometry":{"type":"Polygon","coordinates":[[[77.6365,13.1146],[77.63879999999999,13.1146],[77.63879999999999,13.116900000000001],[77.6365,13.116900000000001],[77.6365,13.1146]]]},"properties":{"tree_count":1,"dominant_species":null}},{"type":"Feature","geometry":{"type":"Polygon","coordinates":[[[77.62270000000001,13.004199999999999],[77.625,13.004199999999999],[77.625,13.0065],[77.62270000000001,13.0065],[77.62270000000001,13.004199999999999]]]},"properties":{"tree_count":70,"dominant_species":null}},{"type":"Feature","geometry":{"type":"Polygon","coordinates":[[[77.6457,12.972],[77.648,12.972],[77.648,12.974300000000001],[77.6457,12.974300000000001],[77.6457,12.972]]]},"properties":{"tree_count":1,"dominant_species":null}},{"type":"Feature","geometry":{"type":"Polygon","coordinates":[[[77.5192,13.017999999999999],[77.52149999999999,13.017999999999999],[77.52149999999999,13.0203],[77.5192,13.0203],[77.5192,13.017999999999999]]]},"properties":{"tree_count":5,"dominant_species":"Muntingia calabura"}},{"type":"Feature","geometry":{"type":"Polygon","coordinates":[[[77.64110000000001,12.9651],[77.6434,12.9651],[77.6434,12.967400000000001],[77.64110000000001,12.967400000000001],[77.64110000000001,12.9651]]]},"properties":{"tree_count":6,"dominant_species":null}},{"type":"Feature","geometry":{"type":"Polygon","coordinates":[[[77.6388,12.9766],[77.6411,12.9766],[77.6411,12.978900000000001],[77.6388,12.978900000000001],[77.6388,12.9766]]]},"properties":{"tree_count":26,"dominant_species":null}},{"type":"Feature","geometry":{"type":"Polygon","coordinates":[[[77.64110000000001,12.9674],[77.6434,12.9674],[77.6434,12.969700000000001],[77.64110000000001,12.969700000000001],[77.64110000000001,12.9674]]]},"properties":{"tree_count":6,"dominant_species":null}},{"type":"Feature","geometry":{"type":"Polygon","coordinates":[[[77.64110000000001,12.9697],[77.6434,12.9697],[77.6434,12.972000000000001],[77.64110000000001,12.972000000000001],[77.64110000000001,12.9697]]]},"properties":{"tree_count":54,"dominant_species":"Albizia saman"}},{"type":"Feature","geometry":{"type":"Polygon","coordinates":[[[77.64110000000001,12.972],[77.6434,12.972],[77.6434,12.974300000000001],[77.64110000000001,12.974300000000001],[77.64110000000001,12.972]]]},"properties":{"tree_count":6,"dominant_species":null}},{"type":"Feature","geometry":{"type":"Polygon","coordinates":[[[77.64110000000001,12.9743],[77.6434,12.9743],[77.6434,12.976600000000001],[77.64110000000001,12.976600000000001],[77.64110000000001,12.9743]]]},"properties":{"tree_count":44,"dominant_species":"Albizia saman"}},{"type":"Feature","geometry":{"type":"Polygon","coordinates":[[[77.64110000000001,12.9835],[77.6434,12.9835],[77.6434,12.985800000000001],[77.64110000000001,12.985800000000001],[77.64110000000001,12.9835]]]},"properties":{"tree_count":1,"dominant_species":null}},{"type":"Feature","geometry":{"type":"Polygon","coordinates":[[[77.6388,12.9812],[77.6411,12.9812],[77.6411,12.983500000000001],[77.6388,12.983500000000001],[77.6388,12.9812]]]},"properties":{"tree_count":14,"dominant_species":null}},{"type":"Feature","geometry":{"type":"Polygon","coordinates":[[[77.6388,12.9789],[77.6411,12.9789],[77.6411,12.981200000000001],[77.6388,12.981200000000001],[77.6388,12.9789]]]},"properties":{"tree_count":58,"dominant_species":null}},{"type":"Feature","geometry":{"type":"Polygon","coordinates":[[[77.6181,12.972],[77.62039999999999,12.972],[77.62039999999999,12.974300000000001],[77.6181,12.974300000000001],[77.6181,12.972]]]},"properties":{"tree_count":14,"dominant_species":null}},{"type":"Feature","geometry":{"type":"Polygon","coordinates":[[[77.61580000000001,12.972],[77.6181,12.972],[77.6181,12.974300000000001],[77.61580000000001,12.974300000000001],[77.61580000000001,12.972]]]},"properties":{"tree_count":13,"dominant_species":null}},{"type":"Feature","geometry":{"type":"Polygon","coordinates":[[[77.602,12.9789],[77.6043,12.9789],[77.6043,12.981200000000001],[77.602,12.981200000000001],[77.602,12.9789]]]},"properties":{"tree_count":10,"dominant_species":null}},{"type":"Feature","geometry":{"type":"Polygon","coordinates":[[[77.6112,12.9743],[77.61349999999999,12.9743],[77.61349999999999,12.976600000000001],[77.6112,12.976600000000001],[77.6112,12.9743]]]},"properties":{"tree_count":19,"dominant_species":null}},{"type":"Feature","geometry":{"type":"Polygon","coordinates":[[[77.6089,12.9743],[77.6112,12.9743],[77.6112,12.976600000000001],[77.6089,12.976600000000001],[77.6089,12.9743]]]},"properties":{"tree_count":7,"dominant_species":null}},{"type":"Feature","geometry":{"type":"Polygon","coordinates":[[[77.6089,12.9766],[77.6112,12.9766],[77.6112,12.978900000000001],[77.6089,12.978900000000001],[77.6089,12.9766]]]},"properties":{"tree_count":17,"dominant_species":null}},{"type":"Feature","geometry":{"type":"Polygon","coordinates":[[[77.6066,12.9766],[77.60889999999999,12.9766],[77.60889999999999,12.978900000000001],[77.6066,12.978900000000001],[77.6066,12.9766]]]},"properties":{"tree_count":19,"dominant_species":null}},{"type":"Feature","geometry":{"type":"Polygon","coordinates":[[[77.60430000000001,12.9766],[77.6066,12.9766],[77.6066,12.978900000000001],[77.60430000000001,12.978900000000001],[77.60430000000001,12.9766]]]},"properties":{"tree_count":26,"dominant_species":null}},{"type":"Feature","geometry":{"type":"Polygon","coordinates":[[[77.602,12.9766],[77.6043,12.9766],[77.6043,12.978900000000001],[77.602,12.978900000000001],[77.602,12.9766]]]},"properties":{"tree_count":7,"dominant_species":null}},{"type":"Feature","geometry":{"type":"Polygon","coordinates":[[[77.5721,12.9766],[77.5744,12.9766],[77.5744,12.978900000000001],[77.5721,12.978900000000001],[77.5721,12.9766]]]},"properties":{"tree_count":13,"dominant_species":null}},{"type":"Feature","geometry":{"type":"Polygon","coordinates":[[[77.5698,12.9766],[77.57209999999999,12.9766],[77.57209999999999,12.978900000000001],[77.5698,12.978900000000001],[77.5698,12.9766]]]},"properties":{"tree_count":19,"dominant_species":null}},{"type":"Feature","geometry":{"type":"Polygon","coordinates":[[[77.56750000000001,12.9766],[77.5698,12.9766],[77.5698,12.978900000000001],[77.56750000000001,12.978900000000001],[77.56750000000001,12.9766]]]},"properties":{"tree_count":2,"dominant_species":null}},{"type":"Feature","geometry":{"type":"Polygon","coordinates":[[[77.5905,12.9766],[77.5928,12.9766],[77.5928,12.978900000000001],[77.5905,12.978900000000001],[77.5905,12.9766]]]},"properties":{"tree_count":6,"dominant_species":null}},{"type":"Feature","geometry":{"type":"Polygon","coordinates":[[[77.5928,12.9766],[77.59509999999999,12.9766],[77.59509999999999,12.978900000000001],[77.5928,12.978900000000001],[77.5928,12.9766]]]},"properties":{"tree_count":9,"dominant_species":null}},{"type":"Feature","geometry":{"type":"Polygon","coordinates":[[[77.556,13.011099999999999],[77.55829999999999,13.011099999999999],[77.55829999999999,13.0134],[77.556,13.0134],[77.556,13.011099999999999]]]},"properties":{"tree_count":29,"dominant_species":null}},{"type":"Feature","geometry":{"type":"Polygon","coordinates":[[[77.58590000000001,12.9766],[77.5882,12.9766],[77.5882,12.978900000000001],[77.58590000000001,12.978900000000001],[77.58590000000001,12.9766]]]},"properties":{"tree_count":4,"dominant_species":null}},{"type":"Feature","geometry":{"type":"Polygon","coordinates":[[[77.6457,12.9628],[77.648,12.9628],[77.648,12.965100000000001],[77.6457,12.965100000000001],[77.6457,12.9628]]]},"properties":{"tree_count":9,"dominant_species":null}},{"type":"Feature","geometry":{"type":"Polygon","coordinates":[[[77.6756,12.930599999999998],[77.6779,12.930599999999998],[77.6779,12.9329],[77.6756,12.9329],[77.6756,12.930599999999998]]]},"properties":{"tree_count":1,"dominant_species":null}},{"type":"Feature","geometry":{"type":"Polygon","coordinates":[[[77.6342,12.9605],[77.6365,12.9605],[77.6365,12.962800000000001],[77.6342,12.962800000000001],[77.6342,12.9605]]]},"properties":{"tree_count":1,"dominant_species":null}},{"type":"Feature","geometry":{"type":"Polygon","coordinates":[[[77.6066,12.972],[77.60889999999999,12.972],[77.60889999999999,12.974300000000001],[77.6066,12.974300000000001],[77.6066,12.972]]]},"properties":{"tree_count":1,"dominant_species":null}},{"type":"Feature","geometry":{"type":"Polygon","coordinates":[[[77.6273,12.928299999999998],[77.6296,12.928299999999998],[77.6296,12.9306],[77.6273,12.9306],[77.6273,12.928299999999998]]]},"properties":{"tree_count":1,"dominant_species":null}},{"type":"Feature","geometry":{"type":"Polygon","coordinates":[[[77.57900000000001,12.935199999999998],[77.5813,12.935199999999998],[77.5813,12.9375],[77.57900000000001,12.9375],[77.57900000000001,12.935199999999998]]]},"properties":{"tree_count":1,"dominant_species":null}},{"type":"Feature","geometry":{"type":"Polygon","coordinates":[[[77.6319,12.972],[77.63419999999999,12.972],[77.63419999999999,12.974300000000001],[77.6319,12.974300000000001],[77.6319,12.972]]]},"properties":{"tree_count":1,"dominant_species":"Cocos nucifera"}},{"type":"Feature","geometry":{"type":"Polygon","coordinates":[[[77.648,12.9674],[77.65029999999999,12.9674],[77.65029999999999,12.969700000000001],[77.648,12.969700000000001],[77.648,12.9674]]]},"properties":{"tree_count":22,"dominant_species":"Albizia saman"}},{"type":"Feature","geometry":{"type":"Polygon","coordinates":[[[77.6342,12.972],[77.6365,12.972],[77.6365,12.974300000000001],[77.6342,12.974300000000001],[77.6342,12.972]]]},"properties":{"tree_count":12,"dominant_species":"Spathodea campanulata"}},{"type":"Feature","geometry":{"type":"Polygon","coordinates":[[[77.6066,12.9674],[77.60889999999999,12.9674],[77.60889999999999,12.969700000000001],[77.6066,12.969700000000001],[77.6066,12.9674]]]},"properties":{"tree_count":10,"dominant_species":null}},{"type":"Feature","geometry":{"type":"Polygon","coordinates":[[[77.6135,12.930599999999998],[77.6158,12.930599999999998],[77.6158,12.9329],[77.6135,12.9329],[77.6135,12.930599999999998]]]},"properties":{"tree_count":5,"dominant_species":null}},{"type":"Feature","geometry":{"type":"Polygon","coordinates":[[[77.602,12.9812],[77.6043,12.9812],[77.6043,12.983500000000001],[77.602,12.983500000000001],[77.602,12.9812]]]},"properties":{"tree_count":1,"dominant_species":null}},{"type":"Feature","geometry":{"type":"Polygon","coordinates":[[[77.6434,12.9582],[77.64569999999999,12.9582],[77.64569999999999,12.960500000000001],[77.6434,12.960500000000001],[77.6434,12.9582]]]},"properties":{"tree_count":51,"dominant_species":"Albizia saman"}},{"type":"Feature","geometry":{"type":"Polygon","coordinates":[[[77.6434,12.9605],[77.64569999999999,12.9605],[77.64569999999999,12.962800000000001],[77.6434,12.962800000000001],[77.6434,12.9605]]]},"properties":{"tree_count":106,"dominant_species":"Albizia saman"}},{"type":"Feature","geometry":{"type":"Polygon","coordinates":[[[77.64110000000001,12.9582],[77.6434,12.9582],[77.6434,12.960500000000001],[77.64110000000001,12.960500000000001],[77.64110000000001,12.9582]]]},"properties":{"tree_count":4,"dominant_species":null}},{"type":"Feature","geometry":{"type":"Polygon","coordinates":[[[77.64110000000001,12.9605],[77.6434,12.9605],[77.6434,12.962800000000001],[77.64110000000001,12.962800000000001],[77.64110000000001,12.9605]]]},"properties":{"tree_count":1,"dominant_species":null}},{"type":"Feature","geometry":{"type":"Polygon","coordinates":[[[77.6434,12.9628],[77.64569999999999,12.9628],[77.64569999999999,12.965100000000001],[77.6434,12.965100000000001],[77.6434,12.9628]]]},"properties":{"tree_count":150,"dominant_species":null}},{"type":"Feature","geometry":{"type":"Polygon","coordinates":[[[77.6457,12.9605],[77.648,12.9605],[77.648,12.962800000000001],[77.6457,12.962800000000001],[77.6457,12.9605]]]},"properties":{"tree_count":47,"dominant_species":"Albizia saman"}},{"type":"Feature","geometry":{"type":"Polygon","coordinates":[[[77.6319,12.9743],[77.63419999999999,12.9743],[77.63419999999999,12.976600000000001],[77.6319,12.976600000000001],[77.6319,12.9743]]]},"properties":{"tree_count":13,"dominant_species":null}},{"type":"Feature","geometry":{"type":"Polygon","coordinates":[[[77.6388,12.9628],[77.6411,12.9628],[77.6411,12.965100000000001],[77.6388,12.965100000000001],[77.6388,12.9628]]]},"properties":{"tree_count":11,"dominant_species":null}},{"type":"Feature","geometry":{"type":"Polygon","coordinates":[[[77.5951,12.916799999999999],[77.5974,12.916799999999999],[77.5974,12.9191],[77.5951,12.9191],[77.5951,12.916799999999999]]]},"properties":{"tree_count":1,"dominant_species":null}},{"type":"Feature","geometry":{"type":"Polygon","coordinates":[[[77.6457,12.9789],[77.648,12.9789],[77.648,12.981200000000001],[77.6457,12.981200000000001],[77.6457,12.9789]]]},"properties":{"tree_count":17,"dominant_species":null}},{"type":"Feature","geometry":{"type":"Polygon","coordinates":[[[77.64110000000001,12.9789],[77.6434,12.9789],[77.6434,12.981200000000001],[77.64110000000001,12.981200000000001],[77.64110000000001,12.9789]]]},"properties":{"tree_count":37,"dominant_species":null}},{"type":"Feature","geometry":{"type":"Polygon","coordinates":[[[77.6434,12.9789],[77.64569999999999,12.9789],[77.64569999999999,12.981200000000001],[77.6434,12.981200000000001],[77.6434,12.9789]]]},"properties":{"tree_count":30,"dominant_species":"nucifera"}},{"type":"Feature","geometry":{"type":"Polygon","coordinates":[[[77.62270000000001,12.9789],[77.625,12.9789],[77.625,12.981200000000001],[77.62270000000001,12.981200000000001],[77.62270000000001,12.9789]]]},"properties":{"tree_count":1,"dominant_species":null}},{"type":"Feature","geometry":{"type":"Polygon","coordinates":[[[77.62270000000001,12.9812],[77.625,12.9812],[77.625,12.983500000000001],[77.62270000000001,12.983500000000001],[77.62270000000001,12.9812]]]},"properties":{"tree_count":3,"dominant_species":null}},{"type":"Feature","geometry":{"type":"Polygon","coordinates":[[[77.7124,12.9651],[77.7147,12.9651],[77.7147,12.967400000000001],[77.7124,12.967400000000001],[77.7124,12.9651]]]},"properties":{"tree_count":63,"dominant_species":"T. rosea"}},{"type":"Feature","geometry":{"type":"Polygon","coordinates":[[[77.7101,12.9651],[77.71239999999999,12.9651],[77.71239999999999,12.967400000000001],[77.7101,12.967400000000001],[77.7101,12.9651]]]},"properties":{"tree_count":110,"dominant_species":null}},{"type":"Feature","geometry":{"type":"Polygon","coordinates":[[[77.7124,12.9674],[77.7147,12.9674],[77.7147,12.969700000000001],[77.7124,12.969700000000001],[77.7124,12.9674]]]},"properties":{"tree_count":17,"dominant_species":null}},{"type":"Feature","geometry":{"type":"Polygon","coordinates":[[[77.6388,12.9674],[77.6411,12.9674],[77.6411,12.969700000000001],[77.6388,12.969700000000001],[77.6388,12.9674]]]},"properties":{"tree_count":2,"dominant_species":null}},{"type":"Feature","geometry":{"type":"Polygon","coordinates":[[[77.6365,12.9674],[77.63879999999999,12.9674],[77.63879999999999,12.969700000000001],[77.6365,12.969700000000001],[77.6365,12.9674]]]},"properties":{"tree_count":12,"dominant_species":null}},{"type":"Feature","geometry":{"type":"Polygon","coordinates":[[[77.6342,12.9697],[77.6365,12.9697],[77.6365,12.972000000000001],[77.6342,12.972000000000001],[77.6342,12.9697]]]},"properties":{"tree_count":15,"dominant_species":null}},{"type":"Feature","geometry":{"type":"Polygon","coordinates":[[[77.5951,12.919099999999998],[77.5974,12.919099999999998],[77.5974,12.9214],[77.5951,12.9214],[77.5951,12.919099999999998]]]},"properties":{"tree_count":1,"dominant_species":null}},{"type":"Feature","geometry":{"type":"Polygon","coordinates":[[[77.5721,13.0847],[77.5744,13.0847],[77.5744,13.087000000000002],[77.5721,13.087000000000002],[77.5721,13.0847]]]},"properties":{"tree_count":2,"dominant_species":null}},{"type":"Feature","geometry":{"type":"Polygon","coordinates":[[[77.5721,13.087],[77.5744,13.087],[77.5744,13.089300000000001],[77.5721,13.089300000000001],[77.5721,13.087]]]},"properties":{"tree_count":3,"dominant_species":null}},{"type":"Feature","geometry":{"type":"Polygon","coordinates":[[[77.5744,13.087],[77.57669999999999,13.087],[77.57669999999999,13.089300000000001],[77.5744,13.089300000000001],[77.5744,13.087]]]},"properties":{"tree_count":2,"dominant_species":null}},{"type":"Feature","geometry":{"type":"Polygon","coordinates":[[[77.5767,13.087],[77.579,13.087],[77.579,13.089300000000001],[77.5767,13.089300000000001],[77.5767,13.087]]]},"properties":{"tree_count":1,"dominant_species":null}},{"type":"Feature","geometry":{"type":"Polygon","coordinates":[[[77.5744,13.0893],[77.57669999999999,13.0893],[77.57669999999999,13.091600000000001],[77.5744,13.091600000000001],[77.5744,13.0893]]]},"properties":{"tree_count":1,"dominant_species":null}},{"type":"Feature","geometry":{"type":"Polygon","coordinates":[[[77.5767,13.0893],[77.579,13.0893],[77.579,13.091600000000001],[77.5767,13.091600000000001],[77.5767,13.0893]]]},"properties":{"tree_count":1,"dominant_species":null}},{"type":"Feature","geometry":{"type":"Polygon","coordinates":[[[77.57900000000001,13.0893],[77.5813,13.0893],[77.5813,13.091600000000001],[77.57900000000001,13.091600000000001],[77.57900000000001,13.0893]]]},"properties":{"tree_count":2,"dominant_species":null}},{"type":"Feature","geometry":{"type":"Polygon","coordinates":[[[77.58590000000001,12.9651],[77.5882,12.9651],[77.5882,12.967400000000001],[77.58590000000001,12.967400000000001],[77.58590000000001,12.9651]]]},"properties":{"tree_count":16,"dominant_species":null}},{"type":"Feature","geometry":{"type":"Polygon","coordinates":[[[77.5836,12.9651],[77.5859,12.9651],[77.5859,12.967400000000001],[77.5836,12.967400000000001],[77.5836,12.9651]]]},"properties":{"tree_count":2,"dominant_species":null}},{"type":"Feature","geometry":{"type":"Polygon","coordinates":[[[77.6457,12.9697],[77.648,12.9697],[77.648,12.972000000000001],[77.6457,12.972000000000001],[77.6457,12.9697]]]},"properties":{"tree_count":15,"dominant_species":null}},{"type":"Feature","geometry":{"type":"Polygon","coordinates":[[[77.6434,12.9674],[77.64569999999999,12.9674],[77.64569999999999,12.969700000000001],[77.6434,12.969700000000001],[77.6434,12.9674]]]},"properties":{"tree_count":1,"dominant_species":null}},{"type":"Feature","geometry":{"type":"Polygon","coordinates":[[[77.6434,12.9697],[77.64569999999999,12.9697],[77.64569999999999,12.972000000000001],[77.6434,12.972000000000001],[77.6434,12.9697]]]},"properties":{"tree_count":29,"dominant_species":null}},{"type":"Feature","geometry":{"type":"Polygon","coordinates":[[[77.6365,12.9697],[77.63879999999999,12.9697],[77.63879999999999,12.972000000000001],[77.6365,12.972000000000001],[77.6365,12.9697]]]},"properties":{"tree_count":33,"dominant_species":null}},{"type":"Feature","geometry":{"type":"Polygon","coordinates":[[[77.6526,12.972],[77.6549,12.972],[77.6549,12.974300000000001],[77.6526,12.974300000000001],[77.6526,12.972]]]},"properties":{"tree_count":1,"dominant_species":null}},{"type":"Feature","geometry":{"type":"Polygon","coordinates":[[[77.6365,12.972],[77.63879999999999,12.972],[77.63879999999999,12.974300000000001],[77.6365,12.974300000000001],[77.6365,12.972]]]},"properties":{"tree_count":1,"dominant_species":null}},{"type":"Feature","geometry":{"type":"Polygon","coordinates":[[[77.6434,12.9743],[77.64569999999999,12.9743],[77.64569999999999,12.976600000000001],[77.6434,12.976600000000001],[77.6434,12.9743]]]},"properties":{"tree_count":2,"dominant_species":null}},{"type":"Feature","geometry":{"type":"Polygon","coordinates":[[[77.6365,12.9743],[77.63879999999999,12.9743],[77.63879999999999,12.976600000000001],[77.6365,12.976600000000001],[77.6365,12.9743]]]},"properties":{"tree_count":42,"dominant_species":null}},{"type":"Feature","geometry":{"type":"Polygon","coordinates":[[[77.6388,12.9743],[77.6411,12.9743],[77.6411,12.976600000000001],[77.6388,12.976600000000001],[77.6388,12.9743]]]},"properties":{"tree_count":41,"dominant_species":null}},{"type":"Feature","geometry":{"type":"Polygon","coordinates":[[[77.533,12.9881],[77.53529999999999,12.9881],[77.53529999999999,12.990400000000001],[77.533,12.990400000000001],[77.533,12.9881]]]},"properties":{"tree_count":34,"dominant_species":null}},{"type":"Feature","geometry":{"type":"Polygon","coordinates":[[[77.5353,12.9881],[77.5376,12.9881],[77.5376,12.990400000000001],[77.5353,12.990400000000001],[77.5353,12.9881]]]},"properties":{"tree_count":19,"dominant_species":"Ficus benghalensis"}},{"type":"Feature","geometry":{"type":"Polygon","coordinates":[[[77.5353,12.9904],[77.5376,12.9904],[77.5376,12.992700000000001],[77.5353,12.992700000000001],[77.5353,12.9904]]]},"properties":{"tree_count":28,"dominant_species":null}},{"type":"Feature","geometry":{"type":"Polygon","coordinates":[[[77.533,12.9904],[77.53529999999999,12.9904],[77.53529999999999,12.992700000000001],[77.533,12.992700000000001],[77.533,12.9904]]]},"properties":{"tree_count":41,"dominant_species":null}},{"type":"Feature","geometry":{"type":"Polygon","coordinates":[[[77.6181,12.9858],[77.62039999999999,12.9858],[77.62039999999999,12.988100000000001],[77.6181,12.988100000000001],[77.6181,12.9858]]]},"properties":{"tree_count":2,"dominant_species":null}},{"type":"Feature","geometry":{"type":"Polygon","coordinates":[[[77.5629,13.015699999999999],[77.56519999999999,13.015699999999999],[77.56519999999999,13.018],[77.5629,13.018],[77.5629,13.015699999999999]]]},"properties":{"tree_count":1,"dominant_species":"littoralis"}},{"type":"Feature","geometry":{"type":"Polygon","coordinates":[[[77.6342,12.9743],[77.6365,12.9743],[77.6365,12.976600000000001],[77.6342,12.976600000000001],[77.6342,12.9743]]]},"properties":{"tree_count":89,"dominant_species":null}},{"type":"Feature","geometry":{"type":"Polygon","coordinates":[[[77.6365,12.9766],[77.63879999999999,12.9766],[77.63879999999999,12.978900000000001],[77.6365,12.978900000000001],[77.6365,12.9766]]]},"properties":{"tree_count":21,"dominant_species":null}},{"type":"Feature","geometry":{"type":"Polygon","coordinates":[[[77.6342,12.9835],[77.6365,12.9835],[77.6365,12.985800000000001],[77.6342,12.985800000000001],[77.6342,12.9835]]]},"properties":{"tree_count":2,"dominant_species":null}},{"type":"Feature","geometry":{"type":"Polygon","coordinates":[[[77.6526,12.9743],[77.6549,12.9743],[77.6549,12.976600000000001],[77.6526,12.976600000000001],[77.6526,12.9743]]]},"properties":{"tree_count":1,"dominant_species":null}},{"type":"Feature","geometry":{"type":"Polygon","coordinates":[[[77.6434,12.9651],[77.64569999999999,12.9651],[77.64569999999999,12.967400000000001],[77.6434,12.967400000000001],[77.6434,12.9651]]]},"properties":{"tree_count":1,"dominant_species":null}},{"type":"Feature","geometry":{"type":"Polygon","coordinates":[[[77.6457,12.9674],[77.648,12.9674],[77.648,12.969700000000001],[77.6457,12.969700000000001],[77.6457,12.9674]]]},"properties":{"tree_count":2,"dominant_species":null}},{"type":"Feature","geometry":{"type":"Polygon","coordinates":[[[77.6066,12.9743],[77.60889999999999,12.9743],[77.60889999999999,12.976600000000001],[77.6066,12.976600000000001],[77.6066,12.9743]]]},"properties":{"tree_count":2,"dominant_species":null}},{"type":"Feature","geometry":{"type":"Polygon","coordinates":[[[77.6388,12.9697],[77.6411,12.9697],[77.6411,12.972000000000001],[77.6388,12.972000000000001],[77.6388,12.9697]]]},"properties":{"tree_count":22,"dominant_species":null}},{"type":"Feature","geometry":{"type":"Polygon","coordinates":[[[77.6388,12.921399999999998],[77.6411,12.921399999999998],[77.6411,12.9237],[77.6388,12.9237],[77.6388,12.921399999999998]]]},"properties":{"tree_count":1,"dominant_species":null}},{"type":"Feature","geometry":{"type":"Polygon","coordinates":[[[77.648,12.9628],[77.65029999999999,12.9628],[77.65029999999999,12.965100000000001],[77.648,12.965100000000001],[77.648,12.9628]]]},"properties":{"tree_count":1,"dominant_species":null}},{"type":"Feature","geometry":{"type":"Polygon","coordinates":[[[77.6802,12.946699999999998],[77.68249999999999,12.946699999999998],[77.68249999999999,12.949],[77.6802,12.949],[77.6802,12.946699999999998]]]},"properties":{"tree_count":1,"dominant_species":null}},{"type":"Feature","geometry":{"type":"Polygon","coordinates":[[[77.6457,12.9582],[77.648,12.9582],[77.648,12.960500000000001],[77.6457,12.960500000000001],[77.6457,12.9582]]]},"properties":{"tree_count":1,"dominant_species":null}},{"type":"Feature","geometry":{"type":"Polygon","coordinates":[[[77.5836,13.008799999999999],[77.5859,13.008799999999999],[77.5859,13.0111],[77.5836,13.0111],[77.5836,13.008799999999999]]]},"properties":{"tree_count":1,"dominant_species":null}},{"type":"Feature","geometry":{"type":"Polygon","coordinates":[[[77.6135,12.939799999999998],[77.6158,12.939799999999998],[77.6158,12.9421],[77.6135,12.9421],[77.6135,12.939799999999998]]]},"properties":{"tree_count":5,"dominant_species":null}},{"type":"Feature","geometry":{"type":"Polygon","coordinates":[[[77.56750000000001,12.942099999999998],[77.5698,12.942099999999998],[77.5698,12.9444],[77.56750000000001,12.9444],[77.56750000000001,12.942099999999998]]]},"properties":{"tree_count":22,"dominant_species":null}},{"type":"Feature","geometry":{"type":"Polygon","coordinates":[[[77.5652,12.942099999999998],[77.5675,12.942099999999998],[77.5675,12.9444],[77.5652,12.9444],[77.5652,12.942099999999998]]]},"properties":{"tree_count":28,"dominant_species":null}},{"type":"Feature","geometry":{"type":"Polygon","coordinates":[[[77.5652,12.944399999999998],[77.5675,12.944399999999998],[77.5675,12.9467],[77.5652,12.9467],[77.5652,12.944399999999998]]]},"properties":{"tree_count":14,"dominant_species":null}},{"type":"Feature","geometry":{"type":"Polygon","coordinates":[[[77.56750000000001,12.944399999999998],[77.5698,12.944399999999998],[77.5698,12.9467],[77.56750000000001,12.9467],[77.56750000000001,12.944399999999998]]]},"properties":{"tree_count":12,"dominant_species":null}},{"type":"Feature","geometry":{"type":"Polygon","coordinates":[[[77.5698,13.013399999999999],[77.57209999999999,13.013399999999999],[77.57209999999999,13.0157],[77.5698,13.0157],[77.5698,13.013399999999999]]]},"properties":{"tree_count":57,"dominant_species":null}},{"type":"Feature","geometry":{"type":"Polygon","coordinates":[[[77.56750000000001,13.013399999999999],[77.5698,13.013399999999999],[77.5698,13.0157],[77.56750000000001,13.0157],[77.56750000000001,13.013399999999999]]]},"properties":{"tree_count":25,"dominant_species":null}},{"type":"Feature","geometry":{"type":"Polygon","coordinates":[[[77.56750000000001,13.011099999999999],[77.5698,13.011099999999999],[77.5698,13.0134],[77.56750000000001,13.0134],[77.56750000000001,13.011099999999999]]]},"properties":{"tree_count":4,"dominant_species":"Albizia lebbeck"}},{"type":"Feature","geometry":{"type":"Polygon","coordinates":[[[77.5698,12.942099999999998],[77.57209999999999,12.942099999999998],[77.57209999999999,12.9444],[77.5698,12.9444],[77.5698,12.942099999999998]]]},"properties":{"tree_count":26,"dominant_species":null}},{"type":"Feature","geometry":{"type":"Polygon","coordinates":[[[77.56750000000001,12.939799999999998],[77.5698,12.939799999999998],[77.5698,12.9421],[77.56750000000001,12.9421],[77.56750000000001,12.939799999999998]]]},"properties":{"tree_count":1,"dominant_species":null}},{"type":"Feature","geometry":{"type":"Polygon","coordinates":[[[77.5698,12.939799999999998],[77.57209999999999,12.939799999999998],[77.57209999999999,12.9421],[77.5698,12.9421],[77.5698,12.939799999999998]]]},"properties":{"tree_count":11,"dominant_species":null}},{"type":"Feature","geometry":{"type":"Polygon","coordinates":[[[77.5721,12.916799999999999],[77.5744,12.916799999999999],[77.5744,12.9191],[77.5721,12.9191],[77.5721,12.916799999999999]]]},"properties":{"tree_count":1,"dominant_species":null}},{"type":"Feature","geometry":{"type":"Polygon","coordinates":[[[77.62270000000001,12.944399999999998],[77.625,12.944399999999998],[77.625,12.9467],[77.62270000000001,12.9467],[77.62270000000001,12.944399999999998]]]},"properties":{"tree_count":11,"dominant_species":null}},{"type":"Feature","geometry":{"type":"Polygon","coordinates":[[[77.62270000000001,12.942099999999998],[77.625,12.942099999999998],[77.625,12.9444],[77.62270000000001,12.9444],[77.62270000000001,12.942099999999998]]]},"properties":{"tree_count":1,"dominant_species":null}},{"type":"Feature","geometry":{"type":"Polygon","coordinates":[[[77.6802,12.942099999999998],[77.68249999999999,12.942099999999998],[77.68249999999999,12.9444],[77.6802,12.9444],[77.6802,12.942099999999998]]]},"properties":{"tree_count":1,"dominant_species":"Ficus religiosa"}},{"type":"Feature","geometry":{"type":"Polygon","coordinates":[[[77.67790000000001,12.942099999999998],[77.6802,12.942099999999998],[77.6802,12.9444],[77.67790000000001,12.9444],[77.67790000000001,12.942099999999998]]]},"properties":{"tree_count":1,"dominant_species":"Ficus religiosa"}},{"type":"Feature","geometry":{"type":"Polygon","coordinates":[[[77.53070000000001,13.017999999999999],[77.533,13.017999999999999],[77.533,13.0203],[77.53070000000001,13.0203],[77.53070000000001,13.017999999999999]]]},"properties":{"tree_count":1,"dominant_species":null}},{"type":"Feature","geometry":{"type":"Polygon","coordinates":[[[77.7538,12.877699999999999],[77.75609999999999,12.877699999999999],[77.75609999999999,12.88],[77.7538,12.88],[77.7538,12.877699999999999]]]},"properties":{"tree_count":1,"dominant_species":null}},{"type":"Feature","geometry":{"type":"Polygon","coordinates":[[[77.694,12.891499999999999],[77.6963,12.891499999999999],[77.6963,12.8938],[77.694,12.8938],[77.694,12.891499999999999]]]},"properties":{"tree_count":1,"dominant_species":null}},{"type":"Feature","geometry":{"type":"Polygon","coordinates":[[[77.6135,12.9651],[77.6158,12.9651],[77.6158,12.967400000000001],[77.6135,12.967400000000001],[77.6135,12.9651]]]},"properties":{"tree_count":2,"dominant_species":null}},{"type":"Feature","geometry":{"type":"Polygon","coordinates":[[[77.6457,13.006499999999999],[77.648,13.006499999999999],[77.648,13.0088],[77.6457,13.0088],[77.6457,13.006499999999999]]]},"properties":{"tree_count":5,"dominant_species":"Grevillea robusta"}},{"type":"Feature","geometry":{"type":"Polygon","coordinates":[[[77.56750000000001,12.9973],[77.5698,12.9973],[77.5698,12.999600000000001],[77.56750000000001,12.999600000000001],[77.56750000000001,12.9973]]]},"properties":{"tree_count":12,"dominant_species":null}},{"type":"Feature","geometry":{"type":"Polygon","coordinates":[[[77.6342,13.031799999999999],[77.6365,13.031799999999999],[77.6365,13.0341],[77.6342,13.0341],[77.6342,13.031799999999999]]]},"properties":{"tree_count":1,"dominant_species":null}},{"type":"Feature","geometry":{"type":"Polygon","coordinates":[[[77.648,12.9812],[77.65029999999999,12.9812],[77.65029999999999,12.983500000000001],[77.648,12.983500000000001],[77.648,12.9812]]]},"properties":{"tree_count":41,"dominant_species":"Indica"}},{"type":"Feature","geometry":{"type":"Polygon","coordinates":[[[77.648,12.9789],[77.65029999999999,12.9789],[77.65029999999999,12.981200000000001],[77.648,12.981200000000001],[77.648,12.9789]]]},"properties":{"tree_count":3,"dominant_species":null}},{"type":"Feature","geometry":{"type":"Polygon","coordinates":[[[77.6457,12.9812],[77.648,12.9812],[77.648,12.983500000000001],[77.6457,12.983500000000001],[77.6457,12.9812]]]},"properties":{"tree_count":11,"dominant_species":"Arecaceae"}},{"type":"Feature","geometry":{"type":"Polygon","coordinates":[[[77.54910000000001,12.9835],[77.5514,12.9835],[77.5514,12.985800000000001],[77.54910000000001,12.985800000000001],[77.54910000000001,12.9835]]]},"properties":{"tree_count":5,"dominant_species":null}},{"type":"Feature","geometry":{"type":"Polygon","coordinates":[[[77.7101,12.9697],[77.71239999999999,12.9697],[77.71239999999999,12.972000000000001],[77.7101,12.972000000000001],[77.7101,12.9697]]]},"properties":{"tree_count":4,"dominant_species":null}},{"type":"Feature","geometry":{"type":"Polygon","coordinates":[[[77.7124,12.9697],[77.7147,12.9697],[77.7147,12.972000000000001],[77.7124,12.972000000000001],[77.7124,12.9697]]]},"properties":{"tree_count":41,"dominant_species":null}},{"type":"Feature","geometry":{"type":"Polygon","coordinates":[[[77.6618,12.9582],[77.66409999999999,12.9582],[77.66409999999999,12.960500000000001],[77.6618,12.960500000000001],[77.6618,12.9582]]]},"properties":{"tree_count":2,"dominant_species":null}},{"type":"Feature","geometry":{"type":"Polygon","coordinates":[[[77.50540000000001,13.059399999999998],[77.5077,13.059399999999998],[77.5077,13.0617],[77.50540000000001,13.0617],[77.50540000000001,13.059399999999998]]]},"properties":{"tree_count":14,"dominant_species":null}},{"type":"Feature","geometry":{"type":"Polygon","coordinates":[[[77.6342,12.9559],[77.6365,12.9559],[77.6365,12.958200000000001],[77.6342,12.958200000000001],[77.6342,12.9559]]]},"properties":{"tree_count":2,"dominant_species":null}},{"type":"Feature","geometry":{"type":"Polygon","coordinates":[[[77.556,12.9835],[77.55829999999999,12.9835],[77.55829999999999,12.985800000000001],[77.556,12.985800000000001],[77.556,12.9835]]]},"properties":{"tree_count":2,"dominant_species":null}},{"type":"Feature","geometry":{"type":"Polygon","coordinates":[[[77.6503,13.024899999999999],[77.65259999999999,13.024899999999999],[77.65259999999999,13.0272],[77.6503,13.0272],[77.6503,13.024899999999999]]]},"properties":{"tree_count":3,"dominant_species":null}},{"type":"Feature","geometry":{"type":"Polygon","coordinates":[[[77.6802,12.905299999999999],[77.68249999999999,12.905299999999999],[77.68249999999999,12.9076],[77.6802,12.9076],[77.6802,12.905299999999999]]]},"properties":{"tree_count":3,"dominant_species":"ArtocArpus heterophyllus"}},{"type":"Feature","geometry":{"type":"Polygon","coordinates":[[[77.6756,12.912199999999999],[77.6779,12.912199999999999],[77.6779,12.9145],[77.6756,12.9145],[77.6756,12.912199999999999]]]},"properties":{"tree_count":2,"dominant_species":null}},{"type":"Feature","geometry":{"type":"Polygon","coordinates":[[[77.6825,12.907599999999999],[77.6848,12.907599999999999],[77.6848,12.9099],[77.6825,12.9099],[77.6825,12.907599999999999]]]},"properties":{"tree_count":2,"dominant_species":null}},{"type":"Feature","geometry":{"type":"Polygon","coordinates":[[[77.6204,12.948999999999998],[77.6227,12.948999999999998],[77.6227,12.9513],[77.6204,12.9513],[77.6204,12.948999999999998]]]},"properties":{"tree_count":1,"dominant_species":null}},{"type":"Feature","geometry":{"type":"Polygon","coordinates":[[[77.52380000000001,12.879999999999999],[77.5261,12.879999999999999],[77.5261,12.8823],[77.52380000000001,12.8823],[77.52380000000001,12.879999999999999]]]},"properties":{"tree_count":1,"dominant_species":null}},{"type":"Feature","geometry":{"type":"Polygon","coordinates":[[[77.648,12.909899999999999],[77.65029999999999,12.909899999999999],[77.65029999999999,12.9122],[77.648,12.9122],[77.648,12.909899999999999]]]},"properties":{"tree_count":1,"dominant_species":null}},{"type":"Feature","geometry":{"type":"Polygon","coordinates":[[[77.7285,12.9697],[77.73079999999999,12.9697],[77.73079999999999,12.972000000000001],[77.7285,12.972000000000001],[77.7285,12.9697]]]},"properties":{"tree_count":9,"dominant_species":null}},{"type":"Feature","geometry":{"type":"Polygon","coordinates":[[[77.7285,12.9674],[77.73079999999999,12.9674],[77.73079999999999,12.969700000000001],[77.7285,12.969700000000001],[77.7285,12.9674]]]},"properties":{"tree_count":5,"dominant_species":null}},{"type":"Feature","geometry":{"type":"Polygon","coordinates":[[[77.7124,12.9559],[77.7147,12.9559],[77.7147,12.958200000000001],[77.7124,12.958200000000001],[77.7124,12.9559]]]},"properties":{"tree_count":1,"dominant_species":"Ficus benghalensis"}},{"type":"Feature","geometry":{"type":"Polygon","coordinates":[[[77.671,12.9628],[77.6733,12.9628],[77.6733,12.965100000000001],[77.671,12.965100000000001],[77.671,12.9628]]]},"properties":{"tree_count":1,"dominant_species":null}},{"type":"Feature","geometry":{"type":"Polygon","coordinates":[[[77.60430000000001,12.9697],[77.6066,12.9697],[77.6066,12.972000000000001],[77.60430000000001,12.972000000000001],[77.60430000000001,12.9697]]]},"properties":{"tree_count":1,"dominant_species":null}},{"type":"Feature","geometry":{"type":"Polygon","coordinates":[[[77.5031,12.9904],[77.5054,12.9904],[77.5054,12.992700000000001],[77.5031,12.992700000000001],[77.5031,12.9904]]]},"properties":{"tree_count":1,"dominant_species":null}},{"type":"Feature","geometry":{"type":"Polygon","coordinates":[[[77.6135,12.9674],[77.6158,12.9674],[77.6158,12.969700000000001],[77.6135,12.969700000000001],[77.6135,12.9674]]]},"properties":{"tree_count":1,"dominant_species":null}},{"type":"Feature","geometry":{"type":"Polygon","coordinates":[[[77.5767,13.070899999999998],[77.579,13.070899999999998],[77.579,13.0732],[77.5767,13.0732],[77.5767,13.070899999999998]]]},"properties":{"tree_count":1,"dominant_species":null}},{"type":"Feature","geometry":{"type":"Polygon","coordinates":[[[77.6457,12.9858],[77.648,12.9858],[77.648,12.988100000000001],[77.6457,12.988100000000001],[77.6457,12.9858]]]},"properties":{"tree_count":1,"dominant_species":null}},{"type":"Feature","geometry":{"type":"Polygon","coordinates":[[[77.5353,12.935199999999998],[77.5376,12.935199999999998],[77.5376,12.9375],[77.5353,12.9375],[77.5353,12.935199999999998]]]},"properties":{"tree_count":1,"dominant_species":null}},{"type":"Feature","geometry":{"type":"Polygon","coordinates":[[[77.5537,13.011099999999999],[77.556,13.011099999999999],[77.556,13.0134],[77.5537,13.0134],[77.5537,13.011099999999999]]]},"properties":{"tree_count":13,"dominant_species":null}},{"type":"Feature","geometry":{"type":"Polygon","coordinates":[[[77.5905,12.891499999999999],[77.5928,12.891499999999999],[77.5928,12.8938],[77.5905,12.8938],[77.5905,12.891499999999999]]]},"properties":{"tree_count":2,"dominant_species":null}},{"type":"Feature","geometry":{"type":"Polygon","coordinates":[[[77.5905,12.893799999999999],[77.5928,12.893799999999999],[77.5928,12.8961],[77.5905,12.8961],[77.5905,12.893799999999999]]]},"properties":{"tree_count":2,"dominant_species":null}},{"type":"Feature","geometry":{"type":"Polygon","coordinates":[[[77.6066,12.9697],[77.60889999999999,12.9697],[77.60889999999999,12.972000000000001],[77.6066,12.972000000000001],[77.6066,12.9697]]]},"properties":{"tree_count":4,"dominant_species":null}},{"type":"Feature","geometry":{"type":"Polygon","coordinates":[[[77.4893,12.921399999999998],[77.49159999999999,12.921399999999998],[77.49159999999999,12.9237],[77.4893,12.9237],[77.4893,12.921399999999998]]]},"properties":{"tree_count":6,"dominant_species":null}},{"type":"Feature","geometry":{"type":"Polygon","coordinates":[[[77.48700000000001,12.919099999999998],[77.4893,12.919099999999998],[77.4893,12.9214],[77.48700000000001,12.9214],[77.48700000000001,12.919099999999998]]]},"properties":{"tree_count":8,"dominant_species":null}},{"type":"Feature","geometry":{"type":"Polygon","coordinates":[[[77.4824,12.916799999999999],[77.48469999999999,12.916799999999999],[77.48469999999999,12.9191],[77.4824,12.9191],[77.4824,12.916799999999999]]]},"properties":{"tree_count":2,"dominant_species":null}},{"type":"Feature","geometry":{"type":"Polygon","coordinates":[[[77.4893,12.919099999999998],[77.49159999999999,12.919099999999998],[77.49159999999999,12.9214],[77.4893,12.9214],[77.4893,12.919099999999998]]]},"properties":{"tree_count":2,"dominant_species":null}},{"type":"Feature","geometry":{"type":"Polygon","coordinates":[[[77.4916,12.909899999999999],[77.4939,12.909899999999999],[77.4939,12.9122],[77.4916,12.9122],[77.4916,12.909899999999999]]]},"properties":{"tree_count":5,"dominant_species":null}},{"type":"Feature","geometry":{"type":"Polygon","coordinates":[[[77.5077,12.925999999999998],[77.50999999999999,12.925999999999998],[77.50999999999999,12.9283],[77.5077,12.9283],[77.5077,12.925999999999998]]]},"properties":{"tree_count":1,"dominant_species":null}},{"type":"Feature","geometry":{"type":"Polygon","coordinates":[[[77.4893,12.914499999999999],[77.49159999999999,12.914499999999999],[77.49159999999999,12.9168],[77.4893,12.9168],[77.4893,12.914499999999999]]]},"properties":{"tree_count":1,"dominant_species":null}},{"type":"Feature","geometry":{"type":"Polygon","coordinates":[[[77.50540000000001,12.925999999999998],[77.5077,12.925999999999998],[77.5077,12.9283],[77.50540000000001,12.9283],[77.50540000000001,12.925999999999998]]]},"properties":{"tree_count":3,"dominant_species":null}},{"type":"Feature","geometry":{"type":"Polygon","coordinates":[[[77.5077,12.928299999999998],[77.50999999999999,12.928299999999998],[77.50999999999999,12.9306],[77.5077,12.9306],[77.5077,12.928299999999998]]]},"properties":{"tree_count":4,"dominant_species":null}},{"type":"Feature","geometry":{"type":"Polygon","coordinates":[[[77.50540000000001,12.928299999999998],[77.5077,12.928299999999998],[77.5077,12.9306],[77.50540000000001,12.9306],[77.50540000000001,12.928299999999998]]]},"properties":{"tree_count":1,"dominant_species":null}},{"type":"Feature","geometry":{"type":"Polygon","coordinates":[[[77.5077,12.916799999999999],[77.50999999999999,12.916799999999999],[77.50999999999999,12.9191],[77.5077,12.9191],[77.5077,12.916799999999999]]]},"properties":{"tree_count":3,"dominant_species":null}},{"type":"Feature","geometry":{"type":"Polygon","coordinates":[[[77.5077,12.914499999999999],[77.50999999999999,12.914499999999999],[77.50999999999999,12.9168],[77.5077,12.9168],[77.5077,12.914499999999999]]]},"properties":{"tree_count":2,"dominant_species":null}},{"type":"Feature","geometry":{"type":"Polygon","coordinates":[[[77.50540000000001,12.916799999999999],[77.5077,12.916799999999999],[77.5077,12.9191],[77.50540000000001,12.9191],[77.50540000000001,12.916799999999999]]]},"properties":{"tree_count":3,"dominant_species":null}},{"type":"Feature","geometry":{"type":"Polygon","coordinates":[[[77.50540000000001,12.914499999999999],[77.5077,12.914499999999999],[77.5077,12.9168],[77.50540000000001,12.9168],[77.50540000000001,12.914499999999999]]]},"properties":{"tree_count":4,"dominant_species":null}},{"type":"Feature","geometry":{"type":"Polygon","coordinates":[[[77.51,12.914499999999999],[77.5123,12.914499999999999],[77.5123,12.9168],[77.51,12.9168],[77.51,12.914499999999999]]]},"properties":{"tree_count":1,"dominant_species":null}},{"type":"Feature","geometry":{"type":"Polygon","coordinates":[[[77.50540000000001,12.912199999999999],[77.5077,12.912199999999999],[77.5077,12.9145],[77.50540000000001,12.9145],[77.50540000000001,12.912199999999999]]]},"properties":{"tree_count":6,"dominant_species":null}},{"type":"Feature","geometry":{"type":"Polygon","coordinates":[[[77.5123,12.912199999999999],[77.51459999999999,12.912199999999999],[77.51459999999999,12.9145],[77.5123,12.9145],[77.5123,12.912199999999999]]]},"properties":{"tree_count":11,"dominant_species":null}},{"type":"Feature","geometry":{"type":"Polygon","coordinates":[[[77.4962,12.916799999999999],[77.49849999999999,12.916799999999999],[77.49849999999999,12.9191],[77.4962,12.9191],[77.4962,12.916799999999999]]]},"properties":{"tree_count":4,"dominant_species":null}},{"type":"Feature","geometry":{"type":"Polygon","coordinates":[[[77.4939,12.916799999999999],[77.49619999999999,12.916799999999999],[77.49619999999999,12.9191],[77.4939,12.9191],[77.4939,12.916799999999999]]]},"properties":{"tree_count":2,"dominant_species":null}},{"type":"Feature","geometry":{"type":"Polygon","coordinates":[[[77.6365,13.015699999999999],[77.63879999999999,13.015699999999999],[77.63879999999999,13.018],[77.6365,13.018],[77.6365,13.015699999999999]]]},"properties":{"tree_count":1,"dominant_species":null}},{"type":"Feature","geometry":{"type":"Polygon","coordinates":[[[77.54910000000001,13.006499999999999],[77.5514,13.006499999999999],[77.5514,13.0088],[77.54910000000001,13.0088],[77.54910000000001,13.006499999999999]]]},"properties":{"tree_count":1,"dominant_species":null}},{"type":"Feature","geometry":{"type":"Polygon","coordinates":[[[77.5698,12.9789],[77.57209999999999,12.9789],[77.57209999999999,12.981200000000001],[77.5698,12.981200000000001],[77.5698,12.9789]]]},"properties":{"tree_count":8,"dominant_species":null}},{"type":"Feature","geometry":{"type":"Polygon","coordinates":[[[77.5997,12.9927],[77.60199999999999,12.9927],[77.60199999999999,12.995000000000001],[77.5997,12.995000000000001],[77.5997,12.9927]]]},"properties":{"tree_count":12,"dominant_species":null}},{"type":"Feature","geometry":{"type":"Polygon","coordinates":[[[77.5882,13.038699999999999],[77.59049999999999,13.038699999999999],[77.59049999999999,13.041],[77.5882,13.041],[77.5882,13.038699999999999]]]},"properties":{"tree_count":1,"dominant_species":null}},{"type":"Feature","geometry":{"type":"Polygon","coordinates":[[[77.5951,12.9674],[77.5974,12.9674],[77.5974,12.969700000000001],[77.5951,12.969700000000001],[77.5951,12.9674]]]},"properties":{"tree_count":4,"dominant_species":null}},{"type":"Feature","geometry":{"type":"Polygon","coordinates":[[[77.71470000000001,12.9651],[77.717,12.9651],[77.717,12.967400000000001],[77.71470000000001,12.967400000000001],[77.71470000000001,12.9651]]]},"properties":{"tree_count":22,"dominant_species":null}},{"type":"Feature","geometry":{"type":"Polygon","coordinates":[[[77.71470000000001,12.9674],[77.717,12.9674],[77.717,12.969700000000001],[77.71470000000001,12.969700000000001],[77.71470000000001,12.9674]]]},"properties":{"tree_count":17,"dominant_species":null}},{"type":"Feature","geometry":{"type":"Polygon","coordinates":[[[77.57900000000001,12.893799999999999],[77.5813,12.893799999999999],[77.5813,12.8961],[77.57900000000001,12.8961],[77.57900000000001,12.893799999999999]]]},"properties":{"tree_count":5,"dominant_species":null}},{"type":"Feature","geometry":{"type":"Polygon","coordinates":[[[77.57900000000001,12.896099999999999],[77.5813,12.896099999999999],[77.5813,12.8984],[77.57900000000001,12.8984],[77.57900000000001,12.896099999999999]]]},"properties":{"tree_count":18,"dominant_species":null}},{"type":"Feature","geometry":{"type":"Polygon","coordinates":[[[77.6181,13.004199999999999],[77.62039999999999,13.004199999999999],[77.62039999999999,13.0065],[77.6181,13.0065],[77.6181,13.004199999999999]]]},"properties":{"tree_count":23,"dominant_species":null}},{"type":"Feature","geometry":{"type":"Polygon","coordinates":[[[77.6181,13.0019],[77.62039999999999,13.0019],[77.62039999999999,13.0042],[77.6181,13.0042],[77.6181,13.0019]]]},"properties":{"tree_count":98,"dominant_species":null}},{"type":"Feature","geometry":{"type":"Polygon","coordinates":[[[77.61580000000001,13.0019],[77.6181,13.0019],[77.6181,13.0042],[77.61580000000001,13.0042],[77.61580000000001,13.0019]]]},"properties":{"tree_count":90,"dominant_species":null}},{"type":"Feature","geometry":{"type":"Polygon","coordinates":[[[77.61580000000001,13.004199999999999],[77.6181,13.004199999999999],[77.6181,13.0065],[77.61580000000001,13.0065],[77.61580000000001,13.004199999999999]]]},"properties":{"tree_count":78,"dominant_species":"Delonix regia"}},{"type":"Feature","geometry":{"type":"Polygon","coordinates":[[[77.6135,13.004199999999999],[77.6158,13.004199999999999],[77.6158,13.0065],[77.6135,13.0065],[77.6135,13.004199999999999]]]},"properties":{"tree_count":36,"dominant_species":null}},{"type":"Feature","geometry":{"type":"Polygon","coordinates":[[[77.6135,13.0019],[77.6158,13.0019],[77.6158,13.0042],[77.6135,13.0042],[77.6135,13.0019]]]},"properties":{"tree_count":32,"dominant_species":null}},{"type":"Feature","geometry":{"type":"Polygon","coordinates":[[[77.62270000000001,13.0019],[77.625,13.0019],[77.625,13.0042],[77.62270000000001,13.0042],[77.62270000000001,13.0019]]]},"properties":{"tree_count":145,"dominant_species":null}},{"type":"Feature","geometry":{"type":"Polygon","coordinates":[[[77.6204,13.0019],[77.6227,13.0019],[77.6227,13.0042],[77.6204,13.0042],[77.6204,13.0019]]]},"properties":{"tree_count":52,"dominant_species":null}},{"type":"Feature","geometry":{"type":"Polygon","coordinates":[[[77.6204,13.004199999999999],[77.6227,13.004199999999999],[77.6227,13.0065],[77.6204,13.0065],[77.6204,13.004199999999999]]]},"properties":{"tree_count":14,"dominant_species":null}},{"type":"Feature","geometry":{"type":"Polygon","coordinates":[[[77.61580000000001,12.9996],[77.6181,12.9996],[77.6181,13.001900000000001],[77.61580000000001,13.001900000000001],[77.61580000000001,12.9996]]]},"properties":{"tree_count":37,"dominant_species":null}},{"type":"Feature","geometry":{"type":"Polygon","coordinates":[[[77.6181,12.9996],[77.62039999999999,12.9996],[77.62039999999999,13.001900000000001],[77.6181,13.001900000000001],[77.6181,12.9996]]]},"properties":{"tree_count":30,"dominant_species":null}},{"type":"Feature","geometry":{"type":"Polygon","coordinates":[[[77.62270000000001,12.9973],[77.625,12.9973],[77.625,12.999600000000001],[77.62270000000001,12.999600000000001],[77.62270000000001,12.9973]]]},"properties":{"tree_count":51,"dominant_species":null}},{"type":"Feature","geometry":{"type":"Polygon","coordinates":[[[77.6204,12.9996],[77.6227,12.9996],[77.6227,13.001900000000001],[77.6204,13.001900000000001],[77.6204,12.9996]]]},"properties":{"tree_count":75,"dominant_species":"Delonix regia"}},{"type":"Feature","geometry":{"type":"Polygon","coordinates":[[[77.6204,12.9973],[77.6227,12.9973],[77.6227,12.999600000000001],[77.6204,12.999600000000001],[77.6204,12.9973]]]},"properties":{"tree_count":44,"dominant_species":"Delonix regia"}},{"type":"Feature","geometry":{"type":"Polygon","coordinates":[[[77.625,12.9996],[77.62729999999999,12.9996],[77.62729999999999,13.001900000000001],[77.625,13.001900000000001],[77.625,12.9996]]]},"properties":{"tree_count":57,"dominant_species":null}},{"type":"Feature","geometry":{"type":"Polygon","coordinates":[[[77.5261,12.9674],[77.52839999999999,12.9674],[77.52839999999999,12.969700000000001],[77.5261,12.969700000000001],[77.5261,12.9674]]]},"properties":{"tree_count":1,"dominant_species":null}},{"type":"Feature","geometry":{"type":"Polygon","coordinates":[[[77.625,13.0019],[77.62729999999999,13.0019],[77.62729999999999,13.0042],[77.625,13.0042],[77.625,13.0019]]]},"properties":{"tree_count":40,"dominant_species":null}},{"type":"Feature","geometry":{"type":"Polygon","coordinates":[[[77.5399,12.9973],[77.5422,12.9973],[77.5422,12.999600000000001],[77.5399,12.999600000000001],[77.5399,12.9973]]]},"properties":{"tree_count":1,"dominant_species":null}},{"type":"Feature","geometry":{"type":"Polygon","coordinates":[[[77.5951,12.9858],[77.5974,12.9858],[77.5974,12.988100000000001],[77.5951,12.988100000000001],[77.5951,12.9858]]]},"properties":{"tree_count":1,"dominant_species":null}},{"type":"Feature","geometry":{"type":"Polygon","coordinates":[[[77.5882,12.923699999999998],[77.59049999999999,12.923699999999998],[77.59049999999999,12.926],[77.5882,12.926],[77.5882,12.923699999999998]]]},"properties":{"tree_count":1,"dominant_species":"Artocarpus heterophyllus"}},{"type":"Feature","geometry":{"type":"Polygon","coordinates":[[[77.5928,12.9582],[77.59509999999999,12.9582],[77.59509999999999,12.960500000000001],[77.5928,12.960500000000001],[77.5928,12.9582]]]},"properties":{"tree_count":5,"dominant_species":null}},{"type":"Feature","geometry":{"type":"Polygon","coordinates":[[[77.58590000000001,12.972],[77.5882,12.972],[77.5882,12.974300000000001],[77.58590000000001,12.974300000000001],[77.58590000000001,12.972]]]},"properties":{"tree_count":2,"dominant_species":null}},{"type":"Feature","geometry":{"type":"Polygon","coordinates":[[[77.5905,12.9697],[77.5928,12.9697],[77.5928,12.972000000000001],[77.5905,12.972000000000001],[77.5905,12.9697]]]},"properties":{"tree_count":3,"dominant_species":null}},{"type":"Feature","geometry":{"type":"Polygon","coordinates":[[[77.5882,12.9697],[77.59049999999999,12.9697],[77.59049999999999,12.972000000000001],[77.5882,12.972000000000001],[77.5882,12.9697]]]},"properties":{"tree_count":1,"dominant_species":null}},{"type":"Feature","geometry":{"type":"Polygon","coordinates":[[[77.5882,12.9674],[77.59049999999999,12.9674],[77.59049999999999,12.969700000000001],[77.5882,12.969700000000001],[77.5882,12.9674]]]},"properties":{"tree_count":16,"dominant_species":null}},{"type":"Feature","geometry":{"type":"Polygon","coordinates":[[[77.58590000000001,12.9743],[77.5882,12.9743],[77.5882,12.976600000000001],[77.58590000000001,12.976600000000001],[77.58590000000001,12.9743]]]},"properties":{"tree_count":2,"dominant_species":null}},{"type":"Feature","geometry":{"type":"Polygon","coordinates":[[[77.5123,12.948999999999998],[77.51459999999999,12.948999999999998],[77.51459999999999,12.9513],[77.5123,12.9513],[77.5123,12.948999999999998]]]},"properties":{"tree_count":5,"dominant_species":null}},{"type":"Feature","geometry":{"type":"Polygon","coordinates":[[[77.5813,13.004199999999999],[77.58359999999999,13.004199999999999],[77.58359999999999,13.0065],[77.5813,13.0065],[77.5813,13.004199999999999]]]},"properties":{"tree_count":1,"dominant_species":"benghalensis"}},{"type":"Feature","geometry":{"type":"Polygon","coordinates":[[[77.6089,12.9651],[77.6112,12.9651],[77.6112,12.967400000000001],[77.6089,12.967400000000001],[77.6089,12.9651]]]},"properties":{"tree_count":1,"dominant_species":null}},{"type":"Feature","geometry":{"type":"Polygon","coordinates":[[[77.58590000000001,12.9927],[77.5882,12.9927],[77.5882,12.995000000000001],[77.58590000000001,12.995000000000001],[77.58590000000001,12.9927]]]},"properties":{"tree_count":1,"dominant_species":null}},{"type":"Feature","geometry":{"type":"Polygon","coordinates":[[[77.5698,12.995],[77.57209999999999,12.995],[77.57209999999999,12.997300000000001],[77.5698,12.997300000000001],[77.5698,12.995]]]},"properties":{"tree_count":5,"dominant_species":null}},{"type":"Feature","geometry":{"type":"Polygon","coordinates":[[[77.5698,12.9927],[77.57209999999999,12.9927],[77.57209999999999,12.995000000000001],[77.5698,12.995000000000001],[77.5698,12.9927]]]},"properties":{"tree_count":7,"dominant_species":null}},{"type":"Feature","geometry":{"type":"Polygon","coordinates":[[[77.5698,12.9904],[77.57209999999999,12.9904],[77.57209999999999,12.992700000000001],[77.5698,12.992700000000001],[77.5698,12.9904]]]},"properties":{"tree_count":1,"dominant_species":null}},{"type":"Feature","geometry":{"type":"Polygon","coordinates":[[[77.56750000000001,12.995],[77.5698,12.995],[77.5698,12.997300000000001],[77.56750000000001,12.997300000000001],[77.56750000000001,12.995]]]},"properties":{"tree_count":5,"dominant_species":null}},{"type":"Feature","geometry":{"type":"Polygon","coordinates":[[[77.7285,12.891499999999999],[77.73079999999999,12.891499999999999],[77.73079999999999,12.8938],[77.7285,12.8938],[77.7285,12.891499999999999]]]},"properties":{"tree_count":1,"dominant_species":null}},{"type":"Feature","geometry":{"type":"Polygon","coordinates":[[[77.69630000000001,12.930599999999998],[77.6986,12.930599999999998],[77.6986,12.9329],[77.69630000000001,12.9329],[77.69630000000001,12.930599999999998]]]},"properties":{"tree_count":3,"dominant_species":null}},{"type":"Feature","geometry":{"type":"Polygon","coordinates":[[[77.694,12.930599999999998],[77.6963,12.930599999999998],[77.6963,12.9329],[77.694,12.9329],[77.694,12.930599999999998]]]},"properties":{"tree_count":7,"dominant_species":null}},{"type":"Feature","geometry":{"type":"Polygon","coordinates":[[[77.69630000000001,12.932899999999998],[77.6986,12.932899999999998],[77.6986,12.9352],[77.69630000000001,12.9352],[77.69630000000001,12.932899999999998]]]},"properties":{"tree_count":1,"dominant_species":null}},{"type":"Feature","geometry":{"type":"Polygon","coordinates":[[[77.60430000000001,12.9559],[77.6066,12.9559],[77.6066,12.958200000000001],[77.60430000000001,12.958200000000001],[77.60430000000001,12.9559]]]},"properties":{"tree_count":1,"dominant_species":null}},{"type":"Feature","geometry":{"type":"Polygon","coordinates":[[[77.56060000000001,13.015699999999999],[77.5629,13.015699999999999],[77.5629,13.018],[77.56060000000001,13.018],[77.56060000000001,13.015699999999999]]]},"properties":{"tree_count":4,"dominant_species":null}},{"type":"Feature","geometry":{"type":"Polygon","coordinates":[[[77.6388,12.916799999999999],[77.6411,12.916799999999999],[77.6411,12.9191],[77.6388,12.9191],[77.6388,12.916799999999999]]]},"properties":{"tree_count":13,"dominant_species":null}},{"type":"Feature","geometry":{"type":"Polygon","coordinates":[[[77.54910000000001,13.0019],[77.5514,13.0019],[77.5514,13.0042],[77.54910000000001,13.0042],[77.54910000000001,13.0019]]]},"properties":{"tree_count":6,"dominant_species":null}},{"type":"Feature","geometry":{"type":"Polygon","coordinates":[[[77.5905,12.9536],[77.5928,12.9536],[77.5928,12.955900000000002],[77.5905,12.955900000000002],[77.5905,12.9536]]]},"properties":{"tree_count":5,"dominant_species":null}},{"type":"Feature","geometry":{"type":"Polygon","coordinates":[[[77.5928,12.9536],[77.59509999999999,12.9536],[77.59509999999999,12.955900000000002],[77.5928,12.955900000000002],[77.5928,12.9536]]]},"properties":{"tree_count":6,"dominant_species":null}},{"type":"Feature","geometry":{"type":"Polygon","coordinates":[[[77.602,12.9651],[77.6043,12.9651],[77.6043,12.967400000000001],[77.602,12.967400000000001],[77.602,12.9651]]]},"properties":{"tree_count":5,"dominant_species":null}},{"type":"Feature","geometry":{"type":"Polygon","coordinates":[[[77.59740000000001,12.9743],[77.5997,12.9743],[77.5997,12.976600000000001],[77.59740000000001,12.976600000000001],[77.59740000000001,12.9743]]]},"properties":{"tree_count":3,"dominant_species":null}},{"type":"Feature","geometry":{"type":"Polygon","coordinates":[[[77.5997,12.9743],[77.60199999999999,12.9743],[77.60199999999999,12.976600000000001],[77.5997,12.976600000000001],[77.5997,12.9743]]]},"properties":{"tree_count":26,"dominant_species":null}},{"type":"Feature","geometry":{"type":"Polygon","coordinates":[[[77.74000000000001,12.9559],[77.7423,12.9559],[77.7423,12.958200000000001],[77.74000000000001,12.958200000000001],[77.74000000000001,12.9559]]]},"properties":{"tree_count":1,"dominant_species":null}},{"type":"Feature","geometry":{"type":"Polygon","coordinates":[[[77.717,12.9605],[77.71929999999999,12.9605],[77.71929999999999,12.962800000000001],[77.717,12.962800000000001],[77.717,12.9605]]]},"properties":{"tree_count":3,"dominant_species":null}},{"type":"Feature","geometry":{"type":"Polygon","coordinates":[[[77.7078,12.9766],[77.7101,12.9766],[77.7101,12.978900000000001],[77.7078,12.978900000000001],[77.7078,12.9766]]]},"properties":{"tree_count":3,"dominant_species":null}},{"type":"Feature","geometry":{"type":"Polygon","coordinates":[[[77.6365,12.9559],[77.63879999999999,12.9559],[77.63879999999999,12.958200000000001],[77.6365,12.958200000000001],[77.6365,12.9559]]]},"properties":{"tree_count":1,"dominant_species":null}},{"type":"Feature","geometry":{"type":"Polygon","coordinates":[[[77.717,12.9582],[77.71929999999999,12.9582],[77.71929999999999,12.960500000000001],[77.717,12.960500000000001],[77.717,12.9582]]]},"properties":{"tree_count":79,"dominant_species":null}},{"type":"Feature","geometry":{"type":"Polygon","coordinates":[[[77.72160000000001,12.9559],[77.7239,12.9559],[77.7239,12.958200000000001],[77.72160000000001,12.958200000000001],[77.72160000000001,12.9559]]]},"properties":{"tree_count":18,"dominant_species":null}},{"type":"Feature","geometry":{"type":"Polygon","coordinates":[[[77.7193,12.9536],[77.7216,12.9536],[77.7216,12.955900000000002],[77.7193,12.955900000000002],[77.7193,12.9536]]]},"properties":{"tree_count":10,"dominant_species":null}},{"type":"Feature","geometry":{"type":"Polygon","coordinates":[[[77.4916,13.061699999999998],[77.4939,13.061699999999998],[77.4939,13.064],[77.4916,13.064],[77.4916,13.061699999999998]]]},"properties":{"tree_count":14,"dominant_species":null}},{"type":"Feature","geometry":{"type":"Polygon","coordinates":[[[77.4939,13.063999999999998],[77.49619999999999,13.063999999999998],[77.49619999999999,13.0663],[77.4939,13.0663],[77.4939,13.063999999999998]]]},"properties":{"tree_count":35,"dominant_species":null}},{"type":"Feature","geometry":{"type":"Polygon","coordinates":[[[77.4962,13.063999999999998],[77.49849999999999,13.063999999999998],[77.49849999999999,13.0663],[77.4962,13.0663],[77.4962,13.063999999999998]]]},"properties":{"tree_count":7,"dominant_species":null}},{"type":"Feature","geometry":{"type":"Polygon","coordinates":[[[77.5077,13.054799999999998],[77.50999999999999,13.054799999999998],[77.50999999999999,13.0571],[77.5077,13.0571],[77.5077,13.054799999999998]]]},"properties":{"tree_count":27,"dominant_species":null}},{"type":"Feature","geometry":{"type":"Polygon","coordinates":[[[77.51,13.054799999999998],[77.5123,13.054799999999998],[77.5123,13.0571],[77.51,13.0571],[77.51,13.054799999999998]]]},"properties":{"tree_count":18,"dominant_species":null}},{"type":"Feature","geometry":{"type":"Polygon","coordinates":[[[77.51,13.052499999999998],[77.5123,13.052499999999998],[77.5123,13.0548],[77.51,13.0548],[77.51,13.052499999999998]]]},"properties":{"tree_count":9,"dominant_species":null}},{"type":"Feature","geometry":{"type":"Polygon","coordinates":[[[77.59740000000001,12.9789],[77.5997,12.9789],[77.5997,12.981200000000001],[77.59740000000001,12.981200000000001],[77.59740000000001,12.9789]]]},"properties":{"tree_count":7,"dominant_species":"Pinus echinata"}},{"type":"Feature","geometry":{"type":"Polygon","coordinates":[[[77.5997,12.9789],[77.60199999999999,12.9789],[77.60199999999999,12.981200000000001],[77.5997,12.981200000000001],[77.5997,12.9789]]]},"properties":{"tree_count":3,"dominant_species":"Pinus echinata"}},{"type":"Feature","geometry":{"type":"Polygon","coordinates":[[[77.7262,12.9743],[77.7285,12.9743],[77.7285,12.976600000000001],[77.7262,12.976600000000001],[77.7262,12.9743]]]},"properties":{"tree_count":3,"dominant_species":null}},{"type":"Feature","geometry":{"type":"Polygon","coordinates":[[[77.7262,12.9697],[77.7285,12.9697],[77.7285,12.972000000000001],[77.7262,12.972000000000001],[77.7262,12.9697]]]},"properties":{"tree_count":1,"dominant_species":null}},{"type":"Feature","geometry":{"type":"Polygon","coordinates":[[[77.7262,12.972],[77.7285,12.972],[77.7285,12.974300000000001],[77.7262,12.974300000000001],[77.7262,12.972]]]},"properties":{"tree_count":1,"dominant_species":null}},{"type":"Feature","geometry":{"type":"Polygon","coordinates":[[[77.71470000000001,12.9582],[77.717,12.9582],[77.717,12.960500000000001],[77.71470000000001,12.960500000000001],[77.71470000000001,12.9582]]]},"properties":{"tree_count":29,"dominant_species":"T. rosea"}},{"type":"Feature","geometry":{"type":"Polygon","coordinates":[[[77.71470000000001,12.9605],[77.717,12.9605],[77.717,12.962800000000001],[77.71470000000001,12.962800000000001],[77.71470000000001,12.9605]]]},"properties":{"tree_count":8,"dominant_species":"T. rosea"}},{"type":"Feature","geometry":{"type":"Polygon","coordinates":[[[77.7124,12.9628],[77.7147,12.9628],[77.7147,12.965100000000001],[77.7124,12.965100000000001],[77.7124,12.9628]]]},"properties":{"tree_count":30,"dominant_species":"T. rosea"}},{"type":"Feature","geometry":{"type":"Polygon","coordinates":[[[77.7101,12.9628],[77.71239999999999,12.9628],[77.71239999999999,12.965100000000001],[77.7101,12.965100000000001],[77.7101,12.9628]]]},"properties":{"tree_count":57,"dominant_species":null}},{"type":"Feature","geometry":{"type":"Polygon","coordinates":[[[77.7101,12.972],[77.71239999999999,12.972],[77.71239999999999,12.974300000000001],[77.7101,12.974300000000001],[77.7101,12.972]]]},"properties":{"tree_count":4,"dominant_species":null}},{"type":"Feature","geometry":{"type":"Polygon","coordinates":[[[77.7078,12.972],[77.7101,12.972],[77.7101,12.974300000000001],[77.7078,12.974300000000001],[77.7078,12.972]]]},"properties":{"tree_count":6,"dominant_species":null}},{"type":"Feature","geometry":{"type":"Polygon","coordinates":[[[77.648,12.914499999999999],[77.65029999999999,12.914499999999999],[77.65029999999999,12.9168],[77.648,12.9168],[77.648,12.914499999999999]]]},"properties":{"tree_count":3,"dominant_species":null}},{"type":"Feature","geometry":{"type":"Polygon","coordinates":[[[77.648,12.916799999999999],[77.65029999999999,12.916799999999999],[77.65029999999999,12.9191],[77.648,12.9191],[77.648,12.916799999999999]]]},"properties":{"tree_count":2,"dominant_species":"Rosea"}},{"type":"Feature","geometry":{"type":"Polygon","coordinates":[[[77.625,13.004199999999999],[77.62729999999999,13.004199999999999],[77.62729999999999,13.0065],[77.625,13.0065],[77.625,13.004199999999999]]]},"properties":{"tree_count":94,"dominant_species":null}},{"type":"Feature","geometry":{"type":"Polygon","coordinates":[[[77.5882,12.9766],[77.59049999999999,12.9766],[77.59049999999999,12.978900000000001],[77.5882,12.978900000000001],[77.5882,12.9766]]]},"properties":{"tree_count":1,"dominant_species":null}},{"type":"Feature","geometry":{"type":"Polygon","coordinates":[[[77.5399,13.027199999999999],[77.5422,13.027199999999999],[77.5422,13.0295],[77.5399,13.0295],[77.5399,13.027199999999999]]]},"properties":{"tree_count":1,"dominant_species":"Ficus benghalensis"}},{"type":"Feature","geometry":{"type":"Polygon","coordinates":[[[77.648,12.902999999999999],[77.65029999999999,12.902999999999999],[77.65029999999999,12.9053],[77.648,12.9053],[77.648,12.902999999999999]]]},"properties":{"tree_count":1,"dominant_species":null}},{"type":"Feature","geometry":{"type":"Polygon","coordinates":[[[77.56750000000001,12.9789],[77.5698,12.9789],[77.5698,12.981200000000001],[77.56750000000001,12.981200000000001],[77.56750000000001,12.9789]]]},"properties":{"tree_count":2,"dominant_species":null}},{"type":"Feature","geometry":{"type":"Polygon","coordinates":[[[77.6365,12.912199999999999],[77.63879999999999,12.912199999999999],[77.63879999999999,12.9145],[77.6365,12.9145],[77.6365,12.912199999999999]]]},"properties":{"tree_count":14,"dominant_species":null}},{"type":"Feature","geometry":{"type":"Polygon","coordinates":[[[77.6365,12.909899999999999],[77.63879999999999,12.909899999999999],[77.63879999999999,12.9122],[77.6365,12.9122],[77.6365,12.909899999999999]]]},"properties":{"tree_count":2,"dominant_species":null}},{"type":"Feature","geometry":{"type":"Polygon","coordinates":[[[77.6434,12.909899999999999],[77.64569999999999,12.909899999999999],[77.64569999999999,12.9122],[77.6434,12.9122],[77.6434,12.909899999999999]]]},"properties":{"tree_count":1,"dominant_species":null}},{"type":"Feature","geometry":{"type":"Polygon","coordinates":[[[77.717,12.9536],[77.71929999999999,12.9536],[77.71929999999999,12.955900000000002],[77.717,12.955900000000002],[77.717,12.9536]]]},"properties":{"tree_count":23,"dominant_species":null}},{"type":"Feature","geometry":{"type":"Polygon","coordinates":[[[77.72160000000001,12.9927],[77.7239,12.9927],[77.7239,12.995000000000001],[77.72160000000001,12.995000000000001],[77.72160000000001,12.9927]]]},"properties":{"tree_count":1,"dominant_species":null}},{"type":"Feature","geometry":{"type":"Polygon","coordinates":[[[77.62270000000001,13.006499999999999],[77.625,13.006499999999999],[77.625,13.0088],[77.62270000000001,13.0088],[77.62270000000001,13.006499999999999]]]},"properties":{"tree_count":24,"dominant_species":null}},{"type":"Feature","geometry":{"type":"Polygon","coordinates":[[[77.5652,12.948999999999998],[77.5675,12.948999999999998],[77.5675,12.9513],[77.5652,12.9513],[77.5652,12.948999999999998]]]},"properties":{"tree_count":1,"dominant_species":null}},{"type":"Feature","geometry":{"type":"Polygon","coordinates":[[[77.5629,12.948999999999998],[77.56519999999999,12.948999999999998],[77.56519999999999,12.9513],[77.5629,12.9513],[77.5629,12.948999999999998]]]},"properties":{"tree_count":1,"dominant_species":null}},{"type":"Feature","geometry":{"type":"Polygon","coordinates":[[[77.56750000000001,12.9536],[77.5698,12.9536],[77.5698,12.955900000000002],[77.56750000000001,12.955900000000002],[77.56750000000001,12.9536]]]},"properties":{"tree_count":1,"dominant_species":null}},{"type":"Feature","geometry":{"type":"Polygon","coordinates":[[[77.56750000000001,12.9559],[77.5698,12.9559],[77.5698,12.958200000000001],[77.56750000000001,12.958200000000001],[77.56750000000001,12.9559]]]},"properties":{"tree_count":8,"dominant_species":null}},{"type":"Feature","geometry":{"type":"Polygon","coordinates":[[[77.5652,12.9559],[77.5675,12.9559],[77.5675,12.958200000000001],[77.5652,12.958200000000001],[77.5652,12.9559]]]},"properties":{"tree_count":6,"dominant_species":null}},{"type":"Feature","geometry":{"type":"Polygon","coordinates":[[[77.5629,12.9559],[77.56519999999999,12.9559],[77.56519999999999,12.958200000000001],[77.5629,12.958200000000001],[77.5629,12.9559]]]},"properties":{"tree_count":4,"dominant_species":null}},{"type":"Feature","geometry":{"type":"Polygon","coordinates":[[[77.56750000000001,12.948999999999998],[77.5698,12.948999999999998],[77.5698,12.9513],[77.56750000000001,12.9513],[77.56750000000001,12.948999999999998]]]},"properties":{"tree_count":4,"dominant_species":null}},{"type":"Feature","geometry":{"type":"Polygon","coordinates":[[[77.56750000000001,12.951299999999998],[77.5698,12.951299999999998],[77.5698,12.9536],[77.56750000000001,12.9536],[77.56750000000001,12.951299999999998]]]},"properties":{"tree_count":1,"dominant_species":null}},{"type":"Feature","geometry":{"type":"Polygon","coordinates":[[[77.54910000000001,12.9973],[77.5514,12.9973],[77.5514,12.999600000000001],[77.54910000000001,12.999600000000001],[77.54910000000001,12.9973]]]},"properties":{"tree_count":1,"dominant_species":null}},{"type":"Feature","geometry":{"type":"Polygon","coordinates":[[[77.5537,13.008799999999999],[77.556,13.008799999999999],[77.556,13.0111],[77.5537,13.0111],[77.5537,13.008799999999999]]]},"properties":{"tree_count":5,"dominant_species":null}},{"type":"Feature","geometry":{"type":"Polygon","coordinates":[[[77.6112,12.9651],[77.61349999999999,12.9651],[77.61349999999999,12.967400000000001],[77.6112,12.967400000000001],[77.6112,12.9651]]]},"properties":{"tree_count":7,"dominant_species":"Azadirachta indica"}},{"type":"Feature","geometry":{"type":"Polygon","coordinates":[[[77.625,13.006499999999999],[77.62729999999999,13.006499999999999],[77.62729999999999,13.0088],[77.625,13.0088],[77.625,13.006499999999999]]]},"properties":{"tree_count":9,"dominant_species":null}},{"type":"Feature","geometry":{"type":"Polygon","coordinates":[[[77.6204,13.006499999999999],[77.6227,13.006499999999999],[77.6227,13.0088],[77.6204,13.0088],[77.6204,13.006499999999999]]]},"properties":{"tree_count":1,"dominant_species":null}},{"type":"Feature","geometry":{"type":"Polygon","coordinates":[[[77.5928,13.061699999999998],[77.59509999999999,13.061699999999998],[77.59509999999999,13.064],[77.5928,13.064],[77.5928,13.061699999999998]]]},"properties":{"tree_count":2,"dominant_species":null}},{"type":"Feature","geometry":{"type":"Polygon","coordinates":[[[77.5905,13.061699999999998],[77.5928,13.061699999999998],[77.5928,13.064],[77.5905,13.064],[77.5905,13.061699999999998]]]},"properties":{"tree_count":7,"dominant_species":null}},{"type":"Feature","geometry":{"type":"Polygon","coordinates":[[[77.5882,13.061699999999998],[77.59049999999999,13.061699999999998],[77.59049999999999,13.064],[77.5882,13.064],[77.5882,13.061699999999998]]]},"properties":{"tree_count":10,"dominant_species":null}},{"type":"Feature","geometry":{"type":"Polygon","coordinates":[[[77.58590000000001,13.061699999999998],[77.5882,13.061699999999998],[77.5882,13.064],[77.58590000000001,13.064],[77.58590000000001,13.061699999999998]]]},"properties":{"tree_count":8,"dominant_species":null}},{"type":"Feature","geometry":{"type":"Polygon","coordinates":[[[77.7078,12.9697],[77.7101,12.9697],[77.7101,12.972000000000001],[77.7078,12.972000000000001],[77.7078,12.9697]]]},"properties":{"tree_count":11,"dominant_species":null}},{"type":"Feature","geometry":{"type":"Polygon","coordinates":[[[77.5928,13.077799999999998],[77.59509999999999,13.077799999999998],[77.59509999999999,13.0801],[77.5928,13.0801],[77.5928,13.077799999999998]]]},"properties":{"tree_count":24,"dominant_species":null}},{"type":"Feature","geometry":{"type":"Polygon","coordinates":[[[77.5928,13.075499999999998],[77.59509999999999,13.075499999999998],[77.59509999999999,13.0778],[77.5928,13.0778],[77.5928,13.075499999999998]]]},"properties":{"tree_count":11,"dominant_species":null}},{"type":"Feature","geometry":{"type":"Polygon","coordinates":[[[77.5928,13.080099999999998],[77.59509999999999,13.080099999999998],[77.59509999999999,13.0824],[77.5928,13.0824],[77.5928,13.080099999999998]]]},"properties":{"tree_count":24,"dominant_species":null}},{"type":"Feature","geometry":{"type":"Polygon","coordinates":[[[77.5767,12.9789],[77.579,12.9789],[77.579,12.981200000000001],[77.5767,12.981200000000001],[77.5767,12.9789]]]},"properties":{"tree_count":1,"dominant_species":null}},{"type":"Feature","geometry":{"type":"Polygon","coordinates":[[[77.6503,12.919099999999998],[77.65259999999999,12.919099999999998],[77.65259999999999,12.9214],[77.6503,12.9214],[77.6503,12.919099999999998]]]},"properties":{"tree_count":14,"dominant_species":null}},{"type":"Feature","geometry":{"type":"Polygon","coordinates":[[[77.66640000000001,12.923699999999998],[77.6687,12.923699999999998],[77.6687,12.926],[77.66640000000001,12.926],[77.66640000000001,12.923699999999998]]]},"properties":{"tree_count":5,"dominant_species":null}},{"type":"Feature","geometry":{"type":"Polygon","coordinates":[[[77.7078,12.9628],[77.7101,12.9628],[77.7101,12.965100000000001],[77.7078,12.965100000000001],[77.7078,12.9628]]]},"properties":{"tree_count":1,"dominant_species":null}},{"type":"Feature","geometry":{"type":"Polygon","coordinates":[[[77.7193,12.9559],[77.7216,12.9559],[77.7216,12.958200000000001],[77.7193,12.958200000000001],[77.7193,12.9559]]]},"properties":{"tree_count":94,"dominant_species":null}},{"type":"Feature","geometry":{"type":"Polygon","coordinates":[[[77.6342,12.912199999999999],[77.6365,12.912199999999999],[77.6365,12.9145],[77.6342,12.9145],[77.6342,12.912199999999999]]]},"properties":{"tree_count":6,"dominant_species":null}},{"type":"Feature","geometry":{"type":"Polygon","coordinates":[[[77.7239,12.9536],[77.72619999999999,12.9536],[77.72619999999999,12.955900000000002],[77.7239,12.955900000000002],[77.7239,12.9536]]]},"properties":{"tree_count":1,"dominant_species":null}},{"type":"Feature","geometry":{"type":"Polygon","coordinates":[[[77.7239,12.9559],[77.72619999999999,12.9559],[77.72619999999999,12.958200000000001],[77.7239,12.958200000000001],[77.7239,12.9559]]]},"properties":{"tree_count":1,"dominant_species":null}},{"type":"Feature","geometry":{"type":"Polygon","coordinates":[[[77.6687,12.921399999999998],[77.67099999999999,12.921399999999998],[77.67099999999999,12.9237],[77.6687,12.9237],[77.6687,12.921399999999998]]]},"properties":{"tree_count":6,"dominant_species":null}},{"type":"Feature","geometry":{"type":"Polygon","coordinates":[[[77.71470000000001,12.9536],[77.717,12.9536],[77.717,12.955900000000002],[77.71470000000001,12.955900000000002],[77.71470000000001,12.9536]]]},"properties":{"tree_count":1,"dominant_species":null}},{"type":"Feature","geometry":{"type":"Polygon","coordinates":[[[77.6089,12.972],[77.6112,12.972],[77.6112,12.974300000000001],[77.6089,12.974300000000001],[77.6089,12.972]]]},"properties":{"tree_count":2,"dominant_species":null}},{"type":"Feature","geometry":{"type":"Polygon","coordinates":[[[77.60430000000001,12.9743],[77.6066,12.9743],[77.6066,12.976600000000001],[77.60430000000001,12.976600000000001],[77.60430000000001,12.9743]]]},"properties":{"tree_count":11,"dominant_species":null}},{"type":"Feature","geometry":{"type":"Polygon","coordinates":[[[77.5928,12.905299999999999],[77.59509999999999,12.905299999999999],[77.59509999999999,12.9076],[77.5928,12.9076],[77.5928,12.905299999999999]]]},"properties":{"tree_count":1,"dominant_species":null}},{"type":"Feature","geometry":{"type":"Polygon","coordinates":[[[77.5951,12.939799999999998],[77.5974,12.939799999999998],[77.5974,12.9421],[77.5951,12.9421],[77.5951,12.939799999999998]]]},"properties":{"tree_count":4,"dominant_species":null}},{"type":"Feature","geometry":{"type":"Polygon","coordinates":[[[77.5951,12.937499999999998],[77.5974,12.937499999999998],[77.5974,12.9398],[77.5951,12.9398],[77.5951,12.937499999999998]]]},"properties":{"tree_count":1,"dominant_species":null}},{"type":"Feature","geometry":{"type":"Polygon","coordinates":[[[77.5928,12.937499999999998],[77.59509999999999,12.937499999999998],[77.59509999999999,12.9398],[77.5928,12.9398],[77.5928,12.937499999999998]]]},"properties":{"tree_count":2,"dominant_species":null}},{"type":"Feature","geometry":{"type":"Polygon","coordinates":[[[77.5928,12.939799999999998],[77.59509999999999,12.939799999999998],[77.59509999999999,12.9421],[77.5928,12.9421],[77.5928,12.939799999999998]]]},"properties":{"tree_count":1,"dominant_species":"Poinciana"}},{"type":"Feature","geometry":{"type":"Polygon","coordinates":[[[77.5767,12.9559],[77.579,12.9559],[77.579,12.958200000000001],[77.5767,12.958200000000001],[77.5767,12.9559]]]},"properties":{"tree_count":1,"dominant_species":null}},{"type":"Feature","geometry":{"type":"Polygon","coordinates":[[[77.5951,12.942099999999998],[77.5974,12.942099999999998],[77.5974,12.9444],[77.5951,12.9444],[77.5951,12.942099999999998]]]},"properties":{"tree_count":2,"dominant_species":null}},{"type":"Feature","geometry":{"type":"Polygon","coordinates":[[[77.7193,12.9766],[77.7216,12.9766],[77.7216,12.978900000000001],[77.7193,12.978900000000001],[77.7193,12.9766]]]},"properties":{"tree_count":1,"dominant_species":null}},{"type":"Feature","geometry":{"type":"Polygon","coordinates":[[[77.5882,12.905299999999999],[77.59049999999999,12.905299999999999],[77.59049999999999,12.9076],[77.5882,12.9076],[77.5882,12.905299999999999]]]},"properties":{"tree_count":3,"dominant_species":null}},{"type":"Feature","geometry":{"type":"Polygon","coordinates":[[[77.58590000000001,12.905299999999999],[77.5882,12.905299999999999],[77.5882,12.9076],[77.58590000000001,12.9076],[77.58590000000001,12.905299999999999]]]},"properties":{"tree_count":1,"dominant_species":null}},{"type":"Feature","geometry":{"type":"Polygon","coordinates":[[[77.5905,12.905299999999999],[77.5928,12.905299999999999],[77.5928,12.9076],[77.5905,12.9076],[77.5905,12.905299999999999]]]},"properties":{"tree_count":1,"dominant_species":null}},{"type":"Feature","geometry":{"type":"Polygon","coordinates":[[[77.5744,12.905299999999999],[77.57669999999999,12.905299999999999],[77.57669999999999,12.9076],[77.5744,12.9076],[77.5744,12.905299999999999]]]},"properties":{"tree_count":1,"dominant_species":null}},{"type":"Feature","geometry":{"type":"Polygon","coordinates":[[[77.57900000000001,12.916799999999999],[77.5813,12.916799999999999],[77.5813,12.9191],[77.57900000000001,12.9191],[77.57900000000001,12.916799999999999]]]},"properties":{"tree_count":1,"dominant_species":null}},{"type":"Feature","geometry":{"type":"Polygon","coordinates":[[[77.58590000000001,12.916799999999999],[77.5882,12.916799999999999],[77.5882,12.9191],[77.58590000000001,12.9191],[77.58590000000001,12.916799999999999]]]},"properties":{"tree_count":1,"dominant_species":null}},{"type":"Feature","geometry":{"type":"Polygon","coordinates":[[[77.5629,12.9743],[77.56519999999999,12.9743],[77.56519999999999,12.976600000000001],[77.5629,12.976600000000001],[77.5629,12.9743]]]},"properties":{"tree_count":3,"dominant_species":null}},{"type":"Feature","geometry":{"type":"Polygon","coordinates":[[[77.57900000000001,12.919099999999998],[77.5813,12.919099999999998],[77.5813,12.9214],[77.57900000000001,12.9214],[77.57900000000001,12.919099999999998]]]},"properties":{"tree_count":2,"dominant_species":null}},{"type":"Feature","geometry":{"type":"Polygon","coordinates":[[[77.5951,12.914499999999999],[77.5974,12.914499999999999],[77.5974,12.9168],[77.5951,12.9168],[77.5951,12.914499999999999]]]},"properties":{"tree_count":4,"dominant_species":null}},{"type":"Feature","geometry":{"type":"Polygon","coordinates":[[[77.6756,12.9674],[77.6779,12.9674],[77.6779,12.969700000000001],[77.6756,12.969700000000001],[77.6756,12.9674]]]},"properties":{"tree_count":1,"dominant_species":null}},{"type":"Feature","geometry":{"type":"Polygon","coordinates":[[[77.7009,12.9927],[77.7032,12.9927],[77.7032,12.995000000000001],[77.7009,12.995000000000001],[77.7009,12.9927]]]},"properties":{"tree_count":1,"dominant_species":null}},{"type":"Feature","geometry":{"type":"Polygon","coordinates":[[[77.5767,13.0939],[77.579,13.0939],[77.579,13.096200000000001],[77.5767,13.096200000000001],[77.5767,13.0939]]]},"properties":{"tree_count":2,"dominant_species":null}},{"type":"Feature","geometry":{"type":"Polygon","coordinates":[[[77.5813,13.0939],[77.58359999999999,13.0939],[77.58359999999999,13.096200000000001],[77.5813,13.096200000000001],[77.5813,13.0939]]]},"properties":{"tree_count":42,"dominant_species":null}},{"type":"Feature","geometry":{"type":"Polygon","coordinates":[[[77.5836,13.0939],[77.5859,13.0939],[77.5859,13.096200000000001],[77.5836,13.096200000000001],[77.5836,13.0939]]]},"properties":{"tree_count":2,"dominant_species":null}},{"type":"Feature","geometry":{"type":"Polygon","coordinates":[[[77.5813,13.0962],[77.58359999999999,13.0962],[77.58359999999999,13.098500000000001],[77.5813,13.098500000000001],[77.5813,13.0962]]]},"properties":{"tree_count":1,"dominant_species":null}},{"type":"Feature","geometry":{"type":"Polygon","coordinates":[[[77.5836,13.0962],[77.5859,13.0962],[77.5859,13.098500000000001],[77.5836,13.098500000000001],[77.5836,13.0962]]]},"properties":{"tree_count":26,"dominant_species":null}},{"type":"Feature","geometry":{"type":"Polygon","coordinates":[[[77.57900000000001,13.0939],[77.5813,13.0939],[77.5813,13.096200000000001],[77.57900000000001,13.096200000000001],[77.57900000000001,13.0939]]]},"properties":{"tree_count":17,"dominant_species":null}},{"type":"Feature","geometry":{"type":"Polygon","coordinates":[[[77.5813,13.0916],[77.58359999999999,13.0916],[77.58359999999999,13.093900000000001],[77.5813,13.093900000000001],[77.5813,13.0916]]]},"properties":{"tree_count":16,"dominant_species":null}},{"type":"Feature","geometry":{"type":"Polygon","coordinates":[[[77.5836,13.0985],[77.5859,13.0985],[77.5859,13.100800000000001],[77.5836,13.100800000000001],[77.5836,13.0985]]]},"properties":{"tree_count":8,"dominant_species":null}},{"type":"Feature","geometry":{"type":"Polygon","coordinates":[[[77.717,12.9789],[77.71929999999999,12.9789],[77.71929999999999,12.981200000000001],[77.717,12.981200000000001],[77.717,12.9789]]]},"properties":{"tree_count":1,"dominant_species":null}},{"type":"Feature","geometry":{"type":"Polygon","coordinates":[[[77.72160000000001,12.9536],[77.7239,12.9536],[77.7239,12.955900000000002],[77.72160000000001,12.955900000000002],[77.72160000000001,12.9536]]]},"properties":{"tree_count":1,"dominant_species":null}},{"type":"Feature","geometry":{"type":"Polygon","coordinates":[[[77.54910000000001,12.9996],[77.5514,12.9996],[77.5514,13.001900000000001],[77.54910000000001,13.001900000000001],[77.54910000000001,12.9996]]]},"properties":{"tree_count":12,"dominant_species":"Cocos nucifera"}},{"type":"Feature","geometry":{"type":"Polygon","coordinates":[[[77.60430000000001,12.9674],[77.6066,12.9674],[77.6066,12.969700000000001],[77.60430000000001,12.969700000000001],[77.60430000000001,12.9674]]]},"properties":{"tree_count":3,"dominant_species":"Saman"}},{"type":"Feature","geometry":{"type":"Polygon","coordinates":[[[77.7308,12.9559],[77.7331,12.9559],[77.7331,12.958200000000001],[77.7308,12.958200000000001],[77.7308,12.9559]]]},"properties":{"tree_count":2,"dominant_species":null}},{"type":"Feature","geometry":{"type":"Polygon","coordinates":[[[77.556,13.043299999999999],[77.55829999999999,13.043299999999999],[77.55829999999999,13.0456],[77.556,13.0456],[77.556,13.043299999999999]]]},"properties":{"tree_count":2,"dominant_species":null}},{"type":"Feature","geometry":{"type":"Polygon","coordinates":[[[77.5721,12.9789],[77.5744,12.9789],[77.5744,12.981200000000001],[77.5721,12.981200000000001],[77.5721,12.9789]]]},"properties":{"tree_count":4,"dominant_species":null}},{"type":"Feature","geometry":{"type":"Polygon","coordinates":[[[77.66640000000001,12.921399999999998],[77.6687,12.921399999999998],[77.6687,12.9237],[77.66640000000001,12.9237],[77.66640000000001,12.921399999999998]]]},"properties":{"tree_count":4,"dominant_species":"Spathodea campanulata"}},{"type":"Feature","geometry":{"type":"Polygon","coordinates":[[[77.6457,12.946699999999998],[77.648,12.946699999999998],[77.648,12.949],[77.6457,12.949],[77.6457,12.946699999999998]]]},"properties":{"tree_count":7,"dominant_species":null}},{"type":"Feature","geometry":{"type":"Polygon","coordinates":[[[77.6457,12.948999999999998],[77.648,12.948999999999998],[77.648,12.9513],[77.6457,12.9513],[77.6457,12.948999999999998]]]},"properties":{"tree_count":1,"dominant_species":null}},{"type":"Feature","geometry":{"type":"Polygon","coordinates":[[[77.6434,12.948999999999998],[77.64569999999999,12.948999999999998],[77.64569999999999,12.9513],[77.6434,12.9513],[77.6434,12.948999999999998]]]},"properties":{"tree_count":11,"dominant_species":null}},{"type":"Feature","geometry":{"type":"Polygon","coordinates":[[[77.7193,12.9582],[77.7216,12.9582],[77.7216,12.960500000000001],[77.7193,12.960500000000001],[77.7193,12.9582]]]},"properties":{"tree_count":120,"dominant_species":null}},{"type":"Feature","geometry":{"type":"Polygon","coordinates":[[[77.5928,12.914499999999999],[77.59509999999999,12.914499999999999],[77.59509999999999,12.9168],[77.5928,12.9168],[77.5928,12.914499999999999]]]},"properties":{"tree_count":1,"dominant_species":null}},{"type":"Feature","geometry":{"type":"Polygon","coordinates":[[[77.6503,12.921399999999998],[77.65259999999999,12.921399999999998],[77.65259999999999,12.9237],[77.6503,12.9237],[77.6503,12.921399999999998]]]},"properties":{"tree_count":43,"dominant_species":null}},{"type":"Feature","geometry":{"type":"Polygon","coordinates":[[[77.648,12.921399999999998],[77.65029999999999,12.921399999999998],[77.65029999999999,12.9237],[77.648,12.9237],[77.648,12.921399999999998]]]},"properties":{"tree_count":5,"dominant_species":null}},{"type":"Feature","geometry":{"type":"Polygon","coordinates":[[[77.648,12.919099999999998],[77.65029999999999,12.919099999999998],[77.65029999999999,12.9214],[77.648,12.9214],[77.648,12.919099999999998]]]},"properties":{"tree_count":13,"dominant_species":"Argentia"}},{"type":"Feature","geometry":{"type":"Polygon","coordinates":[[[77.7262,12.9766],[77.7285,12.9766],[77.7285,12.978900000000001],[77.7262,12.978900000000001],[77.7262,12.9766]]]},"properties":{"tree_count":14,"dominant_species":null}},{"type":"Feature","geometry":{"type":"Polygon","coordinates":[[[77.4778,12.944399999999998],[77.4801,12.944399999999998],[77.4801,12.9467],[77.4778,12.9467],[77.4778,12.944399999999998]]]},"properties":{"tree_count":4,"dominant_species":null}},{"type":"Feature","geometry":{"type":"Polygon","coordinates":[[[77.4755,12.944399999999998],[77.47779999999999,12.944399999999998],[77.47779999999999,12.9467],[77.4755,12.9467],[77.4755,12.944399999999998]]]},"properties":{"tree_count":15,"dominant_species":null}},{"type":"Feature","geometry":{"type":"Polygon","coordinates":[[[77.4778,12.946699999999998],[77.4801,12.946699999999998],[77.4801,12.949],[77.4778,12.949],[77.4778,12.946699999999998]]]},"properties":{"tree_count":3,"dominant_species":null}},{"type":"Feature","geometry":{"type":"Polygon","coordinates":[[[77.4755,12.946699999999998],[77.47779999999999,12.946699999999998],[77.47779999999999,12.949],[77.4755,12.949],[77.4755,12.946699999999998]]]},"properties":{"tree_count":4,"dominant_species":null}},{"type":"Feature","geometry":{"type":"Polygon","coordinates":[[[77.4755,12.948999999999998],[77.47779999999999,12.948999999999998],[77.47779999999999,12.9513],[77.4755,12.9513],[77.4755,12.948999999999998]]]},"properties":{"tree_count":9,"dominant_species":null}},{"type":"Feature","geometry":{"type":"Polygon","coordinates":[[[77.4778,12.9559],[77.4801,12.9559],[77.4801,12.958200000000001],[77.4778,12.958200000000001],[77.4778,12.9559]]]},"properties":{"tree_count":8,"dominant_species":null}},{"type":"Feature","geometry":{"type":"Polygon","coordinates":[[[77.4778,12.9582],[77.4801,12.9582],[77.4801,12.960500000000001],[77.4778,12.960500000000001],[77.4778,12.9582]]]},"properties":{"tree_count":26,"dominant_species":null}},{"type":"Feature","geometry":{"type":"Polygon","coordinates":[[[77.4778,12.9605],[77.4801,12.9605],[77.4801,12.962800000000001],[77.4778,12.962800000000001],[77.4778,12.9605]]]},"properties":{"tree_count":24,"dominant_species":null}},{"type":"Feature","geometry":{"type":"Polygon","coordinates":[[[77.4778,12.9628],[77.4801,12.9628],[77.4801,12.965100000000001],[77.4778,12.965100000000001],[77.4778,12.9628]]]},"properties":{"tree_count":14,"dominant_species":null}},{"type":"Feature","geometry":{"type":"Polygon","coordinates":[[[77.48010000000001,12.9628],[77.4824,12.9628],[77.4824,12.965100000000001],[77.48010000000001,12.965100000000001],[77.48010000000001,12.9628]]]},"properties":{"tree_count":8,"dominant_species":null}},{"type":"Feature","geometry":{"type":"Polygon","coordinates":[[[77.48010000000001,12.9674],[77.4824,12.9674],[77.4824,12.969700000000001],[77.48010000000001,12.969700000000001],[77.48010000000001,12.9674]]]},"properties":{"tree_count":6,"dominant_species":null}},{"type":"Feature","geometry":{"type":"Polygon","coordinates":[[[77.48010000000001,12.9651],[77.4824,12.9651],[77.4824,12.967400000000001],[77.48010000000001,12.967400000000001],[77.48010000000001,12.9651]]]},"properties":{"tree_count":27,"dominant_species":null}},{"type":"Feature","geometry":{"type":"Polygon","coordinates":[[[77.4962,13.137599999999999],[77.49849999999999,13.137599999999999],[77.49849999999999,13.1399],[77.4962,13.1399],[77.4962,13.137599999999999]]]},"properties":{"tree_count":4,"dominant_species":null}},{"type":"Feature","geometry":{"type":"Polygon","coordinates":[[[77.4916,13.139899999999999],[77.4939,13.139899999999999],[77.4939,13.1422],[77.4916,13.1422],[77.4916,13.139899999999999]]]},"properties":{"tree_count":1,"dominant_species":null}},{"type":"Feature","geometry":{"type":"Polygon","coordinates":[[[77.6503,12.923699999999998],[77.65259999999999,12.923699999999998],[77.65259999999999,12.926],[77.6503,12.926],[77.6503,12.923699999999998]]]},"properties":{"tree_count":4,"dominant_species":null}},{"type":"Feature","geometry":{"type":"Polygon","coordinates":[[[77.5698,12.9743],[77.57209999999999,12.9743],[77.57209999999999,12.976600000000001],[77.5698,12.976600000000001],[77.5698,12.9743]]]},"properties":{"tree_count":4,"dominant_species":null}},{"type":"Feature","geometry":{"type":"Polygon","coordinates":[[[77.5721,12.9743],[77.5744,12.9743],[77.5744,12.976600000000001],[77.5721,12.976600000000001],[77.5721,12.9743]]]},"properties":{"tree_count":6,"dominant_species":null}},{"type":"Feature","geometry":{"type":"Polygon","coordinates":[[[77.4939,13.137599999999999],[77.49619999999999,13.137599999999999],[77.49619999999999,13.1399],[77.4939,13.1399],[77.4939,13.137599999999999]]]},"properties":{"tree_count":1,"dominant_species":null}},{"type":"Feature","geometry":{"type":"Polygon","coordinates":[[[77.4939,13.135299999999999],[77.49619999999999,13.135299999999999],[77.49619999999999,13.1376],[77.4939,13.1376],[77.4939,13.135299999999999]]]},"properties":{"tree_count":1,"dominant_species":null}},{"type":"Feature","geometry":{"type":"Polygon","coordinates":[[[77.6618,13.011099999999999],[77.66409999999999,13.011099999999999],[77.66409999999999,13.0134],[77.6618,13.0134],[77.6618,13.011099999999999]]]},"properties":{"tree_count":2,"dominant_species":null}},{"type":"Feature","geometry":{"type":"Polygon","coordinates":[[[77.66640000000001,12.995],[77.6687,12.995],[77.6687,12.997300000000001],[77.66640000000001,12.997300000000001],[77.66640000000001,12.995]]]},"properties":{"tree_count":15,"dominant_species":null}},{"type":"Feature","geometry":{"type":"Polygon","coordinates":[[[77.6641,12.995],[77.6664,12.995],[77.6664,12.997300000000001],[77.6641,12.997300000000001],[77.6641,12.995]]]},"properties":{"tree_count":4,"dominant_species":null}},{"type":"Feature","geometry":{"type":"Polygon","coordinates":[[[77.6112,12.948999999999998],[77.61349999999999,12.948999999999998],[77.61349999999999,12.9513],[77.6112,12.9513],[77.6112,12.948999999999998]]]},"properties":{"tree_count":1,"dominant_species":null}},{"type":"Feature","geometry":{"type":"Polygon","coordinates":[[[77.6917,12.942099999999998],[77.69399999999999,12.942099999999998],[77.69399999999999,12.9444],[77.6917,12.9444],[77.6917,12.942099999999998]]]},"properties":{"tree_count":1,"dominant_species":null}},{"type":"Feature","geometry":{"type":"Polygon","coordinates":[[[77.6871,12.942099999999998],[77.68939999999999,12.942099999999998],[77.68939999999999,12.9444],[77.6871,12.9444],[77.6871,12.942099999999998]]]},"properties":{"tree_count":1,"dominant_species":null}},{"type":"Feature","geometry":{"type":"Polygon","coordinates":[[[77.717,12.9674],[77.71929999999999,12.9674],[77.71929999999999,12.969700000000001],[77.717,12.969700000000001],[77.717,12.9674]]]},"properties":{"tree_count":3,"dominant_species":null}},{"type":"Feature","geometry":{"type":"Polygon","coordinates":[[[77.6434,13.057099999999998],[77.64569999999999,13.057099999999998],[77.64569999999999,13.0594],[77.6434,13.0594],[77.6434,13.057099999999998]]]},"properties":{"tree_count":1,"dominant_species":null}},{"type":"Feature","geometry":{"type":"Polygon","coordinates":[[[77.6204,12.916799999999999],[77.6227,12.916799999999999],[77.6227,12.9191],[77.6204,12.9191],[77.6204,12.916799999999999]]]},"properties":{"tree_count":1,"dominant_species":null}},{"type":"Feature","geometry":{"type":"Polygon","coordinates":[[[77.5928,12.9927],[77.59509999999999,12.9927],[77.59509999999999,12.995000000000001],[77.5928,12.995000000000001],[77.5928,12.9927]]]},"properties":{"tree_count":2,"dominant_species":null}},{"type":"Feature","geometry":{"type":"Polygon","coordinates":[[[77.5905,12.9904],[77.5928,12.9904],[77.5928,12.992700000000001],[77.5905,12.992700000000001],[77.5905,12.9904]]]},"properties":{"tree_count":4,"dominant_species":null}},{"type":"Feature","geometry":{"type":"Polygon","coordinates":[[[77.5882,12.9881],[77.59049999999999,12.9881],[77.59049999999999,12.990400000000001],[77.5882,12.990400000000001],[77.5882,12.9881]]]},"properties":{"tree_count":5,"dominant_species":null}},{"type":"Feature","geometry":{"type":"Polygon","coordinates":[[[77.58590000000001,12.9881],[77.5882,12.9881],[77.5882,12.990400000000001],[77.58590000000001,12.990400000000001],[77.58590000000001,12.9881]]]},"properties":{"tree_count":2,"dominant_species":null}},{"type":"Feature","geometry":{"type":"Polygon","coordinates":[[[77.58590000000001,12.9858],[77.5882,12.9858],[77.5882,12.988100000000001],[77.58590000000001,12.988100000000001],[77.58590000000001,12.9858]]]},"properties":{"tree_count":1,"dominant_species":null}},{"type":"Feature","geometry":{"type":"Polygon","coordinates":[[[77.5744,12.9766],[77.57669999999999,12.9766],[77.57669999999999,12.978900000000001],[77.5744,12.978900000000001],[77.5744,12.9766]]]},"properties":{"tree_count":1,"dominant_species":null}},{"type":"Feature","geometry":{"type":"Polygon","coordinates":[[[77.5905,12.9927],[77.5928,12.9927],[77.5928,12.995000000000001],[77.5905,12.995000000000001],[77.5905,12.9927]]]},"properties":{"tree_count":1,"dominant_species":null}},{"type":"Feature","geometry":{"type":"Polygon","coordinates":[[[77.5836,12.972],[77.5859,12.972],[77.5859,12.974300000000001],[77.5836,12.974300000000001],[77.5836,12.972]]]},"properties":{"tree_count":6,"dominant_species":null}},{"type":"Feature","geometry":{"type":"Polygon","coordinates":[[[77.69630000000001,12.935199999999998],[77.6986,12.935199999999998],[77.6986,12.9375],[77.69630000000001,12.9375],[77.69630000000001,12.935199999999998]]]},"properties":{"tree_count":1,"dominant_species":null}},{"type":"Feature","geometry":{"type":"Polygon","coordinates":[[[77.694,12.928299999999998],[77.6963,12.928299999999998],[77.6963,12.9306],[77.694,12.9306],[77.694,12.928299999999998]]]},"properties":{"tree_count":12,"dominant_species":null}},{"type":"Feature","geometry":{"type":"Polygon","coordinates":[[[77.7193,12.951299999999998],[77.7216,12.951299999999998],[77.7216,12.9536],[77.7193,12.9536],[77.7193,12.951299999999998]]]},"properties":{"tree_count":2,"dominant_species":null}},{"type":"Feature","geometry":{"type":"Polygon","coordinates":[[[77.72160000000001,12.946699999999998],[77.7239,12.946699999999998],[77.7239,12.949],[77.72160000000001,12.949],[77.72160000000001,12.946699999999998]]]},"properties":{"tree_count":17,"dominant_species":"nucifera"}},{"type":"Feature","geometry":{"type":"Polygon","coordinates":[[[77.72160000000001,12.948999999999998],[77.7239,12.948999999999998],[77.7239,12.9513],[77.72160000000001,12.9513],[77.72160000000001,12.948999999999998]]]},"properties":{"tree_count":11,"dominant_species":"nucifera"}},{"type":"Feature","geometry":{"type":"Polygon","coordinates":[[[77.72160000000001,12.951299999999998],[77.7239,12.951299999999998],[77.7239,12.9536],[77.72160000000001,12.9536],[77.72160000000001,12.951299999999998]]]},"properties":{"tree_count":1,"dominant_species":"nucifera"}},{"type":"Feature","geometry":{"type":"Polygon","coordinates":[[[77.6503,12.914499999999999],[77.65259999999999,12.914499999999999],[77.65259999999999,12.9168],[77.6503,12.9168],[77.6503,12.914499999999999]]]},"properties":{"tree_count":1,"dominant_species":null}},{"type":"Feature","geometry":{"type":"Polygon","coordinates":[[[77.58590000000001,12.9789],[77.5882,12.9789],[77.5882,12.981200000000001],[77.58590000000001,12.981200000000001],[77.58590000000001,12.9789]]]},"properties":{"tree_count":4,"dominant_species":null}},{"type":"Feature","geometry":{"type":"Polygon","coordinates":[[[77.5882,12.9789],[77.59049999999999,12.9789],[77.59049999999999,12.981200000000001],[77.5882,12.981200000000001],[77.5882,12.9789]]]},"properties":{"tree_count":4,"dominant_species":null}},{"type":"Feature","geometry":{"type":"Polygon","coordinates":[[[77.71470000000001,12.972],[77.717,12.972],[77.717,12.974300000000001],[77.71470000000001,12.974300000000001],[77.71470000000001,12.972]]]},"properties":{"tree_count":18,"dominant_species":null}},{"type":"Feature","geometry":{"type":"Polygon","coordinates":[[[77.7124,12.972],[77.7147,12.972],[77.7147,12.974300000000001],[77.7124,12.974300000000001],[77.7124,12.972]]]},"properties":{"tree_count":4,"dominant_species":null}},{"type":"Feature","geometry":{"type":"Polygon","coordinates":[[[77.7124,12.9743],[77.7147,12.9743],[77.7147,12.976600000000001],[77.7124,12.976600000000001],[77.7124,12.9743]]]},"properties":{"tree_count":1,"dominant_species":null}},{"type":"Feature","geometry":{"type":"Polygon","coordinates":[[[77.717,12.9743],[77.71929999999999,12.9743],[77.71929999999999,12.976600000000001],[77.717,12.976600000000001],[77.717,12.9743]]]},"properties":{"tree_count":25,"dominant_species":null}},{"type":"Feature","geometry":{"type":"Polygon","coordinates":[[[77.717,12.9766],[77.71929999999999,12.9766],[77.71929999999999,12.978900000000001],[77.717,12.978900000000001],[77.717,12.9766]]]},"properties":{"tree_count":2,"dominant_species":null}},{"type":"Feature","geometry":{"type":"Polygon","coordinates":[[[77.717,12.972],[77.71929999999999,12.972],[77.71929999999999,12.974300000000001],[77.717,12.974300000000001],[77.717,12.972]]]},"properties":{"tree_count":33,"dominant_species":null}},{"type":"Feature","geometry":{"type":"Polygon","coordinates":[[[77.5767,12.925999999999998],[77.579,12.925999999999998],[77.579,12.9283],[77.5767,12.9283],[77.5767,12.925999999999998]]]},"properties":{"tree_count":1,"dominant_species":null}},{"type":"Feature","geometry":{"type":"Polygon","coordinates":[[[77.5652,12.902999999999999],[77.5675,12.902999999999999],[77.5675,12.9053],[77.5652,12.9053],[77.5652,12.902999999999999]]]},"properties":{"tree_count":4,"dominant_species":null}},{"type":"Feature","geometry":{"type":"Polygon","coordinates":[[[77.56750000000001,12.902999999999999],[77.5698,12.902999999999999],[77.5698,12.9053],[77.56750000000001,12.9053],[77.56750000000001,12.902999999999999]]]},"properties":{"tree_count":1,"dominant_species":null}},{"type":"Feature","geometry":{"type":"Polygon","coordinates":[[[77.5698,12.905299999999999],[77.57209999999999,12.905299999999999],[77.57209999999999,12.9076],[77.5698,12.9076],[77.5698,12.905299999999999]]]},"properties":{"tree_count":8,"dominant_species":null}},{"type":"Feature","geometry":{"type":"Polygon","coordinates":[[[77.5698,12.907599999999999],[77.57209999999999,12.907599999999999],[77.57209999999999,12.9099],[77.5698,12.9099],[77.5698,12.907599999999999]]]},"properties":{"tree_count":5,"dominant_species":null}},{"type":"Feature","geometry":{"type":"Polygon","coordinates":[[[77.717,12.944399999999998],[77.71929999999999,12.944399999999998],[77.71929999999999,12.9467],[77.717,12.9467],[77.717,12.944399999999998]]]},"properties":{"tree_count":9,"dominant_species":null}},{"type":"Feature","geometry":{"type":"Polygon","coordinates":[[[77.7308,12.9605],[77.7331,12.9605],[77.7331,12.962800000000001],[77.7308,12.962800000000001],[77.7308,12.9605]]]},"properties":{"tree_count":5,"dominant_species":null}},{"type":"Feature","geometry":{"type":"Polygon","coordinates":[[[77.7308,12.9628],[77.7331,12.9628],[77.7331,12.965100000000001],[77.7308,12.965100000000001],[77.7308,12.9628]]]},"properties":{"tree_count":11,"dominant_species":null}},{"type":"Feature","geometry":{"type":"Polygon","coordinates":[[[77.71470000000001,12.9697],[77.717,12.9697],[77.717,12.972000000000001],[77.71470000000001,12.972000000000001],[77.71470000000001,12.9697]]]},"properties":{"tree_count":1,"dominant_species":null}},{"type":"Feature","geometry":{"type":"Polygon","coordinates":[[[77.717,12.9651],[77.71929999999999,12.9651],[77.71929999999999,12.967400000000001],[77.717,12.967400000000001],[77.717,12.9651]]]},"properties":{"tree_count":6,"dominant_species":null}},{"type":"Feature","geometry":{"type":"Polygon","coordinates":[[[77.7193,12.9651],[77.7216,12.9651],[77.7216,12.967400000000001],[77.7193,12.967400000000001],[77.7193,12.9651]]]},"properties":{"tree_count":2,"dominant_species":null}},{"type":"Feature","geometry":{"type":"Polygon","coordinates":[[[77.7239,12.9628],[77.72619999999999,12.9628],[77.72619999999999,12.965100000000001],[77.7239,12.965100000000001],[77.7239,12.9628]]]},"properties":{"tree_count":1,"dominant_species":null}},{"type":"Feature","geometry":{"type":"Polygon","coordinates":[[[77.72160000000001,12.9628],[77.7239,12.9628],[77.7239,12.965100000000001],[77.72160000000001,12.965100000000001],[77.72160000000001,12.9628]]]},"properties":{"tree_count":5,"dominant_species":null}},{"type":"Feature","geometry":{"type":"Polygon","coordinates":[[[77.6641,12.925999999999998],[77.6664,12.925999999999998],[77.6664,12.9283],[77.6641,12.9283],[77.6641,12.925999999999998]]]},"properties":{"tree_count":1,"dominant_species":null}},{"type":"Feature","geometry":{"type":"Polygon","coordinates":[[[77.6135,12.9973],[77.6158,12.9973],[77.6158,12.999600000000001],[77.6135,12.999600000000001],[77.6135,12.9973]]]},"properties":{"tree_count":25,"dominant_species":null}},{"type":"Feature","geometry":{"type":"Polygon","coordinates":[[[77.61580000000001,12.9973],[77.6181,12.9973],[77.6181,12.999600000000001],[77.61580000000001,12.999600000000001],[77.61580000000001,12.9973]]]},"properties":{"tree_count":7,"dominant_species":null}},{"type":"Feature","geometry":{"type":"Polygon","coordinates":[[[77.6135,12.995],[77.6158,12.995],[77.6158,12.997300000000001],[77.6135,12.997300000000001],[77.6135,12.995]]]},"properties":{"tree_count":9,"dominant_species":null}},{"type":"Feature","geometry":{"type":"Polygon","coordinates":[[[77.6181,12.9973],[77.62039999999999,12.9973],[77.62039999999999,12.999600000000001],[77.6181,12.999600000000001],[77.6181,12.9973]]]},"properties":{"tree_count":2,"dominant_species":null}},{"type":"Feature","geometry":{"type":"Polygon","coordinates":[[[77.6089,12.9697],[77.6112,12.9697],[77.6112,12.972000000000001],[77.6089,12.972000000000001],[77.6089,12.9697]]]},"properties":{"tree_count":2,"dominant_species":null}},{"type":"Feature","geometry":{"type":"Polygon","coordinates":[[[77.5928,12.9789],[77.59509999999999,12.9789],[77.59509999999999,12.981200000000001],[77.5928,12.981200000000001],[77.5928,12.9789]]]},"properties":{"tree_count":16,"dominant_species":"Roystonea regia"}},{"type":"Feature","geometry":{"type":"Polygon","coordinates":[[[77.5905,12.9789],[77.5928,12.9789],[77.5928,12.981200000000001],[77.5905,12.981200000000001],[77.5905,12.9789]]]},"properties":{"tree_count":3,"dominant_species":"Roystonea regia"}},{"type":"Feature","geometry":{"type":"Polygon","coordinates":[[[77.5928,12.9812],[77.59509999999999,12.9812],[77.59509999999999,12.983500000000001],[77.5928,12.983500000000001],[77.5928,12.9812]]]},"properties":{"tree_count":8,"dominant_species":"Roystonea regia"}},{"type":"Feature","geometry":{"type":"Polygon","coordinates":[[[77.6388,12.9973],[77.6411,12.9973],[77.6411,12.999600000000001],[77.6388,12.999600000000001],[77.6388,12.9973]]]},"properties":{"tree_count":3,"dominant_species":null}},{"type":"Feature","geometry":{"type":"Polygon","coordinates":[[[77.6388,12.9996],[77.6411,12.9996],[77.6411,13.001900000000001],[77.6388,13.001900000000001],[77.6388,12.9996]]]},"properties":{"tree_count":8,"dominant_species":null}},{"type":"Feature","geometry":{"type":"Polygon","coordinates":[[[77.54910000000001,13.011099999999999],[77.5514,13.011099999999999],[77.5514,13.0134],[77.54910000000001,13.0134],[77.54910000000001,13.011099999999999]]]},"properties":{"tree_count":4,"dominant_species":"Ficus religiosa"}},{"type":"Feature","geometry":{"type":"Polygon","coordinates":[[[77.5468,13.008799999999999],[77.5491,13.008799999999999],[77.5491,13.0111],[77.5468,13.0111],[77.5468,13.008799999999999]]]},"properties":{"tree_count":1,"dominant_species":null}},{"type":"Feature","geometry":{"type":"Polygon","coordinates":[[[77.6181,12.925999999999998],[77.62039999999999,12.925999999999998],[77.62039999999999,12.9283],[77.6181,12.9283],[77.6181,12.925999999999998]]]},"properties":{"tree_count":6,"dominant_species":null}},{"type":"Feature","geometry":{"type":"Polygon","coordinates":[[[77.6204,12.925999999999998],[77.6227,12.925999999999998],[77.6227,12.9283],[77.6204,12.9283],[77.6204,12.925999999999998]]]},"properties":{"tree_count":4,"dominant_species":null}},{"type":"Feature","geometry":{"type":"Polygon","coordinates":[[[77.56750000000001,13.006499999999999],[77.5698,13.006499999999999],[77.5698,13.0088],[77.56750000000001,13.0088],[77.56750000000001,13.006499999999999]]]},"properties":{"tree_count":25,"dominant_species":null}},{"type":"Feature","geometry":{"type":"Polygon","coordinates":[[[77.5721,13.006499999999999],[77.5744,13.006499999999999],[77.5744,13.0088],[77.5721,13.0088],[77.5721,13.006499999999999]]]},"properties":{"tree_count":1,"dominant_species":null}},{"type":"Feature","geometry":{"type":"Polygon","coordinates":[[[77.56750000000001,13.004199999999999],[77.5698,13.004199999999999],[77.5698,13.0065],[77.56750000000001,13.0065],[77.56750000000001,13.004199999999999]]]},"properties":{"tree_count":29,"dominant_species":null}},{"type":"Feature","geometry":{"type":"Polygon","coordinates":[[[77.56750000000001,13.0019],[77.5698,13.0019],[77.5698,13.0042],[77.56750000000001,13.0042],[77.56750000000001,13.0019]]]},"properties":{"tree_count":34,"dominant_species":null}},{"type":"Feature","geometry":{"type":"Polygon","coordinates":[[[77.56750000000001,12.9996],[77.5698,12.9996],[77.5698,13.001900000000001],[77.56750000000001,13.001900000000001],[77.56750000000001,12.9996]]]},"properties":{"tree_count":29,"dominant_species":null}},{"type":"Feature","geometry":{"type":"Polygon","coordinates":[[[77.6986,12.9536],[77.70089999999999,12.9536],[77.70089999999999,12.955900000000002],[77.6986,12.955900000000002],[77.6986,12.9536]]]},"properties":{"tree_count":5,"dominant_species":null}},{"type":"Feature","geometry":{"type":"Polygon","coordinates":[[[77.6986,12.951299999999998],[77.70089999999999,12.951299999999998],[77.70089999999999,12.9536],[77.6986,12.9536],[77.6986,12.951299999999998]]]},"properties":{"tree_count":9,"dominant_species":null}},{"type":"Feature","geometry":{"type":"Polygon","coordinates":[[[77.5905,13.068599999999998],[77.5928,13.068599999999998],[77.5928,13.0709],[77.5905,13.0709],[77.5905,13.068599999999998]]]},"properties":{"tree_count":3,"dominant_species":null}},{"type":"Feature","geometry":{"type":"Polygon","coordinates":[[[77.6503,12.907599999999999],[77.65259999999999,12.907599999999999],[77.65259999999999,12.9099],[77.6503,12.9099],[77.6503,12.907599999999999]]]},"properties":{"tree_count":2,"dominant_species":null}},{"type":"Feature","geometry":{"type":"Polygon","coordinates":[[[77.6503,12.909899999999999],[77.65259999999999,12.909899999999999],[77.65259999999999,12.9122],[77.6503,12.9122],[77.6503,12.909899999999999]]]},"properties":{"tree_count":5,"dominant_species":null}},{"type":"Feature","geometry":{"type":"Polygon","coordinates":[[[77.5836,13.063999999999998],[77.5859,13.063999999999998],[77.5859,13.0663],[77.5836,13.0663],[77.5836,13.063999999999998]]]},"properties":{"tree_count":1,"dominant_species":null}},{"type":"Feature","geometry":{"type":"Polygon","coordinates":[[[77.4709,12.9582],[77.47319999999999,12.9582],[77.47319999999999,12.960500000000001],[77.4709,12.960500000000001],[77.4709,12.9582]]]},"properties":{"tree_count":1,"dominant_species":null}},{"type":"Feature","geometry":{"type":"Polygon","coordinates":[[[77.53070000000001,12.937499999999998],[77.533,12.937499999999998],[77.533,12.9398],[77.53070000000001,12.9398],[77.53070000000001,12.937499999999998]]]},"properties":{"tree_count":1,"dominant_species":null}},{"type":"Feature","geometry":{"type":"Polygon","coordinates":[[[77.6388,12.8639],[77.6411,12.8639],[77.6411,12.866200000000001],[77.6388,12.866200000000001],[77.6388,12.8639]]]},"properties":{"tree_count":1,"dominant_species":null}},{"type":"Feature","geometry":{"type":"Polygon","coordinates":[[[77.64110000000001,12.8639],[77.6434,12.8639],[77.6434,12.866200000000001],[77.64110000000001,12.866200000000001],[77.64110000000001,12.8639]]]},"properties":{"tree_count":3,"dominant_species":null}},{"type":"Feature","geometry":{"type":"Polygon","coordinates":[[[77.6112,12.8547],[77.61349999999999,12.8547],[77.61349999999999,12.857000000000001],[77.6112,12.857000000000001],[77.6112,12.8547]]]},"properties":{"tree_count":3,"dominant_species":null}},{"type":"Feature","geometry":{"type":"Polygon","coordinates":[[[77.5031,12.884599999999999],[77.5054,12.884599999999999],[77.5054,12.8869],[77.5031,12.8869],[77.5031,12.884599999999999]]]},"properties":{"tree_count":36,"dominant_species":"Roystonea regia"}},{"type":"Feature","geometry":{"type":"Polygon","coordinates":[[[77.5008,12.884599999999999],[77.50309999999999,12.884599999999999],[77.50309999999999,12.8869],[77.5008,12.8869],[77.5008,12.884599999999999]]]},"properties":{"tree_count":15,"dominant_species":"Roystonea regia"}},{"type":"Feature","geometry":{"type":"Polygon","coordinates":[[[77.5008,12.882299999999999],[77.50309999999999,12.882299999999999],[77.50309999999999,12.8846],[77.5008,12.8846],[77.5008,12.882299999999999]]]},"properties":{"tree_count":17,"dominant_species":"Roystonea regia"}},{"type":"Feature","geometry":{"type":"Polygon","coordinates":[[[77.5077,12.886899999999999],[77.50999999999999,12.886899999999999],[77.50999999999999,12.8892],[77.5077,12.8892],[77.5077,12.886899999999999]]]},"properties":{"tree_count":15,"dominant_species":"Roystonea regia"}},{"type":"Feature","geometry":{"type":"Polygon","coordinates":[[[77.51,12.889199999999999],[77.5123,12.889199999999999],[77.5123,12.8915],[77.51,12.8915],[77.51,12.889199999999999]]]},"properties":{"tree_count":14,"dominant_species":"Roystonea regia"}},{"type":"Feature","geometry":{"type":"Polygon","coordinates":[[[77.5123,12.891499999999999],[77.51459999999999,12.891499999999999],[77.51459999999999,12.8938],[77.5123,12.8938],[77.5123,12.891499999999999]]]},"properties":{"tree_count":3,"dominant_species":"Roystonea regia"}},{"type":"Feature","geometry":{"type":"Polygon","coordinates":[[[77.5123,12.893799999999999],[77.51459999999999,12.893799999999999],[77.51459999999999,12.8961],[77.5123,12.8961],[77.5123,12.893799999999999]]]},"properties":{"tree_count":7,"dominant_species":"Roystonea regia"}},{"type":"Feature","geometry":{"type":"Polygon","coordinates":[[[77.5146,12.893799999999999],[77.51689999999999,12.893799999999999],[77.51689999999999,12.8961],[77.5146,12.8961],[77.5146,12.893799999999999]]]},"properties":{"tree_count":9,"dominant_species":"Roystonea regia"}},{"type":"Feature","geometry":{"type":"Polygon","coordinates":[[[77.5169,12.898399999999999],[77.5192,12.898399999999999],[77.5192,12.9007],[77.5169,12.9007],[77.5169,12.898399999999999]]]},"properties":{"tree_count":2,"dominant_species":"Roystonea regia"}},{"type":"Feature","geometry":{"type":"Polygon","coordinates":[[[77.5192,12.898399999999999],[77.52149999999999,12.898399999999999],[77.52149999999999,12.9007],[77.5192,12.9007],[77.5192,12.898399999999999]]]},"properties":{"tree_count":4,"dominant_species":"Roystonea regia"}},{"type":"Feature","geometry":{"type":"Polygon","coordinates":[[[77.58590000000001,13.059399999999998],[77.5882,13.059399999999998],[77.5882,13.0617],[77.58590000000001,13.0617],[77.58590000000001,13.059399999999998]]]},"properties":{"tree_count":5,"dominant_species":null}},{"type":"Feature","geometry":{"type":"Polygon","coordinates":[[[77.57900000000001,12.9858],[77.5813,12.9858],[77.5813,12.988100000000001],[77.57900000000001,12.988100000000001],[77.57900000000001,12.9858]]]},"properties":{"tree_count":1,"dominant_species":null}},{"type":"Feature","geometry":{"type":"Polygon","coordinates":[[[77.5744,13.034099999999999],[77.57669999999999,13.034099999999999],[77.57669999999999,13.0364],[77.5744,13.0364],[77.5744,13.034099999999999]]]},"properties":{"tree_count":4,"dominant_species":null}},{"type":"Feature","geometry":{"type":"Polygon","coordinates":[[[77.6986,12.946699999999998],[77.70089999999999,12.946699999999998],[77.70089999999999,12.949],[77.6986,12.949],[77.6986,12.946699999999998]]]},"properties":{"tree_count":6,"dominant_species":null}},{"type":"Feature","geometry":{"type":"Polygon","coordinates":[[[77.6986,12.948999999999998],[77.70089999999999,12.948999999999998],[77.70089999999999,12.9513],[77.6986,12.9513],[77.6986,12.948999999999998]]]},"properties":{"tree_count":11,"dominant_species":null}},{"type":"Feature","geometry":{"type":"Polygon","coordinates":[[[77.7009,12.9628],[77.7032,12.9628],[77.7032,12.965100000000001],[77.7009,12.965100000000001],[77.7009,12.9628]]]},"properties":{"tree_count":3,"dominant_species":null}},{"type":"Feature","geometry":{"type":"Polygon","coordinates":[[[77.7009,12.9605],[77.7032,12.9605],[77.7032,12.962800000000001],[77.7009,12.962800000000001],[77.7009,12.9605]]]},"properties":{"tree_count":9,"dominant_species":null}},{"type":"Feature","geometry":{"type":"Polygon","coordinates":[[[77.6273,12.9812],[77.6296,12.9812],[77.6296,12.983500000000001],[77.6273,12.983500000000001],[77.6273,12.9812]]]},"properties":{"tree_count":1,"dominant_species":null}},{"type":"Feature","geometry":{"type":"Polygon","coordinates":[[[77.7009,12.9651],[77.7032,12.9651],[77.7032,12.967400000000001],[77.7009,12.967400000000001],[77.7009,12.9651]]]},"properties":{"tree_count":3,"dominant_species":null}},{"type":"Feature","geometry":{"type":"Polygon","coordinates":[[[77.5951,12.9927],[77.5974,12.9927],[77.5974,12.995000000000001],[77.5951,12.995000000000001],[77.5951,12.9927]]]},"properties":{"tree_count":1,"dominant_species":null}},{"type":"Feature","geometry":{"type":"Polygon","coordinates":[[[77.5468,13.004199999999999],[77.5491,13.004199999999999],[77.5491,13.0065],[77.5468,13.0065],[77.5468,13.004199999999999]]]},"properties":{"tree_count":4,"dominant_species":null}},{"type":"Feature","geometry":{"type":"Polygon","coordinates":[[[77.5468,13.006499999999999],[77.5491,13.006499999999999],[77.5491,13.0088],[77.5468,13.0088],[77.5468,13.006499999999999]]]},"properties":{"tree_count":2,"dominant_species":null}},{"type":"Feature","geometry":{"type":"Polygon","coordinates":[[[77.5813,12.946699999999998],[77.58359999999999,12.946699999999998],[77.58359999999999,12.949],[77.5813,12.949],[77.5813,12.946699999999998]]]},"properties":{"tree_count":5,"dominant_species":"balanites"}},{"type":"Feature","geometry":{"type":"Polygon","coordinates":[[[77.57900000000001,12.946699999999998],[77.5813,12.946699999999998],[77.5813,12.949],[77.57900000000001,12.949],[77.57900000000001,12.946699999999998]]]},"properties":{"tree_count":5,"dominant_species":null}},{"type":"Feature","geometry":{"type":"Polygon","coordinates":[[[77.57900000000001,12.948999999999998],[77.5813,12.948999999999998],[77.5813,12.9513],[77.57900000000001,12.9513],[77.57900000000001,12.948999999999998]]]},"properties":{"tree_count":1,"dominant_species":null}},{"type":"Feature","geometry":{"type":"Polygon","coordinates":[[[77.59740000000001,12.9835],[77.5997,12.9835],[77.5997,12.985800000000001],[77.59740000000001,12.985800000000001],[77.59740000000001,12.9835]]]},"properties":{"tree_count":5,"dominant_species":null}},{"type":"Feature","geometry":{"type":"Polygon","coordinates":[[[77.59740000000001,12.9858],[77.5997,12.9858],[77.5997,12.988100000000001],[77.59740000000001,12.988100000000001],[77.59740000000001,12.9858]]]},"properties":{"tree_count":8,"dominant_species":null}},{"type":"Feature","geometry":{"type":"Polygon","coordinates":[[[77.5951,12.9835],[77.5974,12.9835],[77.5974,12.985800000000001],[77.5951,12.985800000000001],[77.5951,12.9835]]]},"properties":{"tree_count":6,"dominant_species":null}},{"type":"Feature","geometry":{"type":"Polygon","coordinates":[[[77.556,13.008799999999999],[77.55829999999999,13.008799999999999],[77.55829999999999,13.0111],[77.556,13.0111],[77.556,13.008799999999999]]]},"properties":{"tree_count":2,"dominant_species":null}},{"type":"Feature","geometry":{"type":"Polygon","coordinates":[[[77.58590000000001,13.0916],[77.5882,13.0916],[77.5882,13.093900000000001],[77.58590000000001,13.093900000000001],[77.58590000000001,13.0916]]]},"properties":{"tree_count":1,"dominant_species":null}},{"type":"Feature","geometry":{"type":"Polygon","coordinates":[[[77.6066,12.9651],[77.60889999999999,12.9651],[77.60889999999999,12.967400000000001],[77.6066,12.967400000000001],[77.6066,12.9651]]]},"properties":{"tree_count":15,"dominant_species":null}},{"type":"Feature","geometry":{"type":"Polygon","coordinates":[[[77.7124,12.9605],[77.7147,12.9605],[77.7147,12.962800000000001],[77.7124,12.962800000000001],[77.7124,12.9605]]]},"properties":{"tree_count":1,"dominant_species":null}},{"type":"Feature","geometry":{"type":"Polygon","coordinates":[[[77.71470000000001,12.9628],[77.717,12.9628],[77.717,12.965100000000001],[77.71470000000001,12.965100000000001],[77.71470000000001,12.9628]]]},"properties":{"tree_count":11,"dominant_species":null}},{"type":"Feature","geometry":{"type":"Polygon","coordinates":[[[77.6089,13.1031],[77.6112,13.1031],[77.6112,13.105400000000001],[77.6089,13.105400000000001],[77.6089,13.1031]]]},"properties":{"tree_count":2,"dominant_species":null}},{"type":"Feature","geometry":{"type":"Polygon","coordinates":[[[77.6112,13.1031],[77.61349999999999,13.1031],[77.61349999999999,13.105400000000001],[77.6112,13.105400000000001],[77.6112,13.1031]]]},"properties":{"tree_count":4,"dominant_species":null}},{"type":"Feature","geometry":{"type":"Polygon","coordinates":[[[77.7285,12.9835],[77.73079999999999,12.9835],[77.73079999999999,12.985800000000001],[77.7285,12.985800000000001],[77.7285,12.9835]]]},"properties":{"tree_count":1,"dominant_species":null}},{"type":"Feature","geometry":{"type":"Polygon","coordinates":[[[77.5836,12.995],[77.5859,12.995],[77.5859,12.997300000000001],[77.5836,12.997300000000001],[77.5836,12.995]]]},"properties":{"tree_count":4,"dominant_species":null}},{"type":"Feature","geometry":{"type":"Polygon","coordinates":[[[77.5997,12.9628],[77.60199999999999,12.9628],[77.60199999999999,12.965100000000001],[77.5997,12.965100000000001],[77.5997,12.9628]]]},"properties":{"tree_count":2,"dominant_species":"Ficus subgenus Urostigma"}},{"type":"Feature","geometry":{"type":"Polygon","coordinates":[[[77.60430000000001,12.9628],[77.6066,12.9628],[77.6066,12.965100000000001],[77.60430000000001,12.965100000000001],[77.60430000000001,12.9628]]]},"properties":{"tree_count":1,"dominant_species":null}},{"type":"Feature","geometry":{"type":"Polygon","coordinates":[[[77.60430000000001,12.9651],[77.6066,12.9651],[77.6066,12.967400000000001],[77.60430000000001,12.967400000000001],[77.60430000000001,12.9651]]]},"properties":{"tree_count":1,"dominant_species":null}},{"type":"Feature","geometry":{"type":"Polygon","coordinates":[[[77.6112,12.972],[77.61349999999999,12.972],[77.61349999999999,12.974300000000001],[77.6112,12.974300000000001],[77.6112,12.972]]]},"properties":{"tree_count":2,"dominant_species":null}},{"type":"Feature","geometry":{"type":"Polygon","coordinates":[[[77.602,12.972],[77.6043,12.972],[77.6043,12.974300000000001],[77.602,12.974300000000001],[77.602,12.972]]]},"properties":{"tree_count":6,"dominant_species":null}},{"type":"Feature","geometry":{"type":"Polygon","coordinates":[[[77.5997,12.9582],[77.60199999999999,12.9582],[77.60199999999999,12.960500000000001],[77.5997,12.960500000000001],[77.5997,12.9582]]]},"properties":{"tree_count":1,"dominant_species":null}},{"type":"Feature","geometry":{"type":"Polygon","coordinates":[[[77.5997,12.9605],[77.60199999999999,12.9605],[77.60199999999999,12.962800000000001],[77.5997,12.962800000000001],[77.5997,12.9605]]]},"properties":{"tree_count":2,"dominant_species":null}},{"type":"Feature","geometry":{"type":"Polygon","coordinates":[[[77.5928,12.9559],[77.59509999999999,12.9559],[77.59509999999999,12.958200000000001],[77.5928,12.958200000000001],[77.5928,12.9559]]]},"properties":{"tree_count":4,"dominant_species":null}},{"type":"Feature","geometry":{"type":"Polygon","coordinates":[[[77.5905,12.9559],[77.5928,12.9559],[77.5928,12.958200000000001],[77.5905,12.958200000000001],[77.5905,12.9559]]]},"properties":{"tree_count":17,"dominant_species":null}},{"type":"Feature","geometry":{"type":"Polygon","coordinates":[[[77.6756,13.020299999999999],[77.6779,13.020299999999999],[77.6779,13.0226],[77.6756,13.0226],[77.6756,13.020299999999999]]]},"properties":{"tree_count":1,"dominant_species":null}},{"type":"Feature","geometry":{"type":"Polygon","coordinates":[[[77.5951,12.9582],[77.5974,12.9582],[77.5974,12.960500000000001],[77.5951,12.960500000000001],[77.5951,12.9582]]]},"properties":{"tree_count":2,"dominant_species":null}},{"type":"Feature","geometry":{"type":"Polygon","coordinates":[[[77.6135,12.972],[77.6158,12.972],[77.6158,12.974300000000001],[77.6135,12.974300000000001],[77.6135,12.972]]]},"properties":{"tree_count":2,"dominant_species":null}},{"type":"Feature","geometry":{"type":"Polygon","coordinates":[[[77.59740000000001,12.972],[77.5997,12.972],[77.5997,12.974300000000001],[77.59740000000001,12.974300000000001],[77.59740000000001,12.972]]]},"properties":{"tree_count":3,"dominant_species":null}},{"type":"Feature","geometry":{"type":"Polygon","coordinates":[[[77.59740000000001,12.9697],[77.5997,12.9697],[77.5997,12.972000000000001],[77.59740000000001,12.972000000000001],[77.59740000000001,12.9697]]]},"properties":{"tree_count":1,"dominant_species":null}},{"type":"Feature","geometry":{"type":"Polygon","coordinates":[[[77.5928,12.9697],[77.59509999999999,12.9697],[77.59509999999999,12.972000000000001],[77.5928,12.972000000000001],[77.5928,12.9697]]]},"properties":{"tree_count":5,"dominant_species":null}},{"type":"Feature","geometry":{"type":"Polygon","coordinates":[[[77.59740000000001,12.9674],[77.5997,12.9674],[77.5997,12.969700000000001],[77.59740000000001,12.969700000000001],[77.59740000000001,12.9674]]]},"properties":{"tree_count":1,"dominant_species":null}},{"type":"Feature","geometry":{"type":"Polygon","coordinates":[[[77.6342,12.9651],[77.6365,12.9651],[77.6365,12.967400000000001],[77.6342,12.967400000000001],[77.6342,12.9651]]]},"properties":{"tree_count":4,"dominant_species":null}},{"type":"Feature","geometry":{"type":"Polygon","coordinates":[[[77.5813,12.9789],[77.58359999999999,12.9789],[77.58359999999999,12.981200000000001],[77.5813,12.981200000000001],[77.5813,12.9789]]]},"properties":{"tree_count":3,"dominant_species":null}},{"type":"Feature","geometry":{"type":"Polygon","coordinates":[[[77.5813,12.9766],[77.58359999999999,12.9766],[77.58359999999999,12.978900000000001],[77.5813,12.978900000000001],[77.5813,12.9766]]]},"properties":{"tree_count":1,"dominant_species":null}},{"type":"Feature","geometry":{"type":"Polygon","coordinates":[[[77.57900000000001,12.9766],[77.5813,12.9766],[77.5813,12.978900000000001],[77.57900000000001,12.978900000000001],[77.57900000000001,12.9766]]]},"properties":{"tree_count":1,"dominant_species":null}},{"type":"Feature","geometry":{"type":"Polygon","coordinates":[[[77.5836,12.9628],[77.5859,12.9628],[77.5859,12.965100000000001],[77.5836,12.965100000000001],[77.5836,12.9628]]]},"properties":{"tree_count":3,"dominant_species":null}},{"type":"Feature","geometry":{"type":"Polygon","coordinates":[[[77.7676,12.995],[77.76989999999999,12.995],[77.76989999999999,12.997300000000001],[77.7676,12.997300000000001],[77.7676,12.995]]]},"properties":{"tree_count":1,"dominant_species":"emblica"}},{"type":"Feature","geometry":{"type":"Polygon","coordinates":[[[77.6434,12.9835],[77.64569999999999,12.9835],[77.64569999999999,12.985800000000001],[77.6434,12.985800000000001],[77.6434,12.9835]]]},"properties":{"tree_count":1,"dominant_species":null}},{"type":"Feature","geometry":{"type":"Polygon","coordinates":[[[77.5882,12.9835],[77.59049999999999,12.9835],[77.59049999999999,12.985800000000001],[77.5882,12.985800000000001],[77.5882,12.9835]]]},"properties":{"tree_count":1,"dominant_species":null}},{"type":"Feature","geometry":{"type":"Polygon","coordinates":[[[77.57900000000001,13.024899999999999],[77.5813,13.024899999999999],[77.5813,13.0272],[77.57900000000001,13.0272],[77.57900000000001,13.024899999999999]]]},"properties":{"tree_count":2,"dominant_species":null}},{"type":"Feature","geometry":{"type":"Polygon","coordinates":[[[77.5537,13.133],[77.556,13.133],[77.556,13.1353],[77.5537,13.1353],[77.5537,13.133]]]},"properties":{"tree_count":1,"dominant_species":null}},{"type":"Feature","geometry":{"type":"Polygon","coordinates":[[[77.75150000000001,12.923699999999998],[77.7538,12.923699999999998],[77.7538,12.926],[77.75150000000001,12.926],[77.75150000000001,12.923699999999998]]]},"properties":{"tree_count":1,"dominant_species":null}},{"type":"Feature","geometry":{"type":"Polygon","coordinates":[[[77.5951,13.1008],[77.5974,13.1008],[77.5974,13.103100000000001],[77.5951,13.103100000000001],[77.5951,13.1008]]]},"properties":{"tree_count":1,"dominant_species":null}},{"type":"Feature","geometry":{"type":"Polygon","coordinates":[[[77.59740000000001,13.1031],[77.5997,13.1031],[77.5997,13.105400000000001],[77.59740000000001,13.105400000000001],[77.59740000000001,13.1031]]]},"properties":{"tree_count":2,"dominant_species":null}},{"type":"Feature","geometry":{"type":"Polygon","coordinates":[[[77.75150000000001,12.939799999999998],[77.7538,12.939799999999998],[77.7538,12.9421],[77.75150000000001,12.9421],[77.75150000000001,12.939799999999998]]]},"properties":{"tree_count":24,"dominant_species":null}},{"type":"Feature","geometry":{"type":"Polygon","coordinates":[[[77.648,12.972],[77.65029999999999,12.972],[77.65029999999999,12.974300000000001],[77.648,12.974300000000001],[77.648,12.972]]]},"properties":{"tree_count":18,"dominant_species":null}},{"type":"Feature","geometry":{"type":"Polygon","coordinates":[[[77.6503,12.9697],[77.65259999999999,12.9697],[77.65259999999999,12.972000000000001],[77.6503,12.972000000000001],[77.6503,12.9697]]]},"properties":{"tree_count":19,"dominant_species":null}},{"type":"Feature","geometry":{"type":"Polygon","coordinates":[[[77.648,12.9697],[77.65029999999999,12.9697],[77.65029999999999,12.972000000000001],[77.648,12.972000000000001],[77.648,12.9697]]]},"properties":{"tree_count":36,"dominant_species":null}},{"type":"Feature","geometry":{"type":"Polygon","coordinates":[[[77.6503,12.972],[77.65259999999999,12.972],[77.65259999999999,12.974300000000001],[77.6503,12.974300000000001],[77.6503,12.972]]]},"properties":{"tree_count":22,"dominant_species":null}},{"type":"Feature","geometry":{"type":"Polygon","coordinates":[[[77.6825,13.139899999999999],[77.6848,13.139899999999999],[77.6848,13.1422],[77.6825,13.1422],[77.6825,13.139899999999999]]]},"properties":{"tree_count":2,"dominant_species":null}},{"type":"Feature","geometry":{"type":"Polygon","coordinates":[[[77.6825,13.142199999999999],[77.6848,13.142199999999999],[77.6848,13.1445],[77.6825,13.1445],[77.6825,13.142199999999999]]]},"properties":{"tree_count":1,"dominant_species":null}},{"type":"Feature","geometry":{"type":"Polygon","coordinates":[[[77.6503,12.9674],[77.65259999999999,12.9674],[77.65259999999999,12.969700000000001],[77.6503,12.969700000000001],[77.6503,12.9674]]]},"properties":{"tree_count":1,"dominant_species":null}},{"type":"Feature","geometry":{"type":"Polygon","coordinates":[[[77.5698,13.004199999999999],[77.57209999999999,13.004199999999999],[77.57209999999999,13.0065],[77.5698,13.0065],[77.5698,13.004199999999999]]]},"properties":{"tree_count":17,"dominant_species":null}},{"type":"Feature","geometry":{"type":"Polygon","coordinates":[[[77.5813,13.008799999999999],[77.58359999999999,13.008799999999999],[77.58359999999999,13.0111],[77.5813,13.0111],[77.5813,13.008799999999999]]]},"properties":{"tree_count":1,"dominant_species":null}},{"type":"Feature","geometry":{"type":"Polygon","coordinates":[[[77.61580000000001,12.935199999999998],[77.6181,12.935199999999998],[77.6181,12.9375],[77.61580000000001,12.9375],[77.61580000000001,12.935199999999998]]]},"properties":{"tree_count":3,"dominant_species":null}},{"type":"Feature","geometry":{"type":"Polygon","coordinates":[[[77.5698,13.0985],[77.57209999999999,13.0985],[77.57209999999999,13.100800000000001],[77.5698,13.100800000000001],[77.5698,13.0985]]]},"properties":{"tree_count":3,"dominant_species":null}},{"type":"Feature","geometry":{"type":"Polygon","coordinates":[[[77.5836,12.9835],[77.5859,12.9835],[77.5859,12.985800000000001],[77.5836,12.985800000000001],[77.5836,12.9835]]]},"properties":{"tree_count":3,"dominant_species":"S. saman"}},{"type":"Feature","geometry":{"type":"Polygon","coordinates":[[[77.5813,12.9835],[77.58359999999999,12.9835],[77.58359999999999,12.985800000000001],[77.5813,12.985800000000001],[77.5813,12.9835]]]},"properties":{"tree_count":1,"dominant_species":null}},{"type":"Feature","geometry":{"type":"Polygon","coordinates":[[[77.5353,12.972],[77.5376,12.972],[77.5376,12.974300000000001],[77.5353,12.974300000000001],[77.5353,12.972]]]},"properties":{"tree_count":9,"dominant_species":null}},{"type":"Feature","geometry":{"type":"Polygon","coordinates":[[[77.5376,12.9743],[77.53989999999999,12.9743],[77.53989999999999,12.976600000000001],[77.5376,12.976600000000001],[77.5376,12.9743]]]},"properties":{"tree_count":2,"dominant_species":null}},{"type":"Feature","geometry":{"type":"Polygon","coordinates":[[[77.5353,12.9743],[77.5376,12.9743],[77.5376,12.976600000000001],[77.5353,12.976600000000001],[77.5353,12.9743]]]},"properties":{"tree_count":5,"dominant_species":null}},{"type":"Feature","geometry":{"type":"Polygon","coordinates":[[[77.5353,12.9835],[77.5376,12.9835],[77.5376,12.985800000000001],[77.5353,12.985800000000001],[77.5353,12.9835]]]},"properties":{"tree_count":3,"dominant_species":null}},{"type":"Feature","geometry":{"type":"Polygon","coordinates":[[[77.533,12.9743],[77.53529999999999,12.9743],[77.53529999999999,12.976600000000001],[77.533,12.976600000000001],[77.533,12.9743]]]},"properties":{"tree_count":1,"dominant_species":null}},{"type":"Feature","geometry":{"type":"Polygon","coordinates":[[[77.5721,13.013399999999999],[77.5744,13.013399999999999],[77.5744,13.0157],[77.5721,13.0157],[77.5721,13.013399999999999]]]},"properties":{"tree_count":1,"dominant_species":null}},{"type":"Feature","geometry":{"type":"Polygon","coordinates":[[[77.5997,12.9651],[77.60199999999999,12.9651],[77.60199999999999,12.967400000000001],[77.5997,12.967400000000001],[77.5997,12.9651]]]},"properties":{"tree_count":1,"dominant_species":null}},{"type":"Feature","geometry":{"type":"Polygon","coordinates":[[[77.5813,12.925999999999998],[77.58359999999999,12.925999999999998],[77.58359999999999,12.9283],[77.5813,12.9283],[77.5813,12.925999999999998]]]},"properties":{"tree_count":1,"dominant_species":null}},{"type":"Feature","geometry":{"type":"Polygon","coordinates":[[[77.5836,12.923699999999998],[77.5859,12.923699999999998],[77.5859,12.926],[77.5836,12.926],[77.5836,12.923699999999998]]]},"properties":{"tree_count":10,"dominant_species":null}},{"type":"Feature","geometry":{"type":"Polygon","coordinates":[[[77.60430000000001,12.9812],[77.6066,12.9812],[77.6066,12.983500000000001],[77.60430000000001,12.983500000000001],[77.60430000000001,12.9812]]]},"properties":{"tree_count":6,"dominant_species":null}},{"type":"Feature","geometry":{"type":"Polygon","coordinates":[[[77.5376,13.027199999999999],[77.53989999999999,13.027199999999999],[77.53989999999999,13.0295],[77.5376,13.0295],[77.5376,13.027199999999999]]]},"properties":{"tree_count":1,"dominant_species":null}},{"type":"Feature","geometry":{"type":"Polygon","coordinates":[[[77.5353,13.029499999999999],[77.5376,13.029499999999999],[77.5376,13.0318],[77.5353,13.0318],[77.5353,13.029499999999999]]]},"properties":{"tree_count":1,"dominant_species":null}},{"type":"Feature","geometry":{"type":"Polygon","coordinates":[[[77.5928,12.972],[77.59509999999999,12.972],[77.59509999999999,12.974300000000001],[77.5928,12.974300000000001],[77.5928,12.972]]]},"properties":{"tree_count":1,"dominant_species":null}},{"type":"Feature","geometry":{"type":"Polygon","coordinates":[[[77.6135,12.9697],[77.6158,12.9697],[77.6158,12.972000000000001],[77.6135,12.972000000000001],[77.6135,12.9697]]]},"properties":{"tree_count":1,"dominant_species":null}},{"type":"Feature","geometry":{"type":"Polygon","coordinates":[[[77.6089,12.9927],[77.6112,12.9927],[77.6112,12.995000000000001],[77.6089,12.995000000000001],[77.6089,12.9927]]]},"properties":{"tree_count":7,"dominant_species":null}},{"type":"Feature","geometry":{"type":"Polygon","coordinates":[[[77.6066,12.9927],[77.60889999999999,12.9927],[77.60889999999999,12.995000000000001],[77.6066,12.995000000000001],[77.6066,12.9927]]]},"properties":{"tree_count":1,"dominant_species":null}},{"type":"Feature","geometry":{"type":"Polygon","coordinates":[[[77.6112,12.9927],[77.61349999999999,12.9927],[77.61349999999999,12.995000000000001],[77.6112,12.995000000000001],[77.6112,12.9927]]]},"properties":{"tree_count":1,"dominant_species":null}},{"type":"Feature","geometry":{"type":"Polygon","coordinates":[[[77.7469,12.935199999999998],[77.74919999999999,12.935199999999998],[77.74919999999999,12.9375],[77.7469,12.9375],[77.7469,12.935199999999998]]]},"properties":{"tree_count":2,"dominant_species":null}},{"type":"Feature","geometry":{"type":"Polygon","coordinates":[[[77.6687,12.995],[77.67099999999999,12.995],[77.67099999999999,12.997300000000001],[77.6687,12.997300000000001],[77.6687,12.995]]]},"properties":{"tree_count":1,"dominant_species":null}},{"type":"Feature","geometry":{"type":"Polygon","coordinates":[[[77.7446,12.939799999999998],[77.7469,12.939799999999998],[77.7469,12.9421],[77.7446,12.9421],[77.7446,12.939799999999998]]]},"properties":{"tree_count":1,"dominant_species":null}},{"type":"Feature","geometry":{"type":"Polygon","coordinates":[[[77.7469,12.939799999999998],[77.74919999999999,12.939799999999998],[77.74919999999999,12.9421],[77.7469,12.9421],[77.7469,12.939799999999998]]]},"properties":{"tree_count":1,"dominant_species":null}},{"type":"Feature","geometry":{"type":"Polygon","coordinates":[[[77.7446,12.942099999999998],[77.7469,12.942099999999998],[77.7469,12.9444],[77.7446,12.9444],[77.7446,12.942099999999998]]]},"properties":{"tree_count":1,"dominant_species":null}},{"type":"Feature","geometry":{"type":"Polygon","coordinates":[[[77.602,12.9743],[77.6043,12.9743],[77.6043,12.976600000000001],[77.602,12.976600000000001],[77.602,12.9743]]]},"properties":{"tree_count":15,"dominant_species":null}},{"type":"Feature","geometry":{"type":"Polygon","coordinates":[[[77.5123,12.9651],[77.51459999999999,12.9651],[77.51459999999999,12.967400000000001],[77.5123,12.967400000000001],[77.5123,12.9651]]]},"properties":{"tree_count":2,"dominant_species":null}},{"type":"Feature","geometry":{"type":"Polygon","coordinates":[[[77.6273,13.020299999999999],[77.6296,13.020299999999999],[77.6296,13.0226],[77.6273,13.0226],[77.6273,13.020299999999999]]]},"properties":{"tree_count":7,"dominant_species":null}},{"type":"Feature","geometry":{"type":"Polygon","coordinates":[[[77.625,13.020299999999999],[77.62729999999999,13.020299999999999],[77.62729999999999,13.0226],[77.625,13.0226],[77.625,13.020299999999999]]]},"properties":{"tree_count":1,"dominant_species":null}},{"type":"Feature","geometry":{"type":"Polygon","coordinates":[[[77.6273,13.022599999999999],[77.6296,13.022599999999999],[77.6296,13.0249],[77.6273,13.0249],[77.6273,13.022599999999999]]]},"properties":{"tree_count":22,"dominant_species":null}},{"type":"Feature","geometry":{"type":"Polygon","coordinates":[[[77.5698,13.1008],[77.57209999999999,13.1008],[77.57209999999999,13.103100000000001],[77.5698,13.103100000000001],[77.5698,13.1008]]]},"properties":{"tree_count":5,"dominant_species":null}},{"type":"Feature","geometry":{"type":"Polygon","coordinates":[[[77.5928,12.9743],[77.59509999999999,12.9743],[77.59509999999999,12.976600000000001],[77.5928,12.976600000000001],[77.5928,12.9743]]]},"properties":{"tree_count":5,"dominant_species":null}},{"type":"Feature","geometry":{"type":"Polygon","coordinates":[[[77.5905,12.9743],[77.5928,12.9743],[77.5928,12.976600000000001],[77.5905,12.976600000000001],[77.5905,12.9743]]]},"properties":{"tree_count":1,"dominant_species":null}},{"type":"Feature","geometry":{"type":"Polygon","coordinates":[[[77.5882,12.9858],[77.59049999999999,12.9858],[77.59049999999999,12.988100000000001],[77.5882,12.988100000000001],[77.5882,12.9858]]]},"properties":{"tree_count":1,"dominant_species":null}},{"type":"Feature","geometry":{"type":"Polygon","coordinates":[[[77.72160000000001,12.9582],[77.7239,12.9582],[77.7239,12.960500000000001],[77.72160000000001,12.960500000000001],[77.72160000000001,12.9582]]]},"properties":{"tree_count":30,"dominant_species":"rosea"}},{"type":"Feature","geometry":{"type":"Polygon","coordinates":[[[77.5882,12.972],[77.59049999999999,12.972],[77.59049999999999,12.974300000000001],[77.5882,12.974300000000001],[77.5882,12.972]]]},"properties":{"tree_count":1,"dominant_species":null}},{"type":"Feature","geometry":{"type":"Polygon","coordinates":[[[77.7492,12.935199999999998],[77.7515,12.935199999999998],[77.7515,12.9375],[77.7492,12.9375],[77.7492,12.935199999999998]]]},"properties":{"tree_count":5,"dominant_species":null}},{"type":"Feature","geometry":{"type":"Polygon","coordinates":[[[77.6089,12.9812],[77.6112,12.9812],[77.6112,12.983500000000001],[77.6089,12.983500000000001],[77.6089,12.9812]]]},"properties":{"tree_count":4,"dominant_species":null}},{"type":"Feature","geometry":{"type":"Polygon","coordinates":[[[77.6089,12.9835],[77.6112,12.9835],[77.6112,12.985800000000001],[77.6089,12.985800000000001],[77.6089,12.9835]]]},"properties":{"tree_count":2,"dominant_species":null}},{"type":"Feature","geometry":{"type":"Polygon","coordinates":[[[77.6112,12.9812],[77.61349999999999,12.9812],[77.61349999999999,12.983500000000001],[77.6112,12.983500000000001],[77.6112,12.9812]]]},"properties":{"tree_count":2,"dominant_species":null}},{"type":"Feature","geometry":{"type":"Polygon","coordinates":[[[77.5537,13.066299999999998],[77.556,13.066299999999998],[77.556,13.0686],[77.5537,13.0686],[77.5537,13.066299999999998]]]},"properties":{"tree_count":5,"dominant_species":null}},{"type":"Feature","geometry":{"type":"Polygon","coordinates":[[[77.556,13.068599999999998],[77.55829999999999,13.068599999999998],[77.55829999999999,13.0709],[77.556,13.0709],[77.556,13.068599999999998]]]},"properties":{"tree_count":2,"dominant_species":null}},{"type":"Feature","geometry":{"type":"Polygon","coordinates":[[[77.5951,12.9628],[77.5974,12.9628],[77.5974,12.965100000000001],[77.5951,12.965100000000001],[77.5951,12.9628]]]},"properties":{"tree_count":2,"dominant_species":null}},{"type":"Feature","geometry":{"type":"Polygon","coordinates":[[[77.556,13.070899999999998],[77.55829999999999,13.070899999999998],[77.55829999999999,13.0732],[77.556,13.0732],[77.556,13.070899999999998]]]},"properties":{"tree_count":1,"dominant_species":null}},{"type":"Feature","geometry":{"type":"Polygon","coordinates":[[[77.556,13.073199999999998],[77.55829999999999,13.073199999999998],[77.55829999999999,13.0755],[77.556,13.0755],[77.556,13.073199999999998]]]},"properties":{"tree_count":1,"dominant_species":null}},{"type":"Feature","geometry":{"type":"Polygon","coordinates":[[[77.5537,13.0847],[77.556,13.0847],[77.556,13.087000000000002],[77.5537,13.087000000000002],[77.5537,13.0847]]]},"properties":{"tree_count":1,"dominant_species":null}},{"type":"Feature","geometry":{"type":"Polygon","coordinates":[[[77.5629,13.008799999999999],[77.56519999999999,13.008799999999999],[77.56519999999999,13.0111],[77.5629,13.0111],[77.5629,13.008799999999999]]]},"properties":{"tree_count":3,"dominant_species":null}},{"type":"Feature","geometry":{"type":"Polygon","coordinates":[[[77.4962,13.027199999999999],[77.49849999999999,13.027199999999999],[77.49849999999999,13.0295],[77.4962,13.0295],[77.4962,13.027199999999999]]]},"properties":{"tree_count":2,"dominant_species":null}},{"type":"Feature","geometry":{"type":"Polygon","coordinates":[[[77.6503,13.054799999999998],[77.65259999999999,13.054799999999998],[77.65259999999999,13.0571],[77.6503,13.0571],[77.6503,13.054799999999998]]]},"properties":{"tree_count":1,"dominant_species":null}},{"type":"Feature","geometry":{"type":"Polygon","coordinates":[[[77.5905,12.909899999999999],[77.5928,12.909899999999999],[77.5928,12.9122],[77.5905,12.9122],[77.5905,12.909899999999999]]]},"properties":{"tree_count":3,"dominant_species":null}},{"type":"Feature","geometry":{"type":"Polygon","coordinates":[[[77.6342,13.024899999999999],[77.6365,13.024899999999999],[77.6365,13.0272],[77.6342,13.0272],[77.6342,13.024899999999999]]]},"properties":{"tree_count":41,"dominant_species":null}},{"type":"Feature","geometry":{"type":"Polygon","coordinates":[[[77.6319,13.024899999999999],[77.63419999999999,13.024899999999999],[77.63419999999999,13.0272],[77.6319,13.0272],[77.6319,13.024899999999999]]]},"properties":{"tree_count":13,"dominant_species":null}},{"type":"Feature","geometry":{"type":"Polygon","coordinates":[[[77.6135,12.928299999999998],[77.6158,12.928299999999998],[77.6158,12.9306],[77.6135,12.9306],[77.6135,12.928299999999998]]]},"properties":{"tree_count":4,"dominant_species":null}},{"type":"Feature","geometry":{"type":"Polygon","coordinates":[[[77.6112,12.930599999999998],[77.61349999999999,12.930599999999998],[77.61349999999999,12.9329],[77.6112,12.9329],[77.6112,12.930599999999998]]]},"properties":{"tree_count":2,"dominant_species":null}},{"type":"Feature","geometry":{"type":"Polygon","coordinates":[[[77.7423,12.942099999999998],[77.74459999999999,12.942099999999998],[77.74459999999999,12.9444],[77.7423,12.9444],[77.7423,12.942099999999998]]]},"properties":{"tree_count":1,"dominant_species":null}},{"type":"Feature","geometry":{"type":"Polygon","coordinates":[[[77.75150000000001,12.9835],[77.7538,12.9835],[77.7538,12.985800000000001],[77.75150000000001,12.985800000000001],[77.75150000000001,12.9835]]]},"properties":{"tree_count":1,"dominant_species":null}},{"type":"Feature","geometry":{"type":"Polygon","coordinates":[[[77.7239,12.9582],[77.72619999999999,12.9582],[77.72619999999999,12.960500000000001],[77.7239,12.960500000000001],[77.7239,12.9582]]]},"properties":{"tree_count":1,"dominant_species":null}},{"type":"Feature","geometry":{"type":"Polygon","coordinates":[[[77.5652,12.9996],[77.5675,12.9996],[77.5675,13.001900000000001],[77.5652,13.001900000000001],[77.5652,12.9996]]]},"properties":{"tree_count":2,"dominant_species":null}},{"type":"Feature","geometry":{"type":"Polygon","coordinates":[[[77.7446,12.937499999999998],[77.7469,12.937499999999998],[77.7469,12.9398],[77.7446,12.9398],[77.7446,12.937499999999998]]]},"properties":{"tree_count":1,"dominant_species":null}},{"type":"Feature","geometry":{"type":"Polygon","coordinates":[[[77.7446,12.946699999999998],[77.7469,12.946699999999998],[77.7469,12.949],[77.7446,12.949],[77.7446,12.946699999999998]]]},"properties":{"tree_count":1,"dominant_species":null}},{"type":"Feature","geometry":{"type":"Polygon","coordinates":[[[77.7607,12.935199999999998],[77.76299999999999,12.935199999999998],[77.76299999999999,12.9375],[77.7607,12.9375],[77.7607,12.935199999999998]]]},"properties":{"tree_count":3,"dominant_species":null}},{"type":"Feature","geometry":{"type":"Polygon","coordinates":[[[77.4663,13.133],[77.4686,13.133],[77.4686,13.1353],[77.4663,13.1353],[77.4663,13.133]]]},"properties":{"tree_count":1,"dominant_species":null}},{"type":"Feature","geometry":{"type":"Polygon","coordinates":[[[77.46860000000001,13.133],[77.4709,13.133],[77.4709,13.1353],[77.46860000000001,13.1353],[77.46860000000001,13.133]]]},"properties":{"tree_count":1,"dominant_species":null}},{"type":"Feature","geometry":{"type":"Polygon","coordinates":[[[77.7469,12.9582],[77.74919999999999,12.9582],[77.74919999999999,12.960500000000001],[77.7469,12.960500000000001],[77.7469,12.9582]]]},"properties":{"tree_count":1,"dominant_species":null}},{"type":"Feature","geometry":{"type":"Polygon","coordinates":[[[77.6089,12.919099999999998],[77.6112,12.919099999999998],[77.6112,12.9214],[77.6089,12.9214],[77.6089,12.919099999999998]]]},"properties":{"tree_count":9,"dominant_species":null}},{"type":"Feature","geometry":{"type":"Polygon","coordinates":[[[77.6112,12.919099999999998],[77.61349999999999,12.919099999999998],[77.61349999999999,12.9214],[77.6112,12.9214],[77.6112,12.919099999999998]]]},"properties":{"tree_count":8,"dominant_species":null}},{"type":"Feature","geometry":{"type":"Polygon","coordinates":[[[77.694,12.905299999999999],[77.6963,12.905299999999999],[77.6963,12.9076],[77.694,12.9076],[77.694,12.905299999999999]]]},"properties":{"tree_count":1,"dominant_species":null}},{"type":"Feature","geometry":{"type":"Polygon","coordinates":[[[77.5008,12.921399999999998],[77.50309999999999,12.921399999999998],[77.50309999999999,12.9237],[77.5008,12.9237],[77.5008,12.921399999999998]]]},"properties":{"tree_count":2,"dominant_species":null}},{"type":"Feature","geometry":{"type":"Polygon","coordinates":[[[77.5008,12.923699999999998],[77.50309999999999,12.923699999999998],[77.50309999999999,12.926],[77.5008,12.926],[77.5008,12.923699999999998]]]},"properties":{"tree_count":1,"dominant_species":null}},{"type":"Feature","geometry":{"type":"Polygon","coordinates":[[[77.5905,12.914499999999999],[77.5928,12.914499999999999],[77.5928,12.9168],[77.5905,12.9168],[77.5905,12.914499999999999]]]},"properties":{"tree_count":4,"dominant_species":null}},{"type":"Feature","geometry":{"type":"Polygon","coordinates":[[[77.5905,12.912199999999999],[77.5928,12.912199999999999],[77.5928,12.9145],[77.5905,12.9145],[77.5905,12.912199999999999]]]},"properties":{"tree_count":28,"dominant_species":null}},{"type":"Feature","geometry":{"type":"Polygon","coordinates":[[[77.4985,12.923699999999998],[77.5008,12.923699999999998],[77.5008,12.926],[77.4985,12.926],[77.4985,12.923699999999998]]]},"properties":{"tree_count":1,"dominant_species":null}},{"type":"Feature","geometry":{"type":"Polygon","coordinates":[[[77.717,12.9559],[77.71929999999999,12.9559],[77.71929999999999,12.958200000000001],[77.717,12.958200000000001],[77.717,12.9559]]]},"properties":{"tree_count":94,"dominant_species":"Cocos nucifera"}},{"type":"Feature","geometry":{"type":"Polygon","coordinates":[[[77.5169,12.925999999999998],[77.5192,12.925999999999998],[77.5192,12.9283],[77.5169,12.9283],[77.5169,12.925999999999998]]]},"properties":{"tree_count":33,"dominant_species":null}},{"type":"Feature","geometry":{"type":"Polygon","coordinates":[[[77.5146,12.925999999999998],[77.51689999999999,12.925999999999998],[77.51689999999999,12.9283],[77.5146,12.9283],[77.5146,12.925999999999998]]]},"properties":{"tree_count":22,"dominant_species":null}},{"type":"Feature","geometry":{"type":"Polygon","coordinates":[[[77.5146,12.928299999999998],[77.51689999999999,12.928299999999998],[77.51689999999999,12.9306],[77.5146,12.9306],[77.5146,12.928299999999998]]]},"properties":{"tree_count":21,"dominant_species":null}},{"type":"Feature","geometry":{"type":"Polygon","coordinates":[[[77.5169,12.928299999999998],[77.5192,12.928299999999998],[77.5192,12.9306],[77.5169,12.9306],[77.5169,12.928299999999998]]]},"properties":{"tree_count":13,"dominant_species":null}},{"type":"Feature","geometry":{"type":"Polygon","coordinates":[[[77.6181,12.9697],[77.62039999999999,12.9697],[77.62039999999999,12.972000000000001],[77.6181,12.972000000000001],[77.6181,12.9697]]]},"properties":{"tree_count":9,"dominant_species":null}},{"type":"Feature","geometry":{"type":"Polygon","coordinates":[[[77.65950000000001,12.9582],[77.6618,12.9582],[77.6618,12.960500000000001],[77.65950000000001,12.960500000000001],[77.65950000000001,12.9582]]]},"properties":{"tree_count":3,"dominant_species":null}},{"type":"Feature","geometry":{"type":"Polygon","coordinates":[[[77.59740000000001,12.951299999999998],[77.5997,12.951299999999998],[77.5997,12.9536],[77.59740000000001,12.9536],[77.59740000000001,12.951299999999998]]]},"properties":{"tree_count":1,"dominant_species":null}},{"type":"Feature","geometry":{"type":"Polygon","coordinates":[[[77.7193,12.9904],[77.7216,12.9904],[77.7216,12.992700000000001],[77.7193,12.992700000000001],[77.7193,12.9904]]]},"properties":{"tree_count":1,"dominant_species":null}},{"type":"Feature","geometry":{"type":"Polygon","coordinates":[[[77.72160000000001,12.9904],[77.7239,12.9904],[77.7239,12.992700000000001],[77.72160000000001,12.992700000000001],[77.72160000000001,12.9904]]]},"properties":{"tree_count":5,"dominant_species":null}},{"type":"Feature","geometry":{"type":"Polygon","coordinates":[[[77.7055,13.008799999999999],[77.70779999999999,13.008799999999999],[77.70779999999999,13.0111],[77.7055,13.0111],[77.7055,13.008799999999999]]]},"properties":{"tree_count":1,"dominant_species":null}},{"type":"Feature","geometry":{"type":"Polygon","coordinates":[[[77.58590000000001,13.022599999999999],[77.5882,13.022599999999999],[77.5882,13.0249],[77.58590000000001,13.0249],[77.58590000000001,13.022599999999999]]]},"properties":{"tree_count":3,"dominant_species":null}},{"type":"Feature","geometry":{"type":"Polygon","coordinates":[[[77.64110000000001,13.080099999999998],[77.6434,13.080099999999998],[77.6434,13.0824],[77.64110000000001,13.0824],[77.64110000000001,13.080099999999998]]]},"properties":{"tree_count":52,"dominant_species":null}},{"type":"Feature","geometry":{"type":"Polygon","coordinates":[[[77.6388,13.082399999999998],[77.6411,13.082399999999998],[77.6411,13.0847],[77.6388,13.0847],[77.6388,13.082399999999998]]]},"properties":{"tree_count":19,"dominant_species":null}},{"type":"Feature","geometry":{"type":"Polygon","coordinates":[[[77.64110000000001,13.082399999999998],[77.6434,13.082399999999998],[77.6434,13.0847],[77.64110000000001,13.0847],[77.64110000000001,13.082399999999998]]]},"properties":{"tree_count":4,"dominant_species":null}},{"type":"Feature","geometry":{"type":"Polygon","coordinates":[[[77.6434,13.080099999999998],[77.64569999999999,13.080099999999998],[77.64569999999999,13.0824],[77.6434,13.0824],[77.6434,13.080099999999998]]]},"properties":{"tree_count":2,"dominant_species":null}}]}